{"type":"FeatureCollection","fonte":"Città Metropolitana di Firenze, grafo stradale (CC-BY)","features":[{"type":"Feature","properties":{"s":"A1","t":"autostrada","n":"AUTOSTRADA MILANO - NAPOLI (A1)"},"geometry":{"type":"MultiLineString","coordinates":[[[11.2241,44.12828],[11.22434,44.12781],[11.22556,44.12586],[11.22655,44.12441],[11.22731,44.12348],[11.22979,44.12078],[11.23059,44.11965],[11.23104,44.11871],[11.23127,44.118],[11.23136,44.11756],[11.23143,44.11666],[11.23139,44.11626]],[[11.22422,44.12828],[11.2258,44.12574],[11.22669,44.12444],[11.22745,44.12351],[11.2298,44.12096],[11.2304,44.12018],[11.23081,44.11953],[11.23117,44.11876],[11.23139,44.11807],[11.23153,44.11736]],[[11.23153,44.11736],[11.23158,44.1162],[11.23139,44.11504],[11.23101,44.11401],[11.23046,44.11301],[11.22979,44.11215],[11.22462,44.10653],[11.22386,44.10595],[11.22164,44.10463],[11.2212,44.1043],[11.22083,44.10393],[11.2206,44.1036],[11.22044,44.10326],[11.22034,44.1029],[11.2203,44.10253],[11.22035,44.10189],[11.22065,44.10124]],[[11.21028,44.15044],[11.2103,44.15099],[11.2102,44.15151],[11.20999,44.15203],[11.20965,44.1526],[11.20923,44.15301],[11.20873,44.15341],[11.20614,44.15525],[11.20572,44.1557],[11.20551,44.15613]],[[11.21622,43.98212],[11.21616,43.98249]],[[11.21616,43.98249],[11.21653,43.98229]],[[11.21298,43.98335],[11.21225,43.98354],[11.21192,43.98368],[11.21174,43.98382],[11.21159,43.98402],[11.21149,43.98446],[11.21133,43.98558]],[[11.21616,43.98249],[11.21594,43.98278],[11.2154,43.98315],[11.21448,43.98325]],[[11.20977,43.98459],[11.21003,43.9847],[11.21034,43.98475],[11.21052,43.98473],[11.21076,43.98462],[11.21088,43.98442],[11.211,43.984]],[[11.21298,43.98335],[11.21021,43.98381],[11.20991,43.98391],[11.20973,43.98405],[11.20962,43.98427],[11.20965,43.98444],[11.20977,43.98459]],[[11.21137,43.98146],[11.21147,43.98228],[11.21173,43.9828],[11.21212,43.98315],[11.21235,43.98325],[11.21298,43.98335]],[[11.21137,43.98146],[11.2113,43.98386],[11.21133,43.98558]],[[11.21448,43.98325],[11.21298,43.98335]],[[11.20982,43.95526],[11.20931,43.95605],[11.20914,43.9564],[11.20893,43.9571],[11.20884,43.95775],[11.20884,43.95807],[11.20892,43.95869],[11.20908,43.95925],[11.21035,43.96174],[11.21101,43.96324],[11.21128,43.96419],[11.21157,43.96575],[11.21162,43.96651],[11.21162,43.96811],[11.21142,43.97787],[11.21134,43.97832]],[[11.20982,43.95526],[11.20931,43.95605],[11.20914,43.9564],[11.20893,43.9571],[11.20884,43.95775],[11.20884,43.95807],[11.20892,43.95869],[11.20908,43.95925],[11.21035,43.96174],[11.21101,43.96324],[11.21128,43.96419],[11.21157,43.96575],[11.21162,43.96651],[11.21162,43.96811],[11.21142,43.97787],[11.21134,43.97832]],[[11.20982,43.95526],[11.20931,43.95605],[11.20914,43.9564],[11.20893,43.9571],[11.20884,43.95775],[11.20884,43.95807],[11.20892,43.95869],[11.20908,43.95925],[11.21035,43.96174],[11.21101,43.96324],[11.21128,43.96419],[11.21157,43.96575],[11.21162,43.96651],[11.21162,43.96811],[11.21142,43.97787],[11.21134,43.97832]],[[11.20982,43.95526],[11.20931,43.95605],[11.20914,43.9564],[11.20893,43.9571],[11.20884,43.95775],[11.20884,43.95807],[11.20892,43.95869],[11.20908,43.95925],[11.21035,43.96174],[11.21101,43.96324],[11.21128,43.96419],[11.21157,43.96575],[11.21162,43.96651],[11.21162,43.96811],[11.21142,43.97787],[11.21134,43.97832]],[[11.21134,43.97832],[11.2114,43.97854],[11.21137,43.98146]],[[11.20977,43.98459],[11.21063,43.98535],[11.21094,43.98591]],[[11.21094,43.98591],[11.21115,43.98642],[11.21143,43.98689],[11.21162,43.98712]],[[11.211,43.984],[11.21094,43.98591]],[[11.21094,43.98591],[11.21096,43.98999]],[[11.21823,44.00963],[11.21993,44.01247],[11.22039,44.01367],[11.22096,44.01583],[11.22098,44.01663]],[[11.21162,43.98712],[11.21136,43.98655],[11.21121,43.98594],[11.21113,43.98471],[11.21126,43.97855],[11.21134,43.97832]],[[11.22098,44.01663],[11.22102,44.01884],[11.21991,44.02544],[11.21999,44.02812]],[[11.21999,44.02812],[11.22014,44.02865],[11.22255,44.03367]],[[11.211,43.984],[11.21111,43.97651],[11.21118,43.97532],[11.21115,43.97458],[11.2112,43.974],[11.21113,43.9712],[11.2112,43.97005],[11.2112,43.96584],[11.21085,43.96459],[11.21084,43.96435],[11.21052,43.96354],[11.21022,43.96287],[11.20898,43.96054],[11.20833,43.95895],[11.20811,43.95798],[11.20809,43.95704],[11.2083,43.95569],[11.20868,43.95459],[11.20887,43.95424]],[[11.211,43.984],[11.21111,43.97651],[11.21118,43.97532],[11.21115,43.97458],[11.2112,43.974],[11.21113,43.9712],[11.2112,43.97005],[11.2112,43.96584],[11.21085,43.96459],[11.21084,43.96435],[11.21052,43.96354],[11.21022,43.96287],[11.20898,43.96054],[11.20833,43.95895],[11.20811,43.95798],[11.20809,43.95704],[11.2083,43.95569],[11.20868,43.95459],[11.20887,43.95424]],[[11.211,43.984],[11.21111,43.97651],[11.21118,43.97532],[11.21115,43.97458],[11.2112,43.974],[11.21113,43.9712],[11.2112,43.97005],[11.2112,43.96584],[11.21085,43.96459],[11.21084,43.96435],[11.21052,43.96354],[11.21022,43.96287],[11.20898,43.96054],[11.20833,43.95895],[11.20811,43.95798],[11.20809,43.95704],[11.2083,43.95569],[11.20868,43.95459],[11.20887,43.95424]],[[11.211,43.984],[11.21111,43.97651],[11.21118,43.97532],[11.21115,43.97458],[11.2112,43.974],[11.21113,43.9712],[11.2112,43.97005],[11.2112,43.96584],[11.21085,43.96459],[11.21084,43.96435],[11.21052,43.96354],[11.21022,43.96287],[11.20898,43.96054],[11.20833,43.95895],[11.20811,43.95798],[11.20809,43.95704],[11.2083,43.95569],[11.20868,43.95459],[11.20887,43.95424]],[[11.21096,43.98999],[11.21131,43.99286],[11.21192,43.99568],[11.21231,43.99718],[11.21302,43.99919],[11.21378,44.0012],[11.21471,44.00329],[11.21546,44.00473],[11.21673,44.00737],[11.21823,44.00963]],[[11.23103,44.04325],[11.23122,44.04351],[11.23137,44.04395],[11.23137,44.04444],[11.22999,44.04897],[11.22979,44.04947],[11.22948,44.04993],[11.22889,44.0506],[11.22828,44.05104],[11.2272,44.05156],[11.22637,44.05181],[11.2223,44.05241],[11.2205,44.05322],[11.21985,44.05335],[11.21852,44.05343],[11.21562,44.05406],[11.21345,44.05441],[11.21284,44.05453],[11.2121,44.05477],[11.21138,44.05508],[11.21058,44.0556],[11.20976,44.0563],[11.20952,44.05659],[11.20921,44.05721],[11.20901,44.05814],[11.20887,44.05929],[11.20881,44.0602],[11.20834,44.07059],[11.20838,44.07134],[11.20849,44.07179],[11.20869,44.07217],[11.20897,44.07253],[11.20938,44.07292],[11.20988,44.07325],[11.21055,44.07354],[11.21126,44.07374],[11.21179,44.07382],[11.2126,44.07383],[11.21455,44.07364],[11.21539,44.07364],[11.21624,44.07369],[11.21717,44.07385],[11.21859,44.07428],[11.22173,44.07534],[11.22386,44.07598],[11.22647,44.07688],[11.22764,44.07731],[11.22824,44.07758],[11.22914,44.07826],[11.22966,44.07887],[11.22994,44.07933],[11.23009,44.07989],[11.23013,44.0804],[11.23008,44.08105],[11.22866,44.09065],[11.22871,44.09185],[11.22904,44.09392],[11.22918,44.09508],[11.22914,44.09555],[11.22899,44.09606],[11.22871,44.09664],[11.22844,44.09699],[11.22811,44.09734],[11.22754,44.09784],[11.22682,44.09827],[11.22539,44.09901],[11.22408,44.09943],[11.22266,44.09976],[11.22181,44.10009],[11.22104,44.1006],[11.22053,44.10117]],[[11.22065,44.10124],[11.22106,44.10075],[11.22157,44.10034],[11.22246,44.09993],[11.22378,44.09962],[11.22527,44.09916],[11.22676,44.09844],[11.22762,44.09793],[11.22837,44.09726],[11.22891,44.09657],[11.2292,44.09589],[11.2293,44.09547],[11.2293,44.09484],[11.22887,44.09187],[11.22888,44.09115],[11.23037,44.08126],[11.23046,44.08053],[11.23043,44.07985],[11.23028,44.07937],[11.2299,44.07864],[11.22895,44.07772],[11.22825,44.07729],[11.22469,44.07589],[11.22193,44.07512],[11.21759,44.07369],[11.21678,44.0735],[11.2159,44.07337],[11.21472,44.07338],[11.21289,44.07357],[11.21168,44.07357],[11.21088,44.07339],[11.21016,44.0731],[11.20973,44.07281],[11.20932,44.07246],[11.20886,44.07185],[11.20869,44.07128],[11.2087,44.07064],[11.20916,44.05967],[11.20947,44.05767],[11.2097,44.05688],[11.20995,44.0564],[11.21029,44.056],[11.21116,44.05533],[11.21194,44.05495],[11.21308,44.05458],[11.21597,44.0541],[11.21845,44.05354],[11.22038,44.05337],[11.22099,44.05315],[11.22185,44.05268],[11.22255,44.05244],[11.22628,44.05192],[11.22724,44.05168],[11.22806,44.05131],[11.22894,44.05072],[11.22954,44.05009],[11.22999,44.04936],[11.23085,44.04665],[11.23157,44.04413],[11.23148,44.04352],[11.23132,44.04311]],[[11.22255,44.03367],[11.22334,44.03444],[11.22365,44.03503],[11.22381,44.03575],[11.22373,44.03659],[11.22345,44.03715],[11.22272,44.0382],[11.22251,44.03898],[11.22251,44.0395],[11.22262,44.03982],[11.22293,44.0404],[11.22323,44.04078],[11.22391,44.0413],[11.22474,44.04167],[11.22571,44.04186],[11.22849,44.04199]],[[11.22849,44.04199],[11.22888,44.04201],[11.2295,44.04215],[11.23,44.04234],[11.23074,44.04286],[11.23103,44.04325]],[[11.23132,44.04311],[11.23105,44.04273],[11.23062,44.04234],[11.22998,44.042],[11.2293,44.04182],[11.22853,44.04175]],[[11.22501,44.02881],[11.22562,44.02955],[11.22608,44.03043]],[[11.22853,44.04175],[11.22583,44.04177],[11.22482,44.04156],[11.22407,44.04128],[11.22343,44.04085],[11.22308,44.04037],[11.22274,44.03974],[11.22264,44.03904],[11.22285,44.03827],[11.22382,44.03674],[11.22416,44.0355],[11.22433,44.03436],[11.22517,44.03261],[11.22575,44.03153],[11.22583,44.03096],[11.22578,44.03038],[11.22563,44.0299],[11.22536,44.02942],[11.22493,44.02888]],[[11.22493,44.02888],[11.22405,44.02788],[11.22346,44.0273],[11.22285,44.02679],[11.22242,44.02637],[11.22213,44.02602],[11.2219,44.02554],[11.22174,44.02486],[11.22176,44.02428],[11.22192,44.02373],[11.22424,44.01945],[11.22439,44.01885],[11.22442,44.01823],[11.22428,44.01767],[11.22391,44.01696],[11.21984,44.01078],[11.21959,44.01023],[11.21891,44.00937]],[[11.21901,44.00931],[11.21959,44.00999],[11.21997,44.01073],[11.22405,44.01689],[11.22446,44.01772],[11.22458,44.01852],[11.22455,44.01891],[11.22431,44.01969],[11.22204,44.0238],[11.22192,44.02418],[11.22187,44.02471],[11.22192,44.02517],[11.22212,44.02572],[11.2226,44.02639],[11.22391,44.02752],[11.22501,44.02881]],[[11.21924,44.00364],[11.21948,44.0043],[11.21956,44.00474],[11.21955,44.00525],[11.21945,44.00573],[11.21873,44.00722],[11.21856,44.00783],[11.21863,44.00857],[11.21889,44.00914],[11.21901,44.00931]],[[11.21891,44.00937],[11.21869,44.00909],[11.21855,44.00879],[11.21843,44.00838],[11.21839,44.00789],[11.21852,44.0074],[11.21879,44.00674],[11.21914,44.00609],[11.21941,44.00521],[11.21939,44.00458],[11.21912,44.00373]],[[11.21912,44.00373],[11.21849,44.00232],[11.21838,44.0018],[11.21834,44.00111],[11.21841,44.00051],[11.21867,43.99981],[11.21998,43.99714]],[[11.21998,43.99714],[11.22086,43.99525],[11.22098,43.99458],[11.22094,43.99419],[11.2208,43.99378],[11.22038,43.9931],[11.22004,43.99279],[11.21957,43.99248],[11.21371,43.98932],[11.21307,43.98885],[11.2125,43.9883],[11.21207,43.98781],[11.21162,43.98712]],[[11.21133,43.98558],[11.21142,43.98612],[11.21166,43.98687],[11.21185,43.98729],[11.21225,43.98785],[11.21328,43.98884],[11.21435,43.98953],[11.21947,43.99228],[11.22005,43.99265],[11.22042,43.99296],[11.22074,43.99334],[11.22097,43.9938],[11.22111,43.99426],[11.22113,43.99471],[11.221,43.99528],[11.22011,43.99718]],[[11.22011,43.99718],[11.21914,43.99916],[11.21862,44.00037],[11.21852,44.00074],[11.21848,44.00117],[11.21854,44.00189],[11.21877,44.00263],[11.21924,44.00364]],[[11.21254,43.95258],[11.21014,43.95488],[11.20982,43.95526]],[[11.21254,43.95258],[11.21014,43.95488],[11.20982,43.95526]],[[11.21254,43.95258],[11.21014,43.95488],[11.20982,43.95526]],[[11.21254,43.95258],[11.21014,43.95488],[11.20982,43.95526]],[[11.21028,44.15044],[11.21013,44.14975],[11.20705,44.14158],[11.20699,44.14123],[11.20701,44.14087],[11.20713,44.14044],[11.2073,44.14011],[11.20748,44.13987],[11.20784,44.13952],[11.20848,44.13912],[11.21789,44.13487],[11.2189,44.13435],[11.21993,44.1337],[11.22108,44.13276],[11.22194,44.13184],[11.22238,44.13124],[11.22422,44.12828]],[[11.21007,44.15043],[11.20988,44.14974],[11.20686,44.14169],[11.20681,44.14132],[11.20684,44.14088],[11.20697,44.14045],[11.20725,44.13995],[11.20772,44.13944],[11.20845,44.13897],[11.21787,44.13475],[11.21879,44.13427],[11.21974,44.13368],[11.22084,44.13281],[11.22176,44.13184],[11.22225,44.1312],[11.2241,44.12828]]]}},{"type":"Feature","properties":{"s":"A1 Variante","t":"autostrada","n":"A1 VARIANTE DI VALICO"},"geometry":{"type":"MultiLineString","coordinates":[[[11.22442,44.03672],[11.22588,44.038],[11.22788,44.03929]],[[11.2377,44.07506],[11.2178,44.10557]],[[11.23732,44.075],[11.21737,44.10547]],[[11.24091,44.06992],[11.23934,44.07239]],[[11.23934,44.07239],[11.23885,44.07332],[11.2377,44.07506]],[[11.23894,44.0722],[11.23732,44.075]],[[11.24059,44.06958],[11.23894,44.0722]],[[11.24175,44.0712],[11.24068,44.07128],[11.24,44.07117],[11.23962,44.07081],[11.23957,44.07058],[11.23967,44.07025],[11.24059,44.06958]],[[11.24175,44.0712],[11.23934,44.07239]],[[11.23894,44.0722],[11.23943,44.07113],[11.23946,44.07018],[11.23952,44.06982],[11.23997,44.06946],[11.24049,44.06937],[11.24109,44.06951],[11.24143,44.06979],[11.2417,44.07057],[11.24198,44.07076],[11.24271,44.07097]],[[11.24472,44.07035],[11.24271,44.07097]],[[11.24271,44.07097],[11.24175,44.0712]],[[11.24091,44.06992],[11.24097,44.07045],[11.24121,44.07078],[11.24152,44.07095],[11.24182,44.07101],[11.24217,44.07104],[11.24271,44.07097]],[[11.22255,44.03367],[11.22349,44.03539],[11.22442,44.03672]],[[11.24407,44.06398],[11.24059,44.06958]],[[11.24434,44.06324],[11.24407,44.06398]],[[11.24421,44.06404],[11.24349,44.06526],[11.24219,44.06773],[11.24091,44.06992]],[[11.24443,44.06366],[11.24421,44.06404]],[[11.24468,44.0623],[11.24434,44.06324]],[[11.24487,44.06217],[11.24459,44.06339],[11.24443,44.06366]],[[11.24514,44.06056],[11.24487,44.06217]],[[11.24485,44.06016],[11.24474,44.06212],[11.24468,44.0623]],[[11.24436,44.05765],[11.24483,44.05895],[11.24485,44.06016]],[[11.2446,44.05767],[11.24491,44.05847],[11.2451,44.05963],[11.24514,44.06056]],[[11.24406,44.05678],[11.24436,44.05765]],[[11.24421,44.05668],[11.2446,44.05767]],[[11.24065,44.04969],[11.24208,44.05229],[11.24406,44.05678]],[[11.24087,44.0493],[11.24264,44.05292],[11.24421,44.05668]],[[11.23783,44.04528],[11.23919,44.04705],[11.24065,44.04969]],[[11.23842,44.04537],[11.24087,44.0493]],[[11.22788,44.03929],[11.23458,44.04269]],[[11.23458,44.04269],[11.23533,44.04307],[11.23783,44.04528]],[[11.23508,44.04256],[11.23541,44.04274],[11.2379,44.04478],[11.23842,44.04537]],[[11.22608,44.03043],[11.22631,44.03154],[11.22635,44.03491],[11.22648,44.03564],[11.22707,44.03711],[11.22784,44.03812],[11.22843,44.0387]],[[11.22843,44.0387],[11.22923,44.03934],[11.23078,44.04028],[11.23338,44.0416],[11.23508,44.04256]]]}},{"type":"Feature","properties":{"s":"SP 1","t":"provinciale","n":"S.P. 1 DI MONTEPIANO (N. 1)"},"geometry":{"type":"MultiLineString","coordinates":[[[11.18645,44.06658],[11.18582,44.06689],[11.18555,44.06734],[11.18438,44.06747],[11.18424,44.06759],[11.18417,44.06776],[11.18424,44.06801],[11.18508,44.06802],[11.18556,44.06817],[11.18561,44.06826],[11.18565,44.06871],[11.18582,44.06915],[11.1857,44.06941],[11.18572,44.06955],[11.18639,44.06974],[11.18657,44.06988],[11.18676,44.07012],[11.18681,44.0703],[11.18674,44.07076],[11.18663,44.07093],[11.18641,44.07114],[11.18649,44.07157],[11.18638,44.07193],[11.18624,44.07209],[11.186,44.07218],[11.18538,44.07213],[11.18404,44.07192],[11.18368,44.07192],[11.18327,44.0721],[11.18259,44.07262],[11.18251,44.07277],[11.18295,44.07332],[11.18285,44.07341],[11.18236,44.07346],[11.18204,44.07372],[11.18194,44.07387],[11.18194,44.07396],[11.18202,44.07431],[11.18218,44.07464],[11.18231,44.07479],[11.18355,44.07529],[11.18359,44.07554],[11.18346,44.0756],[11.18284,44.07555],[11.1826,44.07557],[11.18147,44.07612],[11.18122,44.07631],[11.18083,44.07676],[11.1807,44.07701],[11.18071,44.07718],[11.18095,44.07739],[11.18077,44.07783],[11.18065,44.07795],[11.18011,44.07804],[11.17997,44.07827],[11.17967,44.07895],[11.17979,44.07957],[11.17971,44.07993],[11.1789,44.08135],[11.17807,44.08215],[11.17773,44.08241],[11.17668,44.08291],[11.17638,44.08312]]]}},{"type":"Feature","properties":{"s":"SP 102","t":"provinciale","n":"S.P. DELLA CASA AL VENTO (N. 102)"},"geometry":{"type":"MultiLineString","coordinates":[[[11.33856,43.86382],[11.33987,43.86326]],[[11.33856,43.86382],[11.33987,43.86326]],[[11.33856,43.86382],[11.33987,43.86326]],[[11.33856,43.86382],[11.33987,43.86326]],[[11.3012,43.86264],[11.30185,43.86299]],[[11.30185,43.86299],[11.30194,43.86302]],[[11.30084,43.86254],[11.3011,43.86258],[11.3012,43.86264]],[[11.30194,43.86302],[11.30244,43.86321],[11.30255,43.86331],[11.30274,43.86373],[11.30293,43.86443],[11.30304,43.86457],[11.30325,43.86468],[11.30399,43.86487],[11.30513,43.865],[11.30561,43.86543],[11.30601,43.86552],[11.30628,43.86556],[11.3075,43.86555],[11.3081,43.86544],[11.3086,43.86545],[11.30921,43.86559],[11.31002,43.86585],[11.31077,43.86587]],[[11.32641,43.87268],[11.32797,43.87278],[11.32894,43.87297],[11.3295,43.8732],[11.33076,43.87356],[11.33285,43.87303],[11.33309,43.87294],[11.33326,43.87278],[11.3334,43.87252],[11.33344,43.87223],[11.33319,43.87182],[11.33311,43.87145],[11.33298,43.87119],[11.33298,43.87105],[11.33301,43.87098],[11.33311,43.87094],[11.33371,43.8708],[11.33411,43.87048],[11.33404,43.86988],[11.33378,43.86946],[11.33357,43.86924],[11.33348,43.86909],[11.33349,43.86902],[11.33358,43.8689],[11.33388,43.86862],[11.33397,43.86833],[11.33387,43.8676],[11.33374,43.86717],[11.33361,43.8668],[11.33311,43.86581],[11.33315,43.86509],[11.33322,43.86488]],[[11.31077,43.86587],[11.31103,43.86595],[11.31122,43.86607],[11.3115,43.86633],[11.31198,43.86699],[11.31291,43.86782],[11.31334,43.86797],[11.31445,43.86818],[11.31535,43.86851],[11.31568,43.86857]],[[11.31568,43.86857],[11.31623,43.86857]],[[11.31623,43.86857],[11.31704,43.8686],[11.31784,43.86875],[11.31794,43.86882],[11.31802,43.869],[11.31808,43.86936],[11.31814,43.86947]],[[11.31814,43.86947],[11.31849,43.86962],[11.32032,43.87014]],[[11.32032,43.87014],[11.32065,43.87018]],[[11.32065,43.87018],[11.32228,43.87047],[11.32384,43.87106],[11.32587,43.87211],[11.3263,43.87245],[11.32641,43.87268]],[[11.33834,43.86391],[11.33856,43.86382]],[[11.33834,43.86391],[11.33856,43.86382]],[[11.33834,43.86391],[11.33856,43.86382]],[[11.33834,43.86391],[11.33856,43.86382]],[[11.33322,43.86488],[11.33339,43.86458],[11.3332,43.86342],[11.3332,43.8633],[11.33325,43.86326],[11.33337,43.86328],[11.33404,43.86366],[11.33459,43.86404],[11.33497,43.86416],[11.33618,43.86413],[11.33702,43.86396],[11.33834,43.86391]],[[11.33322,43.86488],[11.33339,43.86458],[11.3332,43.86342],[11.3332,43.8633],[11.33325,43.86326],[11.33337,43.86328],[11.33404,43.86366],[11.33459,43.86404],[11.33497,43.86416],[11.33618,43.86413],[11.33702,43.86396],[11.33834,43.86391]],[[11.33322,43.86488],[11.33339,43.86458],[11.3332,43.86342],[11.3332,43.8633],[11.33325,43.86326],[11.33337,43.86328],[11.33404,43.86366],[11.33459,43.86404],[11.33497,43.86416],[11.33618,43.86413],[11.33702,43.86396],[11.33834,43.86391]],[[11.33322,43.86488],[11.33339,43.86458],[11.3332,43.86342],[11.3332,43.8633],[11.33325,43.86326],[11.33337,43.86328],[11.33404,43.86366],[11.33459,43.86404],[11.33497,43.86416],[11.33618,43.86413],[11.33702,43.86396],[11.33834,43.86391]]]}},{"type":"Feature","properties":{"s":"SP 103","t":"provinciale","n":"S.P. DI BIVIGLIANO (N. 103)"},"geometry":{"type":"MultiLineString","coordinates":[[[11.32542,43.89163],[11.32552,43.89155]],[[11.32094,43.89621],[11.32104,43.89605]],[[11.30785,43.90299],[11.3069,43.90366],[11.30628,43.90447],[11.30594,43.90461],[11.30577,43.90478]],[[11.30577,43.90478],[11.30514,43.90583],[11.30498,43.906],[11.30395,43.90647],[11.30312,43.90679],[11.30271,43.90705],[11.30251,43.90712],[11.30208,43.9071],[11.30185,43.90713],[11.30091,43.90748],[11.30063,43.90742],[11.29973,43.90751],[11.29894,43.90728],[11.29868,43.90713],[11.29835,43.90678],[11.29816,43.9067],[11.298,43.90671],[11.29782,43.90678],[11.2974,43.90702],[11.29704,43.90705],[11.29673,43.907],[11.29623,43.9067],[11.29607,43.90666],[11.29535,43.90668],[11.29423,43.90636],[11.29381,43.90636],[11.29311,43.90655],[11.2928,43.90658],[11.29212,43.90642],[11.29123,43.90632],[11.29085,43.90613],[11.29072,43.90612],[11.29045,43.90613],[11.28969,43.9066],[11.28913,43.90675],[11.28844,43.90677],[11.28842,43.90657],[11.2885,43.90645],[11.28876,43.90624],[11.28873,43.90617],[11.28851,43.90617],[11.28736,43.90644],[11.28687,43.90666],[11.28651,43.90667],[11.2863,43.90678],[11.28601,43.90668],[11.28597,43.90679],[11.28585,43.90691],[11.28574,43.90687],[11.28577,43.90654],[11.28572,43.90648],[11.28561,43.90647],[11.28553,43.90653],[11.28541,43.90688],[11.28509,43.9069],[11.28498,43.90678],[11.285,43.90661],[11.28522,43.90632],[11.28477,43.90558],[11.28476,43.90531],[11.2848,43.90505],[11.28478,43.90451]],[[11.32162,43.89517],[11.32172,43.89492],[11.32171,43.89476]],[[11.32069,43.89667],[11.32094,43.89621]],[[11.31263,43.89926],[11.31208,43.89956],[11.31124,43.90041],[11.31017,43.90089]],[[11.31017,43.90089],[11.30917,43.90135],[11.30873,43.90143],[11.3086,43.90152],[11.30852,43.90162],[11.30799,43.90284],[11.30785,43.90299]],[[11.32104,43.89605],[11.32143,43.89565],[11.32162,43.89517]],[[11.31774,43.89783],[11.31807,43.89771]],[[11.31807,43.89771],[11.31855,43.89755],[11.31865,43.89755],[11.31873,43.8976],[11.31885,43.89779],[11.31898,43.89785],[11.31931,43.89792],[11.31946,43.89791]],[[11.31263,43.89926],[11.31303,43.89906]],[[11.31303,43.89906],[11.31404,43.89856],[11.31464,43.89845],[11.31485,43.89834],[11.31542,43.89785],[11.31554,43.89769],[11.31561,43.89747]],[[11.28478,43.90451],[11.2848,43.90438],[11.28504,43.90411],[11.28494,43.90402],[11.28476,43.90405],[11.28442,43.90445],[11.28422,43.90487],[11.28394,43.90491],[11.2838,43.90482],[11.28382,43.90415],[11.28378,43.90407],[11.28371,43.90401],[11.28353,43.90397],[11.28331,43.904],[11.28325,43.90411],[11.28322,43.9047],[11.28318,43.90481],[11.28294,43.90503],[11.28268,43.90515]],[[11.28268,43.90515],[11.28196,43.90447],[11.28142,43.90411]],[[11.31561,43.89747],[11.31602,43.89754],[11.31619,43.89764]],[[11.31619,43.89764],[11.31618,43.89806],[11.31637,43.89821],[11.31651,43.89824],[11.31667,43.89824],[11.31774,43.89783]],[[11.32501,43.89067],[11.32476,43.89028],[11.32471,43.89011],[11.32477,43.88991],[11.32504,43.8895],[11.32509,43.88861],[11.32521,43.88837],[11.32546,43.88823],[11.32718,43.88821],[11.32745,43.88817],[11.32762,43.88808],[11.3276,43.88796],[11.32726,43.88775],[11.32713,43.88758],[11.32704,43.88733],[11.32703,43.88698],[11.32709,43.88672],[11.32725,43.88639],[11.3278,43.88568],[11.32783,43.88558],[11.32776,43.88513],[11.32796,43.88487]],[[11.32796,43.88487],[11.32863,43.88418],[11.32929,43.88392],[11.32944,43.88376],[11.32965,43.88335],[11.33011,43.88307],[11.33038,43.88284],[11.33045,43.88267],[11.33043,43.88229],[11.3303,43.88193],[11.33002,43.88175],[11.32934,43.88152],[11.3286,43.88118],[11.32768,43.88092],[11.32757,43.88088],[11.32747,43.88071],[11.32743,43.88054],[11.32748,43.88039],[11.32783,43.88002],[11.32786,43.87992],[11.32792,43.87927],[11.32776,43.87912],[11.32742,43.87902],[11.32712,43.87885],[11.32694,43.87833],[11.32684,43.87816],[11.32629,43.8778],[11.32625,43.87764],[11.32678,43.87694],[11.32678,43.87674],[11.32665,43.87657],[11.32562,43.87593],[11.32548,43.87569],[11.32549,43.87551],[11.32576,43.87483],[11.32632,43.87383],[11.32633,43.8731],[11.32641,43.87268]],[[11.32208,43.89366],[11.32298,43.89313]],[[11.32298,43.89313],[11.32542,43.89163]],[[11.32199,43.89373],[11.32208,43.89366]],[[11.32171,43.89476],[11.3216,43.89445],[11.3217,43.89402],[11.3218,43.89386],[11.32199,43.89373]],[[11.32552,43.89155],[11.32554,43.89141],[11.3255,43.89131],[11.32513,43.89083]],[[11.32513,43.89083],[11.32501,43.89067]],[[11.31946,43.89791],[11.31975,43.89775],[11.32036,43.89706]],[[11.32036,43.89706],[11.32069,43.89667]]]}},{"type":"Feature","properties":{"s":"SP 107","t":"provinciale","n":"S.P. DI LEGRI E DEL CARLONE (N. 107)"},"geometry":{"type":"MultiLineString","coordinates":[[[11.28792,43.92639],[11.28707,43.92642],[11.28584,43.92717],[11.28501,43.92789],[11.2844,43.92828],[11.28347,43.92925],[11.28247,43.92984],[11.28231,43.93003],[11.282,43.93023],[11.28131,43.93057],[11.28063,43.93104],[11.2801,43.93149],[11.27995,43.93176],[11.27958,43.93192],[11.27907,43.93194],[11.27877,43.93204],[11.27821,43.93235],[11.27766,43.93254],[11.27669,43.93307],[11.27174,43.93427],[11.2705,43.93451],[11.26923,43.93492],[11.26901,43.93488],[11.2673,43.93415],[11.26713,43.93411],[11.26663,43.93412],[11.26611,43.93425],[11.2646,43.93475],[11.26395,43.93486],[11.26068,43.93528],[11.25867,43.93534],[11.25826,43.93532],[11.25733,43.93508],[11.25645,43.93479],[11.2561,43.93462],[11.25568,43.93439],[11.25453,43.93353],[11.25423,43.93336],[11.25355,43.93313],[11.25296,43.93267],[11.25255,43.93259],[11.25214,43.93218],[11.2512,43.93155],[11.25097,43.93133]],[[11.28792,43.92639],[11.28707,43.92642],[11.28584,43.92717],[11.28501,43.92789],[11.2844,43.92828],[11.28347,43.92925],[11.28247,43.92984],[11.28231,43.93003],[11.282,43.93023],[11.28131,43.93057],[11.28063,43.93104],[11.2801,43.93149],[11.27995,43.93176],[11.27958,43.93192],[11.27907,43.93194],[11.27877,43.93204],[11.27821,43.93235],[11.27766,43.93254],[11.27669,43.93307],[11.27174,43.93427],[11.2705,43.93451],[11.26923,43.93492],[11.26901,43.93488],[11.2673,43.93415],[11.26713,43.93411],[11.26663,43.93412],[11.26611,43.93425],[11.2646,43.93475],[11.26395,43.93486],[11.26068,43.93528],[11.25867,43.93534],[11.25826,43.93532],[11.25733,43.93508],[11.25645,43.93479],[11.2561,43.93462],[11.25568,43.93439],[11.25453,43.93353],[11.25423,43.93336],[11.25355,43.93313],[11.25296,43.93267],[11.25255,43.93259],[11.25214,43.93218],[11.2512,43.93155],[11.25097,43.93133]],[[11.28792,43.92639],[11.28707,43.92642],[11.28584,43.92717],[11.28501,43.92789],[11.2844,43.92828],[11.28347,43.92925],[11.28247,43.92984],[11.28231,43.93003],[11.282,43.93023],[11.28131,43.93057],[11.28063,43.93104],[11.2801,43.93149],[11.27995,43.93176],[11.27958,43.93192],[11.27907,43.93194],[11.27877,43.93204],[11.27821,43.93235],[11.27766,43.93254],[11.27669,43.93307],[11.27174,43.93427],[11.2705,43.93451],[11.26923,43.93492],[11.26901,43.93488],[11.2673,43.93415],[11.26713,43.93411],[11.26663,43.93412],[11.26611,43.93425],[11.2646,43.93475],[11.26395,43.93486],[11.26068,43.93528],[11.25867,43.93534],[11.25826,43.93532],[11.25733,43.93508],[11.25645,43.93479],[11.2561,43.93462],[11.25568,43.93439],[11.25453,43.93353],[11.25423,43.93336],[11.25355,43.93313],[11.25296,43.93267],[11.25255,43.93259],[11.25214,43.93218],[11.2512,43.93155],[11.25097,43.93133]],[[11.28792,43.92639],[11.28707,43.92642],[11.28584,43.92717],[11.28501,43.92789],[11.2844,43.92828],[11.28347,43.92925],[11.28247,43.92984],[11.28231,43.93003],[11.282,43.93023],[11.28131,43.93057],[11.28063,43.93104],[11.2801,43.93149],[11.27995,43.93176],[11.27958,43.93192],[11.27907,43.93194],[11.27877,43.93204],[11.27821,43.93235],[11.27766,43.93254],[11.27669,43.93307],[11.27174,43.93427],[11.2705,43.93451],[11.26923,43.93492],[11.26901,43.93488],[11.2673,43.93415],[11.26713,43.93411],[11.26663,43.93412],[11.26611,43.93425],[11.2646,43.93475],[11.26395,43.93486],[11.26068,43.93528],[11.25867,43.93534],[11.25826,43.93532],[11.25733,43.93508],[11.25645,43.93479],[11.2561,43.93462],[11.25568,43.93439],[11.25453,43.93353],[11.25423,43.93336],[11.25355,43.93313],[11.25296,43.93267],[11.25255,43.93259],[11.25214,43.93218],[11.2512,43.93155],[11.25097,43.93133]],[[11.28983,43.92606],[11.28934,43.92644],[11.28917,43.92649],[11.28877,43.9265],[11.28792,43.92639]],[[11.28983,43.92606],[11.28934,43.92644],[11.28917,43.92649],[11.28877,43.9265],[11.28792,43.92639]],[[11.28983,43.92606],[11.28934,43.92644],[11.28917,43.92649],[11.28877,43.9265],[11.28792,43.92639]],[[11.28983,43.92606],[11.28934,43.92644],[11.28917,43.92649],[11.28877,43.9265],[11.28792,43.92639]]]}},{"type":"Feature","properties":{"s":"SP 116","t":"provinciale","n":"S.P. FIRENZUOLA PASSO DELLA FUTA (N. 116)"},"geometry":{"type":"MultiLineString","coordinates":[[[11.33715,44.10342],[11.33706,44.10363],[11.33688,44.10385],[11.33668,44.10393],[11.33632,44.10391]],[[11.33802,44.10266],[11.3378,44.1027],[11.33759,44.10282],[11.33724,44.1032],[11.33715,44.10342]],[[11.32473,44.10203],[11.32446,44.10193],[11.32378,44.10184]],[[11.32378,44.10184],[11.3231,44.10178],[11.32254,44.10157],[11.32195,44.10142],[11.32124,44.10106],[11.32044,44.1008],[11.32017,44.1006],[11.31995,44.10028],[11.31976,44.10021],[11.31926,44.10017],[11.3189,44.10006],[11.3187,44.09994],[11.31836,44.09957],[11.31826,44.09954],[11.31806,44.09958],[11.3177,44.09983],[11.31744,44.0999],[11.31705,44.09989],[11.31682,44.09977]],[[11.31682,44.09977],[11.31634,44.09936],[11.31538,44.09838],[11.31512,44.09761],[11.31504,44.09751],[11.31477,44.09745],[11.31443,44.09759],[11.31433,44.09757]],[[11.31433,44.09757],[11.31422,44.09748],[11.31423,44.09733],[11.31467,44.0972]],[[11.35363,44.1113],[11.35282,44.11067],[11.35161,44.11023]],[[11.33632,44.10391],[11.33582,44.10392],[11.33498,44.10409],[11.33412,44.10408],[11.33291,44.10385],[11.33237,44.10389],[11.33166,44.10383],[11.33056,44.10399],[11.32969,44.10395],[11.32896,44.10384],[11.32835,44.10393],[11.32718,44.10361],[11.32604,44.10322],[11.32538,44.10281]],[[11.32538,44.10281],[11.32508,44.10263],[11.32473,44.10203]],[[11.31467,44.0972],[11.31522,44.09699],[11.31561,44.09676],[11.31581,44.09669],[11.3159,44.0967],[11.31607,44.09682],[11.31638,44.09716]],[[11.31638,44.09716],[11.31675,44.09733],[11.31788,44.09806],[11.31817,44.09804],[11.31826,44.09796],[11.31828,44.09776],[11.31821,44.09766],[11.3176,44.09754],[11.3174,44.0974]],[[11.29285,44.09298],[11.29159,44.09307],[11.29002,44.09364],[11.28914,44.09414],[11.28891,44.0942],[11.28791,44.09426],[11.28747,44.09444],[11.28712,44.09451],[11.28665,44.09449],[11.28615,44.09423],[11.2858,44.09412],[11.28542,44.09406],[11.28454,44.09411],[11.28407,44.09421],[11.2832,44.09413],[11.28245,44.09422],[11.28187,44.09436],[11.2809,44.09421],[11.28063,44.09425],[11.27956,44.09487],[11.27934,44.09491],[11.279,44.09484],[11.27881,44.09465],[11.2789,44.09375],[11.27888,44.09364],[11.27876,44.09357],[11.27825,44.09345]],[[11.3174,44.0974],[11.3172,44.09703],[11.31716,44.09667],[11.317,44.09652],[11.31683,44.09609],[11.31665,44.09593],[11.31602,44.09588],[11.31552,44.09578],[11.31496,44.09598],[11.31474,44.09599],[11.31467,44.09595],[11.31462,44.09588],[11.31455,44.09544],[11.31437,44.09501],[11.31437,44.09484],[11.31452,44.09422],[11.31444,44.09402],[11.3132,44.0936],[11.31311,44.09345],[11.31294,44.09247],[11.31287,44.09238],[11.31274,44.09233],[11.31224,44.0923]],[[11.31224,44.0923],[11.3118,44.09201],[11.31156,44.09191],[11.31117,44.09198],[11.31039,44.09227],[11.31017,44.09229],[11.30972,44.09213],[11.30899,44.09204],[11.30823,44.09158],[11.30786,44.0915],[11.30749,44.09151],[11.3064,44.09202],[11.30621,44.09216],[11.30616,44.09236],[11.30632,44.09278],[11.30627,44.09295],[11.30588,44.09351],[11.30559,44.0936],[11.30451,44.09342],[11.30402,44.09303],[11.30379,44.09294],[11.30051,44.09236],[11.30022,44.092],[11.29994,44.09175],[11.29979,44.09167],[11.29964,44.09167],[11.29894,44.09184],[11.29834,44.09171],[11.29821,44.09176],[11.29786,44.09214],[11.29769,44.09224],[11.29747,44.09222],[11.29701,44.09208],[11.29686,44.09208],[11.29679,44.09212],[11.29661,44.0924],[11.29615,44.09247],[11.29542,44.09239],[11.29514,44.09242],[11.29396,44.09305],[11.29285,44.09298]],[[11.34891,44.10672],[11.34654,44.10676],[11.34556,44.10687],[11.34472,44.10675],[11.34452,44.10667],[11.34406,44.10638],[11.34267,44.10534],[11.34205,44.10467]],[[11.36279,44.11707],[11.36279,44.11683]],[[11.36279,44.11683],[11.36261,44.11653],[11.36146,44.11535],[11.36079,44.11493],[11.35867,44.11399],[11.35842,44.1138],[11.35749,44.11284],[11.35722,44.11264],[11.35682,44.11242],[11.35636,44.11224],[11.35443,44.1119],[11.35406,44.11169],[11.35363,44.1113]],[[11.35161,44.11023],[11.35153,44.1101],[11.35176,44.10897]],[[11.35141,44.10864],[11.35118,44.10861],[11.35087,44.10848],[11.35068,44.10834],[11.35037,44.10791],[11.35011,44.10766],[11.3497,44.10733],[11.34926,44.10689],[11.34891,44.10672]],[[11.35176,44.10897],[11.35192,44.10878]],[[11.35176,44.10897],[11.35167,44.10874]],[[11.34205,44.10467],[11.34183,44.10451]],[[11.34183,44.10451],[11.34141,44.10416]],[[11.34141,44.10416],[11.3411,44.10384],[11.3409,44.10372],[11.34064,44.10366],[11.34006,44.10365]],[[11.34006,44.10365],[11.33972,44.10353],[11.33908,44.10298],[11.3388,44.10279],[11.33844,44.10268],[11.33802,44.10266]],[[11.35192,44.10878],[11.35198,44.1087]],[[11.35167,44.10874],[11.35181,44.1088],[11.35192,44.10878]],[[11.35198,44.1087],[11.35197,44.10863],[11.35184,44.10858]],[[11.35167,44.10874],[11.35141,44.10864]],[[11.35141,44.10864],[11.35171,44.10861]],[[11.35184,44.10858],[11.35171,44.10861]],[[11.35171,44.10861],[11.35167,44.10874]]]}},{"type":"Feature","properties":{"s":"SP 117","t":"provinciale","n":"S.P. DI SAN ZANOBI (N. 117)"},"geometry":{"type":"MultiLineString","coordinates":[[[11.38059,44.13339],[11.3802,44.13358],[11.37901,44.13387],[11.37706,44.13487],[11.3771,44.13498],[11.37725,44.13499],[11.37771,44.13488],[11.37868,44.13501],[11.37898,44.13516],[11.37959,44.13561],[11.37981,44.13571],[11.38152,44.13597],[11.38168,44.13607],[11.38161,44.1362],[11.38151,44.13624],[11.38065,44.13634],[11.38041,44.13642],[11.38001,44.13688],[11.37983,44.13696],[11.3796,44.13694],[11.37927,44.1368],[11.37878,44.13671],[11.37864,44.1367],[11.37853,44.13678],[11.37854,44.13688],[11.37867,44.13705],[11.37917,44.13745],[11.37975,44.13781],[11.38032,44.13799],[11.38036,44.13805],[11.38025,44.13817],[11.37965,44.13827],[11.37942,44.13837],[11.3793,44.13854],[11.37922,44.13887]],[[11.38059,44.12255],[11.38082,44.12282],[11.38254,44.12424],[11.38252,44.12441]],[[11.38868,44.1584],[11.38939,44.15905],[11.3897,44.15917],[11.38994,44.15919],[11.39048,44.159],[11.39144,44.1588],[11.39152,44.15877],[11.39168,44.15852],[11.39178,44.15845],[11.39225,44.15831],[11.39349,44.15817],[11.39376,44.15818],[11.39409,44.15833],[11.39417,44.15841],[11.39421,44.15851],[11.39419,44.15877],[11.39429,44.1589],[11.3945,44.15892],[11.39489,44.15869],[11.39516,44.15871],[11.39632,44.15953],[11.39743,44.15993],[11.39803,44.16005],[11.39826,44.16014],[11.39835,44.16022],[11.39839,44.1604],[11.3983,44.16121],[11.39832,44.16138],[11.3992,44.16267],[11.39925,44.16286],[11.39928,44.16357],[11.39965,44.16413],[11.40002,44.16449],[11.40048,44.16479],[11.40088,44.16514],[11.40101,44.1653],[11.40125,44.16581],[11.40163,44.16626],[11.40182,44.16636],[11.40242,44.16648],[11.40283,44.16669],[11.40369,44.16676],[11.4038,44.16684],[11.4038,44.16694]],[[11.4098,44.17032],[11.40955,44.17039],[11.40894,44.17044],[11.40838,44.17062],[11.40817,44.17083],[11.40786,44.17142],[11.40757,44.17161],[11.40719,44.17167],[11.40632,44.17157],[11.406,44.17165],[11.4053,44.17238],[11.40513,44.17271],[11.40485,44.17291],[11.40482,44.17318]],[[11.40906,44.16953],[11.40931,44.16945],[11.40948,44.16933],[11.41008,44.16876],[11.41045,44.16828],[11.4106,44.1682],[11.41077,44.16824],[11.41079,44.16839],[11.41054,44.16895]],[[11.39803,44.19479],[11.39887,44.19538],[11.39933,44.19549],[11.39983,44.19544],[11.39997,44.19546],[11.40008,44.19553],[11.40048,44.19686],[11.40059,44.19701],[11.40088,44.19715],[11.40112,44.19716],[11.40174,44.19708],[11.4026,44.1972],[11.40334,44.19713],[11.40382,44.19723],[11.40467,44.19709],[11.40493,44.19714],[11.40535,44.19731],[11.40559,44.19733],[11.40642,44.19716],[11.40674,44.19701],[11.40696,44.19702],[11.40706,44.19711],[11.40702,44.19727],[11.40635,44.19768],[11.40618,44.19791],[11.40605,44.19834],[11.40609,44.19855]],[[11.38046,44.12072],[11.38029,44.12144],[11.38039,44.12184]],[[11.38153,44.15059],[11.38176,44.15075],[11.3818,44.15084],[11.38178,44.15103],[11.38126,44.15205],[11.38111,44.1522],[11.38061,44.15248],[11.38059,44.15262],[11.38072,44.15268]],[[11.38072,44.15268],[11.3811,44.15263],[11.38204,44.15228]],[[11.38039,44.12184],[11.38059,44.12255]],[[11.4038,44.16694],[11.4036,44.16707],[11.40299,44.16719],[11.40176,44.16728],[11.40161,44.16739],[11.40159,44.16756],[11.40167,44.16771],[11.40176,44.16776],[11.40271,44.16797],[11.40306,44.16822],[11.40355,44.16829],[11.40395,44.1685],[11.40417,44.16852],[11.40465,44.16842],[11.40503,44.16847],[11.40544,44.1687],[11.40586,44.16915],[11.40615,44.16929],[11.40862,44.16953],[11.40906,44.16953]],[[11.41054,44.16895],[11.41032,44.16979],[11.4098,44.17032]],[[11.39681,44.1913],[11.39681,44.19382],[11.39694,44.1941],[11.39718,44.19437],[11.39744,44.19453],[11.39803,44.19479]],[[11.39707,44.18573],[11.39505,44.1862],[11.39476,44.18647],[11.39456,44.18689],[11.39457,44.18706],[11.39486,44.18755],[11.39485,44.18774],[11.39475,44.188],[11.39476,44.18816],[11.39488,44.1883],[11.39528,44.18853],[11.39536,44.18862],[11.39535,44.18872],[11.39518,44.18895],[11.39521,44.18911],[11.39589,44.1895],[11.39598,44.18968],[11.3959,44.18987],[11.3953,44.19019],[11.39525,44.19043],[11.3955,44.1906],[11.39665,44.19114],[11.39681,44.1913]],[[11.39438,44.17765],[11.39597,44.17746],[11.39624,44.17749],[11.39634,44.17756],[11.39663,44.17806],[11.39684,44.17827],[11.39702,44.17839],[11.39747,44.17852],[11.39762,44.17863],[11.39757,44.17871],[11.39745,44.17874],[11.39648,44.17859],[11.39602,44.1787],[11.39586,44.1788],[11.39585,44.17888],[11.3959,44.17893],[11.396,44.17896],[11.39651,44.17894],[11.39698,44.17926],[11.39704,44.17935],[11.39716,44.17979],[11.39743,44.18019],[11.39746,44.18039],[11.39732,44.18075],[11.3969,44.18109],[11.39675,44.18113],[11.39662,44.18107],[11.39661,44.18096],[11.39694,44.18068],[11.39697,44.18053],[11.39693,44.18046],[11.39675,44.18036],[11.39653,44.18038],[11.39567,44.18124],[11.3954,44.18163],[11.39544,44.18189],[11.39568,44.1825],[11.3957,44.18268],[11.39528,44.18353],[11.39527,44.18379],[11.39547,44.18412],[11.39559,44.18446],[11.39576,44.18469],[11.39612,44.18494],[11.3971,44.18536],[11.39717,44.18554],[11.39707,44.18573]],[[11.3939,44.17746],[11.39438,44.17765]],[[11.37922,44.13887],[11.37907,44.13941],[11.37823,44.1394],[11.37801,44.13952],[11.37777,44.13985],[11.37786,44.13994],[11.37801,44.13992],[11.37832,44.13978],[11.37905,44.13967],[11.37914,44.13969],[11.3792,44.13976],[11.37919,44.13983],[11.37846,44.14044],[11.37852,44.14055],[11.37962,44.14067],[11.37972,44.14081],[11.37964,44.14095],[11.37856,44.14112],[11.37706,44.14121],[11.37685,44.14132],[11.37611,44.14192],[11.37553,44.14206],[11.3754,44.14212],[11.37537,44.14222],[11.37547,44.14231],[11.37623,44.14235],[11.37731,44.14211],[11.37751,44.14213],[11.37754,44.1422],[11.3775,44.14227],[11.37719,44.14241],[11.37673,44.14273],[11.37657,44.14299],[11.37656,44.14344],[11.37673,44.14379],[11.37706,44.14407],[11.37717,44.14422],[11.37724,44.14484],[11.37824,44.14589],[11.37833,44.14605],[11.37833,44.14622],[11.37824,44.14637],[11.3778,44.1467],[11.37776,44.14724],[11.37752,44.14766],[11.37753,44.14819],[11.37711,44.14863],[11.37696,44.14887],[11.37692,44.14905],[11.37711,44.14912],[11.37753,44.14889],[11.37767,44.14887],[11.37847,44.14909],[11.37925,44.14892],[11.38012,44.14917],[11.38076,44.14947],[11.38083,44.14956],[11.38085,44.14975],[11.3806,44.15008],[11.38026,44.1502],[11.38008,44.15031],[11.38004,44.15047],[11.38013,44.15061],[11.38045,44.15067],[11.38119,44.15058],[11.38153,44.15059]],[[11.40482,44.17318],[11.4048,44.17343],[11.4044,44.17367],[11.4033,44.17385],[11.40191,44.17444],[11.40143,44.17473],[11.40131,44.17477],[11.40068,44.1748],[11.40005,44.17508],[11.39887,44.1754],[11.39738,44.17529],[11.39588,44.17573],[11.39563,44.17578],[11.39524,44.17577],[11.39475,44.1757],[11.39256,44.17503],[11.39225,44.17488],[11.39204,44.17488],[11.39195,44.17501],[11.39214,44.17542],[11.39229,44.17554],[11.39272,44.17574],[11.39285,44.17591],[11.3928,44.1761],[11.39272,44.17617],[11.39203,44.17654],[11.39195,44.17679],[11.39202,44.17695],[11.39219,44.17705],[11.39352,44.17731],[11.3939,44.17746]],[[11.38252,44.12441],[11.38233,44.12461],[11.38189,44.12477],[11.38173,44.12493],[11.38174,44.12512],[11.38212,44.12588],[11.38207,44.12642],[11.38219,44.12649],[11.38234,44.12646],[11.3829,44.12612],[11.38313,44.12611],[11.38333,44.12618],[11.38343,44.12634],[11.38345,44.12661],[11.38358,44.12678],[11.38595,44.12875],[11.38618,44.12885],[11.38666,44.12892],[11.38684,44.12905],[11.38687,44.12918],[11.38671,44.12952],[11.38604,44.12971],[11.38578,44.13002],[11.3856,44.13013],[11.38475,44.13012],[11.38404,44.12993],[11.38292,44.13006],[11.38269,44.13015],[11.38199,44.13068],[11.3819,44.13086],[11.3819,44.13114],[11.38215,44.13165],[11.38215,44.13178]],[[11.38215,44.13178],[11.38202,44.13195],[11.38152,44.13223],[11.38116,44.1328],[11.38059,44.13339]],[[11.38204,44.15228],[11.38293,44.15209],[11.38344,44.1517],[11.38438,44.15148],[11.38483,44.15105],[11.38497,44.15101],[11.38516,44.15106],[11.38528,44.15129],[11.3856,44.15255],[11.38541,44.1537],[11.3859,44.15462],[11.38608,44.1556],[11.3865,44.15615],[11.38854,44.15808],[11.38868,44.1584]]]}},{"type":"Feature","properties":{"s":"SP 120","t":"provinciale","n":"S.P. DI RONCOBILACCIO (N. 120)"},"geometry":{"type":"MultiLineString","coordinates":[[[11.26222,44.10379],[11.26242,44.10359],[11.26251,44.10337],[11.26253,44.1023],[11.26275,44.1021],[11.26314,44.10207],[11.26325,44.10213],[11.26379,44.10269],[11.26422,44.103]],[[11.26222,44.10379],[11.26242,44.10359],[11.26251,44.10337],[11.26253,44.1023],[11.26275,44.1021],[11.26314,44.10207],[11.26325,44.10213],[11.26379,44.10269],[11.26422,44.103]],[[11.26222,44.10379],[11.26242,44.10359],[11.26251,44.10337],[11.26253,44.1023],[11.26275,44.1021],[11.26314,44.10207],[11.26325,44.10213],[11.26379,44.10269],[11.26422,44.103]],[[11.26222,44.10379],[11.26242,44.10359],[11.26251,44.10337],[11.26253,44.1023],[11.26275,44.1021],[11.26314,44.10207],[11.26325,44.10213],[11.26379,44.10269],[11.26422,44.103]],[[11.26663,44.10741],[11.26645,44.10733],[11.26633,44.10715],[11.26639,44.10687],[11.26677,44.1064],[11.26686,44.10615],[11.26682,44.10599],[11.26655,44.10548],[11.26556,44.10393],[11.26536,44.10371],[11.26505,44.10344],[11.26422,44.103]],[[11.26663,44.10741],[11.26645,44.10733],[11.26633,44.10715],[11.26639,44.10687],[11.26677,44.1064],[11.26686,44.10615],[11.26682,44.10599],[11.26655,44.10548],[11.26556,44.10393],[11.26536,44.10371],[11.26505,44.10344],[11.26422,44.103]],[[11.26663,44.10741],[11.26645,44.10733],[11.26633,44.10715],[11.26639,44.10687],[11.26677,44.1064],[11.26686,44.10615],[11.26682,44.10599],[11.26655,44.10548],[11.26556,44.10393],[11.26536,44.10371],[11.26505,44.10344],[11.26422,44.103]],[[11.26663,44.10741],[11.26645,44.10733],[11.26633,44.10715],[11.26639,44.10687],[11.26677,44.1064],[11.26686,44.10615],[11.26682,44.10599],[11.26655,44.10548],[11.26556,44.10393],[11.26536,44.10371],[11.26505,44.10344],[11.26422,44.103]],[[11.26718,44.10748],[11.26689,44.10749]],[[11.26689,44.10749],[11.26663,44.10741]],[[11.26687,44.10741],[11.26718,44.10748]],[[11.26689,44.10749],[11.26701,44.10761],[11.26714,44.10797]],[[11.26729,44.10706],[11.26687,44.10741]],[[11.26687,44.10741],[11.26663,44.10741]]]}},{"type":"Feature","properties":{"s":"SP 121","t":"provinciale","n":"S.P. FRASSINETA BORGO BISANO (N. 121)"},"geometry":{"type":"MultiLineString","coordinates":[[[11.34907,44.18211],[11.34986,44.18253],[11.35029,44.18287],[11.35122,44.18372],[11.35185,44.18449],[11.35244,44.18483],[11.35286,44.18529],[11.35295,44.18546],[11.35297,44.18565],[11.35272,44.18726],[11.35288,44.18757],[11.35304,44.1877],[11.35324,44.18779]],[[11.35324,44.18779],[11.35444,44.18803],[11.35467,44.18811],[11.35546,44.18882],[11.35586,44.189],[11.35758,44.18887],[11.35859,44.18889],[11.35909,44.18899],[11.3594,44.18915],[11.36078,44.19006],[11.36094,44.19022],[11.36102,44.1904],[11.36102,44.1906],[11.36095,44.19078],[11.36026,44.19143],[11.36003,44.19174],[11.35953,44.19359],[11.35854,44.19534],[11.35848,44.19559],[11.35868,44.1959],[11.36063,44.19789],[11.3607,44.19807],[11.36069,44.19826],[11.36046,44.19924],[11.36044,44.1995],[11.36056,44.19974],[11.36102,44.20016],[11.36109,44.20045],[11.36056,44.20116],[11.36042,44.20205],[11.36027,44.20231],[11.3573,44.20445],[11.35721,44.20463]]]}},{"type":"Feature","properties":{"s":"SP 129","t":"provinciale","n":"S.P. MASSO RONDINAIO (N.129)"},"geometry":{"type":"MultiLineString","coordinates":[[[11.3316,43.96995],[11.33183,43.96995]],[[11.33222,43.9698],[11.33183,43.96995]],[[11.33183,43.96995],[11.33214,43.97007],[11.3323,43.97023],[11.33272,43.97088]],[[11.3318,43.96982],[11.33189,43.96965],[11.3319,43.96938],[11.33167,43.96859]],[[11.32663,43.97045],[11.32902,43.97042]],[[11.32663,43.97045],[11.32305,43.97049],[11.32249,43.97041],[11.3219,43.97029],[11.32129,43.97008],[11.31868,43.96913]],[[11.31059,43.96435],[11.31107,43.96563]],[[11.30483,43.96054],[11.30471,43.9607],[11.3042,43.96102],[11.30414,43.96109],[11.30412,43.96124],[11.30425,43.96149]],[[11.31868,43.96913],[11.31653,43.96833]],[[11.31107,43.96563],[11.31124,43.96595],[11.31145,43.9662],[11.31196,43.96659],[11.31226,43.96675],[11.31653,43.96833]],[[11.30425,43.96149],[11.30737,43.96246]],[[11.30362,43.96125],[11.30367,43.96135],[11.3038,43.96142],[11.30425,43.96149]],[[11.30362,43.96125],[11.30397,43.96128],[11.30425,43.96149]],[[11.30245,43.96193],[11.30288,43.9618],[11.30336,43.96154],[11.30387,43.96146],[11.30425,43.96149]],[[11.30737,43.96246],[11.30885,43.96295],[11.30973,43.96336],[11.31005,43.96359],[11.31029,43.96385],[11.31059,43.96435]],[[11.32902,43.97042],[11.32988,43.97036]],[[11.3316,43.96995],[11.3318,43.96982]],[[11.3318,43.96982],[11.33209,43.96976],[11.33222,43.9698]],[[11.32988,43.97036],[11.33055,43.97021]],[[11.33055,43.97021],[11.3316,43.96995]]]}},{"type":"Feature","properties":{"s":"SP 130","t":"provinciale","n":"S.P. PANORAMICA DI MONTE MORELLO (N. 130)"},"geometry":{"type":"MultiLineString","coordinates":[[[11.29015,43.85588],[11.29028,43.85585]],[[11.29015,43.85588],[11.29028,43.85585]],[[11.29015,43.85588],[11.29028,43.85585]],[[11.29015,43.85588],[11.29028,43.85585]],[[11.28126,43.85971],[11.28089,43.85996],[11.28011,43.86019]],[[11.28126,43.85971],[11.28089,43.85996],[11.28011,43.86019]],[[11.28126,43.85971],[11.28089,43.85996],[11.28011,43.86019]],[[11.28126,43.85971],[11.28089,43.85996],[11.28011,43.86019]],[[11.29028,43.85585],[11.29049,43.85569],[11.29059,43.85552],[11.29079,43.85478],[11.29108,43.85413],[11.29116,43.85383],[11.29106,43.85319],[11.29088,43.85269],[11.2909,43.85254],[11.29132,43.85204],[11.29183,43.84988],[11.29171,43.84836],[11.29169,43.84792],[11.29173,43.84786]],[[11.29028,43.85585],[11.29049,43.85569],[11.29059,43.85552],[11.29079,43.85478],[11.29108,43.85413],[11.29116,43.85383],[11.29106,43.85319],[11.29088,43.85269],[11.2909,43.85254],[11.29132,43.85204],[11.29183,43.84988],[11.29171,43.84836],[11.29169,43.84792],[11.29173,43.84786]],[[11.29028,43.85585],[11.29049,43.85569],[11.29059,43.85552],[11.29079,43.85478],[11.29108,43.85413],[11.29116,43.85383],[11.29106,43.85319],[11.29088,43.85269],[11.2909,43.85254],[11.29132,43.85204],[11.29183,43.84988],[11.29171,43.84836],[11.29169,43.84792],[11.29173,43.84786]],[[11.29028,43.85585],[11.29049,43.85569],[11.29059,43.85552],[11.29079,43.85478],[11.29108,43.85413],[11.29116,43.85383],[11.29106,43.85319],[11.29088,43.85269],[11.2909,43.85254],[11.29132,43.85204],[11.29183,43.84988],[11.29171,43.84836],[11.29169,43.84792],[11.29173,43.84786]]]}},{"type":"Feature","properties":{"s":"SP 131","t":"provinciale","n":"S.P. DI BILANCINO (N.131)"},"geometry":{"type":"MultiLineString","coordinates":[[[11.21675,43.98225],[11.21708,43.98226]],[[11.21708,43.98226],[11.21687,43.98206]],[[11.22353,43.9855],[11.22196,43.98453],[11.22122,43.98416],[11.21708,43.98226]],[[11.22413,43.98577],[11.22353,43.9855]],[[11.22474,43.98616],[11.22413,43.98577]],[[11.22535,43.98653],[11.22474,43.98616]],[[11.27279,43.98614],[11.27279,43.98567]],[[11.27315,43.98591],[11.27294,43.98596],[11.27279,43.98614]],[[11.23409,43.98864],[11.23367,43.98855]],[[11.23409,43.98864],[11.23436,43.98857]],[[11.23436,43.98857],[11.23422,43.98874]],[[11.23396,43.98881],[11.23402,43.98868],[11.23409,43.98864]],[[11.23422,43.98874],[11.23396,43.98881]],[[11.23419,43.98907],[11.23422,43.98874]],[[11.23472,43.9901],[11.23462,43.99048]],[[11.23462,43.99048],[11.23493,43.9905]],[[11.23443,43.99065],[11.23462,43.99048]],[[11.23493,43.9905],[11.2347,43.99065]],[[11.2347,43.99065],[11.23443,43.99065]],[[11.2347,43.99065],[11.2351,43.99086]],[[11.2481,43.99272],[11.24744,43.99268],[11.2468,43.99256],[11.24618,43.99237],[11.24418,43.99151]],[[11.23535,43.98867],[11.23543,43.98887],[11.23542,43.98899],[11.23521,43.98929]],[[11.23436,43.98857],[11.23472,43.98844],[11.23492,43.98844],[11.23523,43.98855],[11.23535,43.98867]],[[11.23535,43.98867],[11.23573,43.98883],[11.23738,43.98884],[11.23787,43.98898]],[[11.23269,43.99028],[11.23321,43.99034],[11.23351,43.99049]],[[11.23364,43.98992],[11.23269,43.99028]],[[11.23364,43.98992],[11.23345,43.99022],[11.23351,43.99049]],[[11.23351,43.99049],[11.23369,43.99065],[11.23385,43.9907],[11.23414,43.99073],[11.23443,43.99065]],[[11.22651,43.98736],[11.22535,43.98653]],[[11.23269,43.99028],[11.23212,43.99045],[11.23171,43.99051],[11.23064,43.99057],[11.22983,43.99044],[11.22889,43.9901],[11.22841,43.98981],[11.22784,43.98931],[11.22682,43.98769],[11.22651,43.98736]],[[11.27279,43.98614],[11.27251,43.98664],[11.27214,43.98706],[11.27162,43.98749],[11.27109,43.98781],[11.2702,43.98822],[11.26972,43.98839],[11.26922,43.98852],[11.2683,43.98866],[11.26667,43.98875],[11.26413,43.98868],[11.2625,43.98846],[11.25866,43.98758],[11.25832,43.98754]],[[11.23521,43.98929],[11.23364,43.98992]],[[11.24418,43.99151],[11.2435,43.99121]],[[11.2435,43.99121],[11.23939,43.98943],[11.23832,43.98907],[11.23787,43.98898]],[[11.23787,43.98898],[11.23722,43.98892],[11.23662,43.98894],[11.23604,43.98903],[11.23521,43.98929]],[[11.25696,43.98758],[11.25669,43.98763]],[[11.25669,43.98763],[11.25566,43.98797],[11.2552,43.98821],[11.25458,43.98867],[11.25107,43.99163],[11.25029,43.99218],[11.24948,43.99251],[11.2481,43.99272]],[[11.25832,43.98754],[11.25797,43.98752],[11.25696,43.98758]]]}},{"type":"Feature","properties":{"s":"SP 19","t":"provinciale","n":"S.P. MARRADESE (N. 19)"},"geometry":{"type":"MultiLineString","coordinates":[[[11.74221,44.12593],[11.74225,44.1258]]]}},{"type":"Feature","properties":{"s":"SP 20","t":"provinciale","n":"S.P. MODIGLIANESE (N. 20)"},"geometry":{"type":"MultiLineString","coordinates":[[[11.69948,44.10299],[11.69919,44.10249],[11.69843,44.10188],[11.69819,44.10179],[11.69781,44.10184],[11.69759,44.10182],[11.69751,44.10177],[11.69745,44.10159],[11.69642,44.10107],[11.69613,44.10097]],[[11.72656,44.10763],[11.72608,44.10707],[11.7259,44.10696],[11.72543,44.10683],[11.72421,44.10621],[11.72372,44.10619],[11.72347,44.10614],[11.72337,44.10607],[11.72326,44.10589],[11.72316,44.10536],[11.72257,44.10505],[11.72159,44.10423],[11.72127,44.10417],[11.71964,44.10449]],[[11.73388,44.11966],[11.73358,44.11732],[11.7335,44.11705],[11.73334,44.1168],[11.73311,44.11657],[11.73282,44.11639],[11.73111,44.11549],[11.73065,44.11519],[11.73036,44.11491],[11.73001,44.11444],[11.72995,44.11427],[11.72997,44.11355],[11.72991,44.11337],[11.72966,44.11304],[11.72942,44.11283],[11.7287,44.11247],[11.72807,44.11204],[11.72765,44.11171],[11.72746,44.11149],[11.72673,44.11016],[11.72689,44.10855],[11.72687,44.10809],[11.72679,44.10783],[11.72656,44.10763]],[[11.69613,44.10097],[11.69564,44.1012],[11.69433,44.10147],[11.69259,44.10151],[11.69052,44.10187],[11.68964,44.10191],[11.68919,44.10209],[11.68893,44.1023],[11.68882,44.10246],[11.68877,44.10265],[11.68884,44.10309],[11.68873,44.10323],[11.68854,44.10332],[11.68819,44.10331],[11.68721,44.10314],[11.68586,44.1033],[11.68212,44.10318],[11.68166,44.10306],[11.68031,44.10258],[11.67934,44.10244],[11.6785,44.10206],[11.67711,44.10164],[11.67548,44.10152],[11.67111,44.1014],[11.67056,44.10126],[11.66994,44.10081],[11.66965,44.10084],[11.66826,44.10123],[11.66807,44.1012],[11.668,44.1011],[11.66809,44.10098],[11.67019,44.0997],[11.67065,44.09939],[11.67087,44.09915],[11.67105,44.09873],[11.67101,44.0985],[11.67064,44.09831],[11.67029,44.09826],[11.67007,44.09828],[11.66933,44.09858],[11.66882,44.09897],[11.66837,44.09921],[11.6679,44.09929],[11.66676,44.09926],[11.66662,44.09933],[11.66656,44.09943],[11.66648,44.10024],[11.66633,44.10096],[11.6664,44.10194],[11.66626,44.10229],[11.66636,44.10258],[11.66685,44.1031],[11.66692,44.10334],[11.66686,44.1036],[11.66658,44.1041],[11.66631,44.1048],[11.66613,44.10543],[11.66621,44.10561],[11.66692,44.10635],[11.66701,44.10656],[11.66685,44.10665],[11.66517,44.10715]],[[11.71964,44.10449],[11.71927,44.10456],[11.71909,44.10446],[11.71883,44.10406],[11.71883,44.10399],[11.71895,44.10383],[11.71896,44.10372],[11.71882,44.10365],[11.71873,44.10367],[11.71848,44.10394],[11.71825,44.10427],[11.71827,44.10438],[11.71857,44.10487],[11.71853,44.10497],[11.71828,44.10495],[11.71788,44.10459],[11.71772,44.10459],[11.71766,44.1047],[11.71778,44.10488],[11.71826,44.10529],[11.71829,44.10545],[11.7181,44.1055],[11.71762,44.10544],[11.71669,44.10501],[11.71533,44.10454],[11.71494,44.10453],[11.71459,44.10459],[11.71402,44.10442],[11.71329,44.10445],[11.71287,44.10413],[11.71258,44.10374],[11.71215,44.10339],[11.7119,44.10333],[11.71116,44.10332],[11.7106,44.10297],[11.70977,44.10276],[11.70899,44.10247],[11.7085,44.10244],[11.7081,44.10222],[11.70741,44.10199],[11.70579,44.10249],[11.70568,44.10256],[11.7057,44.10268],[11.70616,44.10283],[11.7063,44.10295],[11.70633,44.10312],[11.70624,44.10337],[11.70591,44.10375],[11.70462,44.10496],[11.70454,44.10502],[11.70433,44.10506],[11.70347,44.10471],[11.70275,44.10458],[11.70227,44.10417],[11.70205,44.10407],[11.70146,44.1039],[11.70085,44.10383],[11.70051,44.10373],[11.69965,44.10322],[11.69948,44.10299]],[[11.74225,44.1258],[11.74229,44.12551],[11.74208,44.12536],[11.74006,44.12441],[11.73865,44.12397],[11.73647,44.1231],[11.73388,44.12169],[11.73367,44.12149],[11.73337,44.1211],[11.73322,44.12086],[11.73319,44.12068],[11.73327,44.12044],[11.73376,44.11993],[11.73388,44.11966]]]}},{"type":"Feature","properties":{"s":"SP 29","t":"provinciale","n":"S.P. TRAVERSA DI LUTIRANO (N. 29)"},"geometry":{"type":"MultiLineString","coordinates":[[[11.72174,44.07548],[11.7224,44.07549],[11.72338,44.07566],[11.72372,44.07577],[11.72383,44.0761],[11.72406,44.07626],[11.72474,44.07628],[11.72507,44.07643],[11.72528,44.07659],[11.72538,44.07682],[11.7253,44.07705],[11.72537,44.07774],[11.72548,44.07798],[11.72558,44.07797],[11.7257,44.07749],[11.72582,44.07722],[11.72611,44.077],[11.72629,44.07664],[11.7267,44.07635],[11.72677,44.07621],[11.72665,44.07607],[11.72581,44.07587],[11.72577,44.0758],[11.7258,44.07575],[11.72601,44.07576],[11.7264,44.07586],[11.72695,44.07583],[11.72719,44.07587],[11.72759,44.07576],[11.72782,44.0755],[11.72816,44.07542],[11.72902,44.07563],[11.72905,44.0756],[11.72902,44.07551],[11.72834,44.07523],[11.72817,44.07501],[11.72815,44.07493],[11.72819,44.07487],[11.72865,44.07518],[11.72905,44.0752],[11.73015,44.07548],[11.73017,44.07562],[11.72977,44.07616],[11.72983,44.0768],[11.72993,44.07686],[11.73065,44.07692],[11.73143,44.0773],[11.73153,44.07728],[11.73159,44.0771],[11.73145,44.07679],[11.73144,44.07653],[11.73206,44.07629],[11.73226,44.07629],[11.73284,44.07643],[11.73364,44.07617],[11.73396,44.07633],[11.73459,44.07642],[11.73501,44.07635],[11.73574,44.0761],[11.73757,44.0765],[11.73818,44.07686],[11.73831,44.07684],[11.73846,44.07643],[11.73871,44.07636]],[[11.71809,44.0915],[11.71832,44.09188],[11.71842,44.0925]],[[11.70905,44.08037],[11.70917,44.08058],[11.70926,44.0812],[11.70931,44.08139],[11.70938,44.08148],[11.71075,44.08229],[11.71099,44.08237],[11.71207,44.08256],[11.7137,44.083],[11.71446,44.0833],[11.71538,44.08377],[11.71664,44.08416],[11.71702,44.08438],[11.71716,44.08451],[11.71736,44.08492],[11.71753,44.08581],[11.71778,44.0867],[11.71789,44.08849],[11.71812,44.08956],[11.71821,44.09027],[11.7182,44.09072],[11.71793,44.09126],[11.71795,44.09134],[11.71809,44.0915]],[[11.71964,44.10449],[11.71934,44.10408],[11.71932,44.10398],[11.7197,44.1034],[11.71965,44.10297],[11.71968,44.10277],[11.72009,44.10243],[11.72019,44.10228],[11.72021,44.1021],[11.72005,44.10177],[11.71972,44.1014],[11.71951,44.10097],[11.71916,44.1006],[11.719,44.10015],[11.71901,44.0998],[11.71874,44.09951],[11.71864,44.09933],[11.71873,44.09871],[11.71843,44.09802],[11.7185,44.09757],[11.71834,44.09677],[11.71837,44.09631],[11.71863,44.09563],[11.71853,44.09528],[11.71856,44.09456],[11.71848,44.0943],[11.71855,44.09358],[11.71842,44.0925]],[[11.70906,44.08032],[11.70905,44.08037]],[[11.72174,44.07548],[11.72126,44.07535],[11.72056,44.07499],[11.71993,44.07501],[11.71901,44.07476],[11.71802,44.07436],[11.71777,44.07432],[11.71725,44.07435],[11.717,44.07443],[11.71659,44.07478],[11.71632,44.07492],[11.71629,44.075],[11.71637,44.07505],[11.71657,44.07503],[11.71723,44.07478],[11.71758,44.07481],[11.7179,44.07493],[11.71804,44.07505],[11.71808,44.07523],[11.71805,44.07586],[11.71831,44.07617],[11.7183,44.07623],[11.71816,44.07629],[11.71795,44.07617],[11.71777,44.07595],[11.71767,44.07559],[11.71758,44.07551],[11.7173,44.07547],[11.71693,44.07556],[11.71576,44.07624],[11.71531,44.07664],[11.71517,44.07656],[11.71515,44.0761],[11.7151,44.07602],[11.71467,44.07568],[11.71429,44.07523],[11.71426,44.07506],[11.71432,44.07479],[11.71426,44.07468],[11.71411,44.07464],[11.71397,44.07469],[11.71364,44.07509],[11.7133,44.07576],[11.71273,44.07594],[11.71254,44.07607],[11.712,44.07669],[11.7115,44.07741],[11.71141,44.07747],[11.7111,44.07756],[11.70972,44.07762],[11.70958,44.07766],[11.70911,44.07795],[11.70877,44.07806],[11.70719,44.0783],[11.70719,44.07839],[11.70725,44.07843],[11.70784,44.07848],[11.70903,44.07869],[11.70923,44.07889],[11.70941,44.07933],[11.70995,44.07969],[11.70998,44.07985],[11.7099,44.08001]],[[11.7099,44.08001],[11.70972,44.08008],[11.70928,44.08011],[11.70906,44.08032]]]}},{"type":"Feature","properties":{"s":"SP 306","t":"provinciale","n":"S.P. CASOLANA RIOLESE (N. 306)"},"geometry":{"type":"MultiLineString","coordinates":[[[11.61396,44.07769],[11.61403,44.07783],[11.61436,44.07798],[11.61463,44.07818],[11.61474,44.07836],[11.61481,44.07864],[11.61479,44.07874],[11.61451,44.07914],[11.6144,44.07959],[11.61428,44.07984],[11.61406,44.08018],[11.61398,44.08024]],[[11.58871,44.08357],[11.58883,44.08361],[11.58958,44.08358],[11.59115,44.08388],[11.59111,44.08399],[11.59023,44.08427],[11.5895,44.08418],[11.58928,44.08424],[11.58818,44.08464],[11.58802,44.08496],[11.58806,44.0851],[11.58822,44.08514],[11.58872,44.08489],[11.58912,44.08489],[11.58937,44.08496],[11.58956,44.08509],[11.5898,44.08551],[11.59002,44.08571],[11.59033,44.0858],[11.59082,44.08574],[11.5911,44.08576],[11.59115,44.08587],[11.59108,44.08606],[11.59077,44.08624],[11.59051,44.0863],[11.5893,44.08605],[11.58894,44.08607],[11.5885,44.08621],[11.58797,44.08658],[11.58785,44.08692],[11.58759,44.08702],[11.5871,44.08701],[11.58693,44.0871],[11.5867,44.0873],[11.5865,44.08753],[11.58642,44.08769],[11.58633,44.08833],[11.58611,44.08857],[11.58598,44.08862],[11.58537,44.08865],[11.58455,44.08909]],[[11.58871,44.08357],[11.58883,44.08361],[11.58958,44.08358],[11.59115,44.08388],[11.59111,44.08399],[11.59023,44.08427],[11.5895,44.08418],[11.58928,44.08424],[11.58818,44.08464],[11.58802,44.08496],[11.58806,44.0851],[11.58822,44.08514],[11.58872,44.08489],[11.58912,44.08489],[11.58937,44.08496],[11.58956,44.08509],[11.5898,44.08551],[11.59002,44.08571],[11.59033,44.0858],[11.59082,44.08574],[11.5911,44.08576],[11.59115,44.08587],[11.59108,44.08606],[11.59077,44.08624],[11.59051,44.0863],[11.5893,44.08605],[11.58894,44.08607],[11.5885,44.08621],[11.58797,44.08658],[11.58785,44.08692],[11.58759,44.08702],[11.5871,44.08701],[11.58693,44.0871],[11.5867,44.0873],[11.5865,44.08753],[11.58642,44.08769],[11.58633,44.08833],[11.58611,44.08857],[11.58598,44.08862],[11.58537,44.08865],[11.58455,44.08909]],[[11.58871,44.08357],[11.58883,44.08361],[11.58958,44.08358],[11.59115,44.08388],[11.59111,44.08399],[11.59023,44.08427],[11.5895,44.08418],[11.58928,44.08424],[11.58818,44.08464],[11.58802,44.08496],[11.58806,44.0851],[11.58822,44.08514],[11.58872,44.08489],[11.58912,44.08489],[11.58937,44.08496],[11.58956,44.08509],[11.5898,44.08551],[11.59002,44.08571],[11.59033,44.0858],[11.59082,44.08574],[11.5911,44.08576],[11.59115,44.08587],[11.59108,44.08606],[11.59077,44.08624],[11.59051,44.0863],[11.5893,44.08605],[11.58894,44.08607],[11.5885,44.08621],[11.58797,44.08658],[11.58785,44.08692],[11.58759,44.08702],[11.5871,44.08701],[11.58693,44.0871],[11.5867,44.0873],[11.5865,44.08753],[11.58642,44.08769],[11.58633,44.08833],[11.58611,44.08857],[11.58598,44.08862],[11.58537,44.08865],[11.58455,44.08909]],[[11.58871,44.08357],[11.58883,44.08361],[11.58958,44.08358],[11.59115,44.08388],[11.59111,44.08399],[11.59023,44.08427],[11.5895,44.08418],[11.58928,44.08424],[11.58818,44.08464],[11.58802,44.08496],[11.58806,44.0851],[11.58822,44.08514],[11.58872,44.08489],[11.58912,44.08489],[11.58937,44.08496],[11.58956,44.08509],[11.5898,44.08551],[11.59002,44.08571],[11.59033,44.0858],[11.59082,44.08574],[11.5911,44.08576],[11.59115,44.08587],[11.59108,44.08606],[11.59077,44.08624],[11.59051,44.0863],[11.5893,44.08605],[11.58894,44.08607],[11.5885,44.08621],[11.58797,44.08658],[11.58785,44.08692],[11.58759,44.08702],[11.5871,44.08701],[11.58693,44.0871],[11.5867,44.0873],[11.5865,44.08753],[11.58642,44.08769],[11.58633,44.08833],[11.58611,44.08857],[11.58598,44.08862],[11.58537,44.08865],[11.58455,44.08909]],[[11.61398,44.08024],[11.61363,44.08038],[11.61319,44.08069],[11.61231,44.08079],[11.61151,44.08101],[11.61129,44.0812],[11.61118,44.0816],[11.61069,44.08154],[11.6102,44.08158],[11.60975,44.08171],[11.60949,44.08188],[11.60935,44.08212],[11.60932,44.08257],[11.60897,44.08305],[11.60865,44.08373],[11.60865,44.08389],[11.60906,44.08432],[11.60915,44.08452],[11.60909,44.08462],[11.60882,44.08481],[11.60783,44.08534],[11.60767,44.08557],[11.60766,44.08593],[11.60762,44.08603],[11.60652,44.08628],[11.60587,44.08629],[11.60552,44.08617],[11.60486,44.08577],[11.60387,44.08568],[11.60353,44.08541],[11.60332,44.08533],[11.60296,44.0853],[11.6026,44.08533],[11.60198,44.08563],[11.60136,44.08574],[11.59989,44.08552],[11.59978,44.08554],[11.59952,44.08572],[11.59933,44.08594],[11.5991,44.08654],[11.59849,44.08734],[11.59809,44.08758],[11.59797,44.08771],[11.59802,44.08784],[11.5982,44.08798],[11.59825,44.08808],[11.59823,44.08819],[11.59793,44.08849],[11.59733,44.08881],[11.59693,44.0891],[11.59679,44.08909],[11.59678,44.08899],[11.59728,44.08841],[11.59695,44.08807],[11.59683,44.08781],[11.59681,44.08762],[11.59693,44.08734],[11.59745,44.08684],[11.59749,44.08676],[11.5975,44.08632],[11.59784,44.08582],[11.5977,44.08522],[11.59765,44.08515],[11.59693,44.08482],[11.59644,44.08477],[11.59598,44.08463],[11.59525,44.08469],[11.59503,44.08458],[11.59481,44.08425],[11.59468,44.0842],[11.59452,44.08424],[11.59416,44.08448],[11.59393,44.08448],[11.59382,44.08434],[11.59357,44.08375],[11.59337,44.08366],[11.593,44.08361],[11.5929,44.08353],[11.59283,44.08342],[11.59287,44.08307],[11.59277,44.08292],[11.59259,44.08283],[11.59237,44.08283],[11.59208,44.08299],[11.59194,44.08302],[11.59134,44.0829],[11.59097,44.08302],[11.59053,44.08286],[11.59031,44.08283],[11.59011,44.08291],[11.58974,44.08316],[11.58889,44.0833],[11.58872,44.0834],[11.58871,44.08357]],[[11.54785,44.11299],[11.54774,44.11263],[11.54776,44.11252]],[[11.54776,44.11252],[11.54798,44.11249]],[[11.54798,44.11249],[11.54822,44.11248]],[[11.54936,44.11249],[11.55001,44.11239]],[[11.54785,44.11299],[11.54799,44.11341]],[[11.54891,44.11375],[11.54915,44.11388]],[[11.55049,44.11531],[11.55175,44.11679]],[[11.55175,44.11679],[11.55192,44.11716]],[[11.55192,44.11716],[11.55209,44.11759],[11.55255,44.11846],[11.5536,44.11957],[11.55406,44.12028],[11.55417,44.12053],[11.55426,44.12149],[11.55434,44.12174],[11.55453,44.12195],[11.55504,44.12218],[11.55583,44.1222],[11.5563,44.12227]],[[11.55792,44.12284],[11.55756,44.12266],[11.5563,44.12227]],[[11.55792,44.12284],[11.55795,44.12295],[11.55786,44.12342],[11.55618,44.1272],[11.55599,44.12748],[11.55537,44.1282],[11.5554,44.12839],[11.55562,44.12881],[11.55593,44.12993],[11.55617,44.1304],[11.55663,44.13084],[11.55686,44.13097],[11.55735,44.13114],[11.55754,44.13127],[11.55812,44.13213],[11.55812,44.13225],[11.55803,44.13235],[11.55742,44.13263],[11.55691,44.13302],[11.55669,44.13328],[11.55638,44.13398],[11.5557,44.13415],[11.55554,44.13422],[11.5555,44.13434],[11.55565,44.13444],[11.55676,44.13456],[11.55706,44.13466],[11.55757,44.13532],[11.55782,44.13552]],[[11.55782,44.13552],[11.55816,44.13553],[11.55823,44.13547],[11.55831,44.13516],[11.55859,44.13507],[11.55921,44.13503],[11.55945,44.13509],[11.5595,44.13516],[11.5595,44.13522],[11.55891,44.13602],[11.55867,44.13656],[11.55861,44.13682],[11.5584,44.13725],[11.55841,44.13759],[11.5585,44.13786],[11.55862,44.13799],[11.55931,44.13822],[11.56024,44.13831],[11.56092,44.13821],[11.56161,44.13786],[11.56199,44.13777],[11.56248,44.13779],[11.56308,44.13789],[11.56375,44.13779]],[[11.56999,44.14079],[11.5711,44.13954],[11.57124,44.13946]],[[11.57124,44.13946],[11.5715,44.13938],[11.57205,44.13939],[11.57289,44.13955],[11.57349,44.13976],[11.57383,44.14008],[11.57436,44.14091],[11.57484,44.14144],[11.57503,44.14173]],[[11.57503,44.14173],[11.57543,44.14268]],[[11.57543,44.14268],[11.57571,44.14338],[11.57587,44.14351],[11.5764,44.14381],[11.5766,44.14387],[11.57762,44.14402],[11.57799,44.14416],[11.57834,44.1445],[11.57898,44.14528]],[[11.57898,44.14528],[11.57932,44.14565],[11.57981,44.14604],[11.58011,44.14633],[11.58028,44.14667],[11.58053,44.14762],[11.58088,44.14861]],[[11.58088,44.14861],[11.58108,44.14903]],[[11.58108,44.14903],[11.58241,44.15187],[11.58259,44.15218],[11.58306,44.15277]],[[11.58306,44.15277],[11.58321,44.15332]],[[11.58321,44.15332],[11.58332,44.15343],[11.58382,44.15366],[11.584,44.15388],[11.58441,44.15463],[11.5848,44.15553]],[[11.5848,44.15553],[11.58488,44.15574]],[[11.58488,44.15574],[11.585,44.15599]],[[11.585,44.15599],[11.58545,44.15711],[11.58578,44.15812],[11.58588,44.15833],[11.58632,44.15891]],[[11.58632,44.15891],[11.5869,44.15966],[11.58764,44.16029]],[[11.55001,44.11239],[11.55016,44.11225],[11.55021,44.11214],[11.55045,44.11078],[11.55058,44.11054],[11.55107,44.11001],[11.55119,44.1094]],[[11.55119,44.1094],[11.55136,44.1092],[11.55167,44.10904],[11.55176,44.10893],[11.55172,44.10855],[11.55174,44.10843],[11.55186,44.10826],[11.55256,44.10749],[11.55301,44.10714],[11.55338,44.10705],[11.55383,44.10709],[11.55505,44.10747],[11.55538,44.10743],[11.55549,44.10735],[11.55568,44.10703],[11.55598,44.10634],[11.55622,44.10595],[11.5564,44.10553],[11.55665,44.10527],[11.55672,44.10489],[11.55691,44.10474],[11.55748,44.10454],[11.55777,44.10433],[11.55815,44.10391],[11.55855,44.10322],[11.55891,44.10293],[11.5602,44.10241],[11.56038,44.10218],[11.56036,44.10163]],[[11.56036,44.10163],[11.56056,44.10134],[11.56181,44.10047],[11.56291,44.09998],[11.56388,44.09981]],[[11.56388,44.09981],[11.56443,44.09956]],[[11.56443,44.09956],[11.56487,44.09932],[11.56509,44.09925],[11.56629,44.09962],[11.56713,44.09974],[11.56733,44.09982],[11.568,44.10063],[11.5686,44.10122]],[[11.5686,44.10122],[11.56927,44.10202],[11.56944,44.10214],[11.57069,44.10282],[11.57092,44.10288],[11.57116,44.10288],[11.57123,44.10271],[11.57119,44.10265],[11.57085,44.1024],[11.57027,44.10164],[11.57024,44.10136],[11.57009,44.10108],[11.57007,44.10095],[11.57015,44.10061],[11.5701,44.10029],[11.57003,44.10013],[11.56964,44.09978],[11.56955,44.09948],[11.56969,44.09931],[11.56999,44.09923],[11.57088,44.09944],[11.57144,44.09943]],[[11.57144,44.09943],[11.57226,44.09929],[11.57272,44.09932],[11.57281,44.09927],[11.57284,44.09918],[11.57283,44.09907],[11.57254,44.0987],[11.5723,44.09852],[11.57141,44.09806],[11.5714,44.09798],[11.57146,44.09791],[11.57195,44.09768],[11.5721,44.0975],[11.57209,44.09738],[11.57177,44.09703],[11.5717,44.09685]],[[11.5717,44.09685],[11.57176,44.09678],[11.57192,44.09671],[11.57296,44.09642],[11.57308,44.09644],[11.57331,44.09657],[11.57336,44.09674],[11.57347,44.09688],[11.5736,44.09694],[11.57392,44.09697],[11.57424,44.09689]],[[11.57424,44.09689],[11.57454,44.09682],[11.57503,44.09679],[11.57522,44.09665],[11.57548,44.0963],[11.57562,44.09623],[11.57593,44.09618],[11.57705,44.09651],[11.57764,44.0968]],[[11.57764,44.0968],[11.57805,44.09693],[11.57824,44.09687],[11.57833,44.09674],[11.57831,44.09603],[11.57801,44.09562],[11.57794,44.09542],[11.57806,44.09518]],[[11.57806,44.09518],[11.57841,44.09504],[11.57933,44.09482],[11.57988,44.09481],[11.58058,44.09462],[11.58109,44.09466],[11.58146,44.09462]],[[11.58146,44.09462],[11.58174,44.09439],[11.58175,44.09414],[11.58169,44.09388]],[[11.58169,44.09388],[11.58223,44.09305],[11.58276,44.09247],[11.58278,44.09226],[11.58245,44.09196],[11.58243,44.09186],[11.58247,44.09176],[11.5831,44.0916],[11.58321,44.09151],[11.58351,44.091],[11.58366,44.09085]],[[11.58366,44.09085],[11.584,44.09056],[11.5842,44.09043],[11.58456,44.0903],[11.58471,44.09016],[11.5847,44.08995],[11.58447,44.08924],[11.58448,44.08917]],[[11.58366,44.09085],[11.584,44.09056],[11.5842,44.09043],[11.58456,44.0903],[11.58471,44.09016],[11.5847,44.08995],[11.58447,44.08924],[11.58448,44.08917]],[[11.58366,44.09085],[11.584,44.09056],[11.5842,44.09043],[11.58456,44.0903],[11.58471,44.09016],[11.5847,44.08995],[11.58447,44.08924],[11.58448,44.08917]],[[11.58366,44.09085],[11.584,44.09056],[11.5842,44.09043],[11.58456,44.0903],[11.58471,44.09016],[11.5847,44.08995],[11.58447,44.08924],[11.58448,44.08917]],[[11.54822,44.11248],[11.54831,44.1125],[11.54836,44.11259],[11.54877,44.11258]],[[11.54877,44.11258],[11.54936,44.11249]],[[11.54799,44.11341],[11.54836,44.11352]],[[11.54836,44.11352],[11.5486,44.1136]],[[11.5486,44.1136],[11.54891,44.11375]],[[11.56375,44.13779],[11.56422,44.13771],[11.56451,44.13772],[11.56493,44.13778],[11.56519,44.13787],[11.56574,44.13817],[11.56631,44.13877],[11.56709,44.13935],[11.5677,44.14014],[11.56787,44.14029],[11.56828,44.14045],[11.56928,44.14063],[11.56979,44.14082],[11.56999,44.14079]],[[11.58764,44.16029],[11.58788,44.16075],[11.58813,44.1614]],[[11.58448,44.08917],[11.58455,44.08909]],[[11.58448,44.08917],[11.58455,44.08909]],[[11.58448,44.08917],[11.58455,44.08909]],[[11.58448,44.08917],[11.58455,44.08909]],[[11.54915,44.11388],[11.54945,44.11407],[11.54981,44.11438],[11.55049,44.11531]]]}},{"type":"Feature","properties":{"s":"SP 32","t":"provinciale","n":"S.P. DELLA FAGGIOLA (N. 32)"},"geometry":{"type":"MultiLineString","coordinates":[[[11.4574,44.1535],[11.45793,44.15366]],[[11.46984,44.15596],[11.47037,44.15627],[11.4713,44.15733],[11.47157,44.15749],[11.47229,44.1575],[11.47304,44.15718],[11.4733,44.15712],[11.47365,44.1572],[11.47515,44.15718],[11.4754,44.15725],[11.47566,44.15746],[11.47595,44.15796],[11.47609,44.15809],[11.47639,44.15808],[11.47646,44.15794],[11.47636,44.15769],[11.47602,44.15722],[11.47542,44.15689],[11.4751,44.15662],[11.47441,44.15644],[11.4738,44.15634],[11.47307,44.15643],[11.47281,44.15639],[11.4726,44.15627],[11.47223,44.1558],[11.47166,44.15564],[11.47158,44.15554],[11.47159,44.15544],[11.47215,44.15484],[11.47219,44.15458],[11.47216,44.15414],[11.4718,44.15378],[11.4715,44.15338],[11.47106,44.15235],[11.4707,44.15212],[11.46999,44.15197]],[[11.47252,44.15102],[11.47447,44.15141]],[[11.46999,44.15197],[11.46978,44.15184],[11.46974,44.15174],[11.46984,44.15156],[11.4713,44.15069],[11.47155,44.15062],[11.47182,44.15065],[11.47252,44.15102]],[[11.46652,44.15848],[11.46651,44.15834],[11.46633,44.15801],[11.46555,44.15744],[11.46536,44.1572],[11.46525,44.15693],[11.46531,44.15682],[11.46547,44.15681],[11.46593,44.15713],[11.46614,44.15722],[11.46673,44.15736],[11.46695,44.15737],[11.46706,44.15732],[11.46713,44.15718],[11.46704,44.15703],[11.46626,44.15658],[11.46614,44.1564],[11.46614,44.1563],[11.46626,44.15612],[11.46637,44.15607],[11.46665,44.15604]],[[11.46665,44.15604],[11.46906,44.157],[11.46939,44.15706],[11.46949,44.15693],[11.46946,44.15686],[11.46881,44.15662],[11.4684,44.15627],[11.46824,44.15601],[11.46825,44.15582],[11.46844,44.15557],[11.46856,44.15551],[11.46883,44.15548],[11.46907,44.15554],[11.46984,44.15596]],[[11.48007,44.14833],[11.48018,44.14838],[11.48019,44.14846],[11.47991,44.14885],[11.47964,44.14958],[11.47911,44.15024]],[[11.4635,44.15695],[11.46399,44.15721],[11.46465,44.15786],[11.46548,44.15853],[11.4658,44.15865],[11.46615,44.15866],[11.46637,44.15861],[11.46652,44.15848]],[[11.47447,44.15141],[11.47554,44.15154],[11.47665,44.15159],[11.47694,44.15144],[11.47734,44.15109]],[[11.47734,44.15109],[11.47755,44.1505],[11.47775,44.15027],[11.47863,44.1495],[11.47915,44.14912],[11.47991,44.14834],[11.48007,44.14833]],[[11.47911,44.15024],[11.47896,44.15045],[11.47894,44.15061],[11.47912,44.1515],[11.47941,44.15189],[11.47937,44.15217],[11.47926,44.15236],[11.4774,44.15292],[11.47713,44.15293],[11.47632,44.15269],[11.47598,44.1527],[11.47582,44.15281],[11.47571,44.15297],[11.47566,44.15314],[11.47569,44.15322],[11.47589,44.15343],[11.47609,44.15349],[11.4782,44.15341],[11.47907,44.15328],[11.48056,44.15377],[11.48103,44.15387],[11.48151,44.15416],[11.48184,44.15416],[11.48207,44.15396],[11.48255,44.15333],[11.48306,44.15176],[11.48343,44.15128],[11.48366,44.15117],[11.48386,44.15122],[11.48396,44.15136],[11.48405,44.15162],[11.4842,44.15174],[11.48442,44.15175],[11.48462,44.15167],[11.48467,44.1516],[11.48467,44.15144],[11.48428,44.15069],[11.48424,44.15049],[11.48472,44.15006],[11.48496,44.14996],[11.48517,44.15002],[11.48521,44.15013],[11.48513,44.15043],[11.48521,44.15058],[11.48569,44.15086],[11.4859,44.15093],[11.48612,44.15091],[11.48618,44.15085],[11.4862,44.15069],[11.48607,44.15043],[11.48608,44.15025],[11.48622,44.15008],[11.48635,44.15002],[11.48674,44.15006],[11.48707,44.15034],[11.48747,44.15052],[11.48782,44.15051],[11.48807,44.15036],[11.48831,44.14976],[11.4883,44.14932],[11.48807,44.14869],[11.48781,44.14848],[11.4876,44.14839],[11.48747,44.14816],[11.48754,44.148],[11.48773,44.14777],[11.48787,44.14724],[11.488,44.14711],[11.4882,44.14709],[11.48826,44.14715],[11.48828,44.14731],[11.4882,44.14758],[11.48847,44.1482],[11.48858,44.14827],[11.48886,44.14826],[11.48896,44.14818],[11.48896,44.14807],[11.48877,44.14765],[11.48884,44.1475],[11.48903,44.14744],[11.48922,44.14752],[11.48961,44.14818],[11.48976,44.14833],[11.48998,44.14845],[11.49025,44.14845],[11.4911,44.14829],[11.49201,44.148],[11.49362,44.14792],[11.49434,44.14805],[11.49607,44.1482],[11.49763,44.14902],[11.49789,44.14907],[11.49809,44.14905],[11.49826,44.14875],[11.49851,44.14854],[11.49854,44.14844],[11.4984,44.14809],[11.49833,44.14772],[11.49816,44.14763],[11.49733,44.1477],[11.49702,44.14759],[11.49675,44.1473],[11.49669,44.14703],[11.49647,44.14672],[11.49643,44.14637],[11.49665,44.14605],[11.49675,44.1457],[11.49689,44.14545],[11.4971,44.14524],[11.4979,44.14467],[11.49843,44.14406],[11.49885,44.14389],[11.49979,44.14376],[11.50042,44.14375],[11.50048,44.14369]],[[11.47911,44.15024],[11.47896,44.15045],[11.47894,44.15061],[11.47912,44.1515],[11.47941,44.15189],[11.47937,44.15217],[11.47926,44.15236],[11.4774,44.15292],[11.47713,44.15293],[11.47632,44.15269],[11.47598,44.1527],[11.47582,44.15281],[11.47571,44.15297],[11.47566,44.15314],[11.47569,44.15322],[11.47589,44.15343],[11.47609,44.15349],[11.4782,44.15341],[11.47907,44.15328],[11.48056,44.15377],[11.48103,44.15387],[11.48151,44.15416],[11.48184,44.15416],[11.48207,44.15396],[11.48255,44.15333],[11.48306,44.15176],[11.48343,44.15128],[11.48366,44.15117],[11.48386,44.15122],[11.48396,44.15136],[11.48405,44.15162],[11.4842,44.15174],[11.48442,44.15175],[11.48462,44.15167],[11.48467,44.1516],[11.48467,44.15144],[11.48428,44.15069],[11.48424,44.15049],[11.48472,44.15006],[11.48496,44.14996],[11.48517,44.15002],[11.48521,44.15013],[11.48513,44.15043],[11.48521,44.15058],[11.48569,44.15086],[11.4859,44.15093],[11.48612,44.15091],[11.48618,44.15085],[11.4862,44.15069],[11.48607,44.15043],[11.48608,44.15025],[11.48622,44.15008],[11.48635,44.15002],[11.48674,44.15006],[11.48707,44.15034],[11.48747,44.15052],[11.48782,44.15051],[11.48807,44.15036],[11.48831,44.14976],[11.4883,44.14932],[11.48807,44.14869],[11.48781,44.14848],[11.4876,44.14839],[11.48747,44.14816],[11.48754,44.148],[11.48773,44.14777],[11.48787,44.14724],[11.488,44.14711],[11.4882,44.14709],[11.48826,44.14715],[11.48828,44.14731],[11.4882,44.14758],[11.48847,44.1482],[11.48858,44.14827],[11.48886,44.14826],[11.48896,44.14818],[11.48896,44.14807],[11.48877,44.14765],[11.48884,44.1475],[11.48903,44.14744],[11.48922,44.14752],[11.48961,44.14818],[11.48976,44.14833],[11.48998,44.14845],[11.49025,44.14845],[11.4911,44.14829],[11.49201,44.148],[11.49362,44.14792],[11.49434,44.14805],[11.49607,44.1482],[11.49763,44.14902],[11.49789,44.14907],[11.49809,44.14905],[11.49826,44.14875],[11.49851,44.14854],[11.49854,44.14844],[11.4984,44.14809],[11.49833,44.14772],[11.49816,44.14763],[11.49733,44.1477],[11.49702,44.14759],[11.49675,44.1473],[11.49669,44.14703],[11.49647,44.14672],[11.49643,44.14637],[11.49665,44.14605],[11.49675,44.1457],[11.49689,44.14545],[11.4971,44.14524],[11.4979,44.14467],[11.49843,44.14406],[11.49885,44.14389],[11.49979,44.14376],[11.50042,44.14375],[11.50048,44.14369]],[[11.47911,44.15024],[11.47896,44.15045],[11.47894,44.15061],[11.47912,44.1515],[11.47941,44.15189],[11.47937,44.15217],[11.47926,44.15236],[11.4774,44.15292],[11.47713,44.15293],[11.47632,44.15269],[11.47598,44.1527],[11.47582,44.15281],[11.47571,44.15297],[11.47566,44.15314],[11.47569,44.15322],[11.47589,44.15343],[11.47609,44.15349],[11.4782,44.15341],[11.47907,44.15328],[11.48056,44.15377],[11.48103,44.15387],[11.48151,44.15416],[11.48184,44.15416],[11.48207,44.15396],[11.48255,44.15333],[11.48306,44.15176],[11.48343,44.15128],[11.48366,44.15117],[11.48386,44.15122],[11.48396,44.15136],[11.48405,44.15162],[11.4842,44.15174],[11.48442,44.15175],[11.48462,44.15167],[11.48467,44.1516],[11.48467,44.15144],[11.48428,44.15069],[11.48424,44.15049],[11.48472,44.15006],[11.48496,44.14996],[11.48517,44.15002],[11.48521,44.15013],[11.48513,44.15043],[11.48521,44.15058],[11.48569,44.15086],[11.4859,44.15093],[11.48612,44.15091],[11.48618,44.15085],[11.4862,44.15069],[11.48607,44.15043],[11.48608,44.15025],[11.48622,44.15008],[11.48635,44.15002],[11.48674,44.15006],[11.48707,44.15034],[11.48747,44.15052],[11.48782,44.15051],[11.48807,44.15036],[11.48831,44.14976],[11.4883,44.14932],[11.48807,44.14869],[11.48781,44.14848],[11.4876,44.14839],[11.48747,44.14816],[11.48754,44.148],[11.48773,44.14777],[11.48787,44.14724],[11.488,44.14711],[11.4882,44.14709],[11.48826,44.14715],[11.48828,44.14731],[11.4882,44.14758],[11.48847,44.1482],[11.48858,44.14827],[11.48886,44.14826],[11.48896,44.14818],[11.48896,44.14807],[11.48877,44.14765],[11.48884,44.1475],[11.48903,44.14744],[11.48922,44.14752],[11.48961,44.14818],[11.48976,44.14833],[11.48998,44.14845],[11.49025,44.14845],[11.4911,44.14829],[11.49201,44.148],[11.49362,44.14792],[11.49434,44.14805],[11.49607,44.1482],[11.49763,44.14902],[11.49789,44.14907],[11.49809,44.14905],[11.49826,44.14875],[11.49851,44.14854],[11.49854,44.14844],[11.4984,44.14809],[11.49833,44.14772],[11.49816,44.14763],[11.49733,44.1477],[11.49702,44.14759],[11.49675,44.1473],[11.49669,44.14703],[11.49647,44.14672],[11.49643,44.14637],[11.49665,44.14605],[11.49675,44.1457],[11.49689,44.14545],[11.4971,44.14524],[11.4979,44.14467],[11.49843,44.14406],[11.49885,44.14389],[11.49979,44.14376],[11.50042,44.14375],[11.50048,44.14369]],[[11.47911,44.15024],[11.47896,44.15045],[11.47894,44.15061],[11.47912,44.1515],[11.47941,44.15189],[11.47937,44.15217],[11.47926,44.15236],[11.4774,44.15292],[11.47713,44.15293],[11.47632,44.15269],[11.47598,44.1527],[11.47582,44.15281],[11.47571,44.15297],[11.47566,44.15314],[11.47569,44.15322],[11.47589,44.15343],[11.47609,44.15349],[11.4782,44.15341],[11.47907,44.15328],[11.48056,44.15377],[11.48103,44.15387],[11.48151,44.15416],[11.48184,44.15416],[11.48207,44.15396],[11.48255,44.15333],[11.48306,44.15176],[11.48343,44.15128],[11.48366,44.15117],[11.48386,44.15122],[11.48396,44.15136],[11.48405,44.15162],[11.4842,44.15174],[11.48442,44.15175],[11.48462,44.15167],[11.48467,44.1516],[11.48467,44.15144],[11.48428,44.15069],[11.48424,44.15049],[11.48472,44.15006],[11.48496,44.14996],[11.48517,44.15002],[11.48521,44.15013],[11.48513,44.15043],[11.48521,44.15058],[11.48569,44.15086],[11.4859,44.15093],[11.48612,44.15091],[11.48618,44.15085],[11.4862,44.15069],[11.48607,44.15043],[11.48608,44.15025],[11.48622,44.15008],[11.48635,44.15002],[11.48674,44.15006],[11.48707,44.15034],[11.48747,44.15052],[11.48782,44.15051],[11.48807,44.15036],[11.48831,44.14976],[11.4883,44.14932],[11.48807,44.14869],[11.48781,44.14848],[11.4876,44.14839],[11.48747,44.14816],[11.48754,44.148],[11.48773,44.14777],[11.48787,44.14724],[11.488,44.14711],[11.4882,44.14709],[11.48826,44.14715],[11.48828,44.14731],[11.4882,44.14758],[11.48847,44.1482],[11.48858,44.14827],[11.48886,44.14826],[11.48896,44.14818],[11.48896,44.14807],[11.48877,44.14765],[11.48884,44.1475],[11.48903,44.14744],[11.48922,44.14752],[11.48961,44.14818],[11.48976,44.14833],[11.48998,44.14845],[11.49025,44.14845],[11.4911,44.14829],[11.49201,44.148],[11.49362,44.14792],[11.49434,44.14805],[11.49607,44.1482],[11.49763,44.14902],[11.49789,44.14907],[11.49809,44.14905],[11.49826,44.14875],[11.49851,44.14854],[11.49854,44.14844],[11.4984,44.14809],[11.49833,44.14772],[11.49816,44.14763],[11.49733,44.1477],[11.49702,44.14759],[11.49675,44.1473],[11.49669,44.14703],[11.49647,44.14672],[11.49643,44.14637],[11.49665,44.14605],[11.49675,44.1457],[11.49689,44.14545],[11.4971,44.14524],[11.4979,44.14467],[11.49843,44.14406],[11.49885,44.14389],[11.49979,44.14376],[11.50042,44.14375],[11.50048,44.14369]],[[11.45794,44.15396],[11.45797,44.15388],[11.45793,44.15366]],[[11.45793,44.15366],[11.45895,44.15385],[11.45918,44.15394],[11.45934,44.1541],[11.4594,44.15429],[11.45924,44.15491],[11.45924,44.15526],[11.45957,44.15612],[11.45999,44.15643],[11.46019,44.15652],[11.46066,44.15662],[11.46114,44.15654],[11.46128,44.15657],[11.46139,44.15662],[11.4616,44.15685],[11.46185,44.15703],[11.46208,44.15706],[11.4635,44.15695]],[[11.54617,44.11409],[11.54583,44.11422],[11.54513,44.11435]],[[11.54513,44.11435],[11.54425,44.1145],[11.54309,44.11496],[11.54194,44.1152],[11.54109,44.11582]],[[11.54109,44.11582],[11.5403,44.11604],[11.53844,44.11693]],[[11.53844,44.11693],[11.53809,44.11702]],[[11.53809,44.11702],[11.53699,44.11722]],[[11.53699,44.11722],[11.53641,44.11728],[11.53597,44.11726]],[[11.53597,44.11726],[11.53406,44.11704],[11.53382,44.11712],[11.53302,44.11782],[11.53269,44.11817]],[[11.53269,44.11817],[11.53227,44.11855],[11.53185,44.1191],[11.53032,44.11995],[11.52874,44.12046],[11.52826,44.12095]],[[11.52826,44.12095],[11.52817,44.12108]],[[11.52817,44.12108],[11.52822,44.12124],[11.52828,44.1213],[11.52885,44.12159],[11.52912,44.12181],[11.52943,44.12221],[11.52972,44.12269],[11.52974,44.1229],[11.52965,44.12298],[11.52931,44.1231],[11.52882,44.12311],[11.5286,44.12301],[11.52841,44.12259],[11.52834,44.12254],[11.52808,44.12249],[11.52768,44.12259],[11.52751,44.12268],[11.52706,44.12308],[11.52681,44.12323],[11.52615,44.12336],[11.52603,44.12343],[11.52592,44.1236],[11.52581,44.12401],[11.52561,44.12417],[11.52536,44.12422],[11.52496,44.12409],[11.52478,44.12408],[11.52408,44.1244],[11.52322,44.12456],[11.52308,44.12463],[11.52269,44.12495],[11.52187,44.12543],[11.52145,44.12585],[11.52104,44.12601],[11.52047,44.12603],[11.52026,44.12609],[11.5198,44.1263],[11.51928,44.12662],[11.51917,44.12678],[11.51918,44.12718],[11.51899,44.12772],[11.51901,44.12787],[11.51925,44.12827],[11.51924,44.12856]],[[11.51924,44.12856],[11.51915,44.1288],[11.51883,44.12909],[11.51879,44.1292],[11.5188,44.12932],[11.51892,44.12954],[11.5189,44.12959],[11.5182,44.12975],[11.51804,44.12971],[11.51798,44.12942],[11.5178,44.129],[11.51763,44.12878],[11.51745,44.12867],[11.5173,44.1287],[11.51689,44.12899],[11.51653,44.12915],[11.51555,44.1292],[11.51513,44.12942],[11.5148,44.12951],[11.51466,44.1295],[11.51446,44.12941],[11.51432,44.12901],[11.51418,44.12879],[11.51396,44.12875],[11.51376,44.12885],[11.51364,44.12885],[11.51343,44.12873],[11.51327,44.12873],[11.51296,44.12885],[11.51272,44.12899],[11.51256,44.12915],[11.51237,44.12966],[11.51187,44.13018],[11.51148,44.13047],[11.5107,44.13083],[11.51021,44.13114],[11.51019,44.13122]],[[11.51019,44.13122],[11.51018,44.13157],[11.50999,44.13177],[11.50965,44.13196],[11.5096,44.13204],[11.50959,44.1324],[11.50983,44.13261],[11.51005,44.13291],[11.51046,44.13306],[11.51057,44.1332],[11.51072,44.13352],[11.51111,44.13385],[11.51111,44.13399],[11.51064,44.13444],[11.51009,44.13475],[11.5096,44.13547],[11.5096,44.13556],[11.50996,44.13603],[11.51026,44.13613],[11.51083,44.13655]],[[11.51083,44.13655],[11.51134,44.13694],[11.51161,44.13708],[11.51302,44.13761],[11.51318,44.13774],[11.5133,44.13826],[11.51392,44.13838],[11.51426,44.13849],[11.51454,44.13871],[11.51459,44.13882],[11.51458,44.13893],[11.51443,44.13909],[11.5141,44.13915],[11.51336,44.13909],[11.51268,44.13911],[11.51205,44.13966],[11.51199,44.13976],[11.51197,44.14001],[11.5118,44.14007],[11.51162,44.13995],[11.51157,44.13982],[11.51146,44.13916],[11.51133,44.139],[11.51047,44.13886],[11.50982,44.13916]],[[11.50269,44.14227],[11.50242,44.14252],[11.5022,44.14261],[11.50198,44.14259],[11.5015,44.14239],[11.50127,44.14242],[11.50099,44.14273],[11.50081,44.1428],[11.50055,44.14275],[11.50019,44.14284],[11.49989,44.14285],[11.49944,44.14264],[11.49928,44.14266],[11.49922,44.14278],[11.49958,44.143],[11.50007,44.14314],[11.50041,44.14316],[11.50069,44.14333],[11.50071,44.14351],[11.50063,44.14364],[11.50048,44.14369]],[[11.50269,44.14227],[11.50242,44.14252],[11.5022,44.14261],[11.50198,44.14259],[11.5015,44.14239],[11.50127,44.14242],[11.50099,44.14273],[11.50081,44.1428],[11.50055,44.14275],[11.50019,44.14284],[11.49989,44.14285],[11.49944,44.14264],[11.49928,44.14266],[11.49922,44.14278],[11.49958,44.143],[11.50007,44.14314],[11.50041,44.14316],[11.50069,44.14333],[11.50071,44.14351],[11.50063,44.14364],[11.50048,44.14369]],[[11.50269,44.14227],[11.50242,44.14252],[11.5022,44.14261],[11.50198,44.14259],[11.5015,44.14239],[11.50127,44.14242],[11.50099,44.14273],[11.50081,44.1428],[11.50055,44.14275],[11.50019,44.14284],[11.49989,44.14285],[11.49944,44.14264],[11.49928,44.14266],[11.49922,44.14278],[11.49958,44.143],[11.50007,44.14314],[11.50041,44.14316],[11.50069,44.14333],[11.50071,44.14351],[11.50063,44.14364],[11.50048,44.14369]],[[11.50269,44.14227],[11.50242,44.14252],[11.5022,44.14261],[11.50198,44.14259],[11.5015,44.14239],[11.50127,44.14242],[11.50099,44.14273],[11.50081,44.1428],[11.50055,44.14275],[11.50019,44.14284],[11.49989,44.14285],[11.49944,44.14264],[11.49928,44.14266],[11.49922,44.14278],[11.49958,44.143],[11.50007,44.14314],[11.50041,44.14316],[11.50069,44.14333],[11.50071,44.14351],[11.50063,44.14364],[11.50048,44.14369]],[[11.50982,44.13916],[11.50956,44.13925],[11.50933,44.13942],[11.50919,44.13991],[11.50884,44.14021],[11.50874,44.14041],[11.50875,44.14062],[11.50882,44.14068],[11.50901,44.1407],[11.50918,44.14055],[11.5092,44.1403],[11.50926,44.14022],[11.50947,44.1402],[11.50954,44.14036],[11.50893,44.14118],[11.50884,44.14143],[11.50873,44.14153],[11.50851,44.14156],[11.5074,44.14128],[11.50666,44.14129],[11.50634,44.1415],[11.50612,44.1419],[11.50602,44.14198],[11.50553,44.14202],[11.50524,44.14215],[11.50511,44.14216],[11.50499,44.14214],[11.50472,44.14195],[11.50459,44.14196],[11.50444,44.14203],[11.5043,44.14219],[11.50434,44.1425],[11.50412,44.14261],[11.50325,44.14251],[11.5029,44.14228],[11.50269,44.14227]]]}},{"type":"Feature","properties":{"s":"SP 34","t":"provinciale","n":"S.P. DI ROSANO (N. 34)"},"geometry":{"type":"MultiLineString","coordinates":[[[11.41407,43.77424],[11.41285,43.77415]],[[11.41407,43.77424],[11.41285,43.77415]],[[11.41407,43.77424],[11.41285,43.77415]],[[11.41407,43.77424],[11.41285,43.77415]],[[11.41622,43.77425],[11.41564,43.77438]],[[11.4162,43.77461],[11.41598,43.77449],[11.41564,43.77438]],[[11.41564,43.77438],[11.41407,43.77424]],[[11.41564,43.77438],[11.41407,43.77424]],[[11.41564,43.77438],[11.41407,43.77424]],[[11.41564,43.77438],[11.41407,43.77424]]]}},{"type":"Feature","properties":{"s":"SP 36","t":"provinciale","n":"S.P. DI MONTEPIANO (N. 36)"},"geometry":{"type":"MultiLineString","coordinates":[[[11.23191,44.01667],[11.23165,44.017],[11.23125,44.01726]],[[11.22851,44.01929],[11.22827,44.01937],[11.22771,44.01933]],[[11.21655,44.02876],[11.21611,44.02894]],[[11.21611,44.02894],[11.21565,44.02917],[11.2154,44.02942],[11.21532,44.02959],[11.2153,44.03046],[11.21522,44.03117],[11.21509,44.03146],[11.21485,44.03172],[11.21457,44.03216],[11.21432,44.03302],[11.21399,44.03353],[11.21364,44.0343],[11.21353,44.03479],[11.21356,44.03564],[11.21325,44.03637],[11.21282,44.03697],[11.21242,44.03779],[11.21214,44.03803],[11.2111,44.03856],[11.2109,44.03895],[11.21062,44.03929],[11.20982,44.03983],[11.20914,44.04053]],[[11.20304,44.04479],[11.20358,44.04444],[11.20404,44.04429],[11.20422,44.04421],[11.20456,44.04395],[11.20491,44.04384],[11.20505,44.04372],[11.20525,44.04333],[11.20538,44.04327],[11.20653,44.04313],[11.20661,44.04307],[11.20662,44.04298],[11.20638,44.04268],[11.2063,44.04246],[11.20632,44.04216],[11.20648,44.04191],[11.20657,44.04188],[11.20714,44.04194],[11.20734,44.04193],[11.20753,44.04185],[11.20814,44.04151],[11.20861,44.04115],[11.20914,44.04053]],[[11.19552,44.0572],[11.19516,44.0573],[11.19483,44.05747],[11.19455,44.0577],[11.19455,44.05787]],[[11.19455,44.05787],[11.19452,44.05813],[11.19434,44.05853],[11.19431,44.05874],[11.19441,44.05898],[11.19494,44.05935],[11.195,44.05961],[11.19492,44.05987],[11.19476,44.05998],[11.19379,44.06028],[11.19331,44.06036],[11.19277,44.06031],[11.19264,44.06034]],[[11.19264,44.06034],[11.1921,44.06065],[11.19106,44.061],[11.19089,44.06112],[11.19039,44.06158],[11.19041,44.06172],[11.19051,44.06182],[11.19096,44.06208],[11.1909,44.06222],[11.19029,44.06287],[11.19019,44.06293],[11.18972,44.06292],[11.18957,44.06298],[11.18943,44.06316],[11.18951,44.06342],[11.18947,44.06379],[11.18953,44.06393],[11.18974,44.06402],[11.19085,44.06428],[11.19115,44.06458],[11.19122,44.06472],[11.19121,44.06483],[11.1911,44.06495],[11.19043,44.06533],[11.18902,44.06571],[11.18829,44.06605],[11.18645,44.06658]],[[11.23656,44.01225],[11.2356,44.01254],[11.23327,44.01292]],[[11.23125,44.01726],[11.22961,44.0186],[11.22925,44.01881]],[[11.22925,44.01881],[11.22851,44.01929]],[[11.2011,44.04653],[11.2006,44.04701],[11.19937,44.04776],[11.19908,44.0485]],[[11.20304,44.04479],[11.20232,44.04574],[11.20162,44.04605],[11.20144,44.04617],[11.2011,44.04653]],[[11.19584,44.04963],[11.19651,44.05002],[11.19653,44.05009]],[[11.19813,44.05149],[11.19847,44.05176],[11.19848,44.05192],[11.19804,44.05233],[11.19732,44.05279],[11.19721,44.05308],[11.19678,44.05347],[11.19675,44.05354],[11.19676,44.05362],[11.19685,44.0537],[11.19768,44.05436],[11.19777,44.05453],[11.19776,44.05482],[11.19759,44.0551],[11.19679,44.05512],[11.19666,44.05516],[11.19644,44.05542],[11.19597,44.05581],[11.1959,44.05597],[11.19593,44.05677],[11.19552,44.0572]],[[11.19653,44.05009],[11.19669,44.05079],[11.1968,44.0509],[11.19774,44.05124],[11.19813,44.05149]],[[11.23695,44.01184],[11.23682,44.01206],[11.23656,44.01225]],[[11.23697,44.01158],[11.23695,44.01184]],[[11.23695,44.01184],[11.23719,44.01178]],[[11.23191,44.01667],[11.23155,44.01655],[11.23031,44.01586]],[[11.23,44.01568],[11.23021,44.01544]],[[11.23023,44.01571],[11.23,44.01568]],[[11.23031,44.01586],[11.23012,44.01585],[11.23,44.01568]],[[11.23031,44.01586],[11.23023,44.01571]],[[11.23023,44.01571],[11.23021,44.01544]],[[11.22255,44.02571],[11.22231,44.02576],[11.22199,44.0259],[11.22201,44.02605]],[[11.22255,44.02571],[11.22246,44.02581],[11.22207,44.02597],[11.22201,44.02605]],[[11.22201,44.02605],[11.22206,44.02628]],[[11.22206,44.02628],[11.22217,44.02647],[11.22214,44.02656],[11.22206,44.02662],[11.22187,44.02665],[11.22163,44.02654],[11.22113,44.0262],[11.22099,44.02571],[11.22074,44.02532],[11.22011,44.02484],[11.21989,44.02482],[11.21983,44.02531],[11.21975,44.02542],[11.21941,44.02565],[11.21928,44.0259],[11.21867,44.02611],[11.21767,44.02698],[11.21769,44.02771],[11.21809,44.02817],[11.21811,44.02829],[11.21784,44.02842],[11.21655,44.02876]],[[11.19908,44.0485],[11.19901,44.04863]],[[11.19901,44.04863],[11.19858,44.04912],[11.19831,44.04933],[11.19799,44.04946],[11.19765,44.04946],[11.19654,44.04931],[11.19626,44.04937],[11.19584,44.04963]],[[11.22771,44.01933],[11.22706,44.01922],[11.22691,44.01921],[11.22673,44.01928],[11.22633,44.01982],[11.22593,44.02013],[11.2258,44.0206],[11.22529,44.02156],[11.22502,44.02181],[11.2246,44.02211],[11.22374,44.02245],[11.2237,44.02259],[11.22347,44.02301],[11.22344,44.02313],[11.2235,44.02339],[11.22333,44.02376],[11.22281,44.02437],[11.22247,44.02466],[11.22232,44.02486],[11.22234,44.02509],[11.22262,44.02549],[11.2226,44.02566],[11.22255,44.02571]],[[11.23021,44.01544],[11.23036,44.01525],[11.2305,44.01464],[11.23049,44.01435],[11.2303,44.01376]],[[11.23327,44.01292],[11.23074,44.01333]],[[11.23074,44.01333],[11.23039,44.01335],[11.23019,44.01343]],[[11.2303,44.01376],[11.23043,44.0135],[11.23074,44.01333]],[[11.2303,44.01376],[11.23019,44.01343]]]}},{"type":"Feature","properties":{"s":"SP 37","t":"provinciale","n":"S.P. GALLIANO SANT'AGATA (N. 37)"},"geometry":{"type":"MultiLineString","coordinates":[[[11.28805,43.98045],[11.28825,43.98041],[11.28847,43.98045]],[[11.28847,43.98045],[11.28835,43.97981]],[[11.28805,43.98045],[11.28812,43.98061],[11.28838,43.98085]],[[11.28757,43.98104],[11.28797,43.98085],[11.28838,43.98085]],[[11.28838,43.98085],[11.28881,43.98121]],[[11.28847,43.98045],[11.28881,43.98121]],[[11.28943,43.9912],[11.2895,43.99168],[11.28943,43.99318],[11.28931,43.99516],[11.28921,43.99563]],[[11.28943,43.9912],[11.2895,43.99168],[11.28943,43.99318],[11.28931,43.99516],[11.28921,43.99563]],[[11.28943,43.9912],[11.2895,43.99168],[11.28943,43.99318],[11.28931,43.99516],[11.28921,43.99563]],[[11.28943,43.9912],[11.2895,43.99168],[11.28943,43.99318],[11.28931,43.99516],[11.28921,43.99563]],[[11.28467,44.00194],[11.28463,44.0023]],[[11.28881,43.98121],[11.28891,43.98146],[11.28895,43.98169],[11.28889,43.98189],[11.28869,43.98211],[11.28785,43.98283],[11.28758,43.98325],[11.2875,43.98404],[11.28747,43.98509],[11.28748,43.98544],[11.28768,43.98609]],[[11.28768,43.98609],[11.28943,43.9912]],[[11.28768,43.98609],[11.28943,43.9912]],[[11.28768,43.98609],[11.28943,43.9912]],[[11.28768,43.98609],[11.28943,43.9912]],[[11.28751,44.00853],[11.28791,44.00944],[11.28799,44.00982],[11.28802,44.0104],[11.2878,44.0112],[11.28743,44.01223]],[[11.28463,44.0023],[11.28453,44.003],[11.28453,44.00332],[11.2846,44.00359],[11.28545,44.00516],[11.28628,44.00656],[11.28717,44.00787],[11.28751,44.00853]],[[11.28738,44.01257],[11.28748,44.01282],[11.28767,44.01302]],[[11.28734,44.01288],[11.28767,44.01302]],[[11.28738,44.01257],[11.28734,44.01288]],[[11.28743,44.01223],[11.28738,44.01257]],[[11.29615,44.01736],[11.29663,44.0176]],[[11.29574,44.01706],[11.29615,44.01736]],[[11.29501,44.01639],[11.29574,44.01706]],[[11.29107,44.01452],[11.29125,44.01459]],[[11.29159,44.01469],[11.29288,44.01475],[11.29326,44.01483]],[[11.29125,44.01459],[11.29159,44.01469]],[[11.2873,44.01312],[11.28734,44.01288]],[[11.2902,44.01395],[11.28993,44.01354],[11.28966,44.01338],[11.28939,44.0133],[11.28834,44.01334],[11.28806,44.01325],[11.28767,44.01302]],[[11.2873,44.01312],[11.28767,44.01302]],[[11.28921,43.99563],[11.28899,43.9961],[11.28512,44.0012],[11.28467,44.00194]],[[11.29663,44.0176],[11.29697,44.01766],[11.29715,44.01764],[11.29822,44.01733],[11.29857,44.01734],[11.2991,44.01743]],[[11.29663,44.0176],[11.29697,44.01766],[11.29715,44.01764],[11.29822,44.01733],[11.29857,44.01734],[11.2991,44.01743]],[[11.29663,44.0176],[11.29697,44.01766],[11.29715,44.01764],[11.29822,44.01733],[11.29857,44.01734],[11.2991,44.01743]],[[11.29663,44.0176],[11.29697,44.01766],[11.29715,44.01764],[11.29822,44.01733],[11.29857,44.01734],[11.2991,44.01743]],[[11.29107,44.01452],[11.29057,44.01431],[11.2902,44.01395]],[[11.29326,44.01483],[11.29357,44.01499],[11.29378,44.01519]],[[11.29378,44.01519],[11.29501,44.01639]],[[11.33427,44.01983],[11.33357,44.02001],[11.33305,44.02026],[11.33245,44.02028],[11.33206,44.02044]],[[11.33206,44.02044],[11.3316,44.02027],[11.33,44.01989]],[[11.33,44.01989],[11.32984,44.02004],[11.32976,44.02058],[11.32954,44.02078],[11.32893,44.02108],[11.32822,44.02121]],[[11.33442,44.01719],[11.33458,44.01672],[11.3349,44.01633]],[[11.32822,44.02121],[11.32737,44.02115],[11.32708,44.02103],[11.32611,44.01998],[11.32399,44.01857],[11.32367,44.01841],[11.32318,44.01833],[11.3223,44.01825],[11.32133,44.01844],[11.32098,44.01844],[11.32001,44.01805],[11.31868,44.01776],[11.3183,44.01782],[11.31818,44.0179],[11.31808,44.01808],[11.31814,44.01836],[11.31859,44.01967],[11.31861,44.01984],[11.31853,44.01999],[11.31827,44.02016],[11.31684,44.02048],[11.3163,44.0208]],[[11.33447,44.01848],[11.33433,44.01775],[11.33436,44.0174]],[[11.33557,44.01568],[11.33613,44.01483],[11.33717,44.01387],[11.33762,44.01339],[11.33789,44.01294],[11.33804,44.01235],[11.3382,44.01204],[11.33953,44.01053],[11.34085,44.0086],[11.34188,44.00783],[11.34404,44.00596],[11.34461,44.00536],[11.34496,44.00488],[11.34511,44.00408],[11.34527,44.00385],[11.34556,44.00371],[11.34638,44.00347],[11.34659,44.00336],[11.34675,44.0032],[11.34682,44.00292],[11.34678,44.0022],[11.34694,44.0014],[11.34692,44.00091]],[[11.33436,44.0174],[11.33442,44.01719]],[[11.3163,44.0208],[11.31569,44.02107]],[[11.31569,44.02107],[11.31526,44.02106],[11.31494,44.02095],[11.31178,44.0189],[11.31145,44.01876],[11.31119,44.01873],[11.30969,44.01881],[11.30876,44.01908],[11.30741,44.01924],[11.30639,44.01959],[11.30544,44.01981],[11.30376,44.02015],[11.30341,44.02013],[11.30321,44.02004],[11.30307,44.01992],[11.30288,44.01857],[11.30273,44.01832],[11.3024,44.01804],[11.3018,44.01786],[11.2991,44.01743]],[[11.31569,44.02107],[11.31526,44.02106],[11.31494,44.02095],[11.31178,44.0189],[11.31145,44.01876],[11.31119,44.01873],[11.30969,44.01881],[11.30876,44.01908],[11.30741,44.01924],[11.30639,44.01959],[11.30544,44.01981],[11.30376,44.02015],[11.30341,44.02013],[11.30321,44.02004],[11.30307,44.01992],[11.30288,44.01857],[11.30273,44.01832],[11.3024,44.01804],[11.3018,44.01786],[11.2991,44.01743]],[[11.31569,44.02107],[11.31526,44.02106],[11.31494,44.02095],[11.31178,44.0189],[11.31145,44.01876],[11.31119,44.01873],[11.30969,44.01881],[11.30876,44.01908],[11.30741,44.01924],[11.30639,44.01959],[11.30544,44.01981],[11.30376,44.02015],[11.30341,44.02013],[11.30321,44.02004],[11.30307,44.01992],[11.30288,44.01857],[11.30273,44.01832],[11.3024,44.01804],[11.3018,44.01786],[11.2991,44.01743]],[[11.31569,44.02107],[11.31526,44.02106],[11.31494,44.02095],[11.31178,44.0189],[11.31145,44.01876],[11.31119,44.01873],[11.30969,44.01881],[11.30876,44.01908],[11.30741,44.01924],[11.30639,44.01959],[11.30544,44.01981],[11.30376,44.02015],[11.30341,44.02013],[11.30321,44.02004],[11.30307,44.01992],[11.30288,44.01857],[11.30273,44.01832],[11.3024,44.01804],[11.3018,44.01786],[11.2991,44.01743]],[[11.33427,44.01983],[11.33428,44.01975]],[[11.33428,44.01975],[11.33435,44.01921]],[[11.33435,44.01921],[11.33444,44.01862]],[[11.33444,44.01862],[11.33447,44.01848]],[[11.3349,44.01633],[11.33505,44.0162]],[[11.33505,44.0162],[11.33557,44.01568]],[[11.34954,43.99857],[11.34912,43.99872],[11.34884,43.99909],[11.34866,43.99922],[11.34782,43.99962],[11.34745,43.99972],[11.34707,43.99969],[11.34687,43.99974],[11.34681,43.99987],[11.34681,44.00013]],[[11.34954,43.99857],[11.34989,43.99845]],[[11.34993,43.99861],[11.34954,43.99857]],[[11.34692,44.00091],[11.34681,44.00013]]]}},{"type":"Feature","properties":{"s":"SP 39","t":"provinciale","n":"S.P. DI PANNA (N. 39)"},"geometry":{"type":"MultiLineString","coordinates":[[[11.28931,44.01974],[11.28934,44.01999]],[[11.28815,44.0219],[11.28794,44.02211],[11.28794,44.02224],[11.28802,44.02238],[11.29,44.02496]],[[11.29,44.02496],[11.28998,44.02538],[11.2898,44.02644],[11.29026,44.0268],[11.29037,44.02695],[11.29043,44.02724],[11.2904,44.02759],[11.29024,44.02797],[11.28948,44.02928],[11.28932,44.02966],[11.28914,44.02984],[11.28875,44.03006],[11.28826,44.03093]],[[11.28826,44.03093],[11.28817,44.03109],[11.28801,44.03118],[11.28727,44.03127],[11.28709,44.0313],[11.28705,44.03135],[11.28707,44.03144],[11.28742,44.03174],[11.28751,44.03189],[11.28751,44.03202],[11.28707,44.03272],[11.28693,44.03335],[11.28635,44.03372],[11.28619,44.03411],[11.28617,44.03438],[11.28621,44.03458],[11.28666,44.03491],[11.28676,44.03506],[11.2868,44.03527],[11.28676,44.03563],[11.28661,44.03617],[11.28646,44.03643]],[[11.28826,44.03093],[11.28817,44.03109],[11.28801,44.03118],[11.28727,44.03127],[11.28709,44.0313],[11.28705,44.03135],[11.28707,44.03144],[11.28742,44.03174],[11.28751,44.03189],[11.28751,44.03202],[11.28707,44.03272],[11.28693,44.03335],[11.28635,44.03372],[11.28619,44.03411],[11.28617,44.03438],[11.28621,44.03458],[11.28666,44.03491],[11.28676,44.03506],[11.2868,44.03527],[11.28676,44.03563],[11.28661,44.03617],[11.28646,44.03643]],[[11.28826,44.03093],[11.28817,44.03109],[11.28801,44.03118],[11.28727,44.03127],[11.28709,44.0313],[11.28705,44.03135],[11.28707,44.03144],[11.28742,44.03174],[11.28751,44.03189],[11.28751,44.03202],[11.28707,44.03272],[11.28693,44.03335],[11.28635,44.03372],[11.28619,44.03411],[11.28617,44.03438],[11.28621,44.03458],[11.28666,44.03491],[11.28676,44.03506],[11.2868,44.03527],[11.28676,44.03563],[11.28661,44.03617],[11.28646,44.03643]],[[11.28826,44.03093],[11.28817,44.03109],[11.28801,44.03118],[11.28727,44.03127],[11.28709,44.0313],[11.28705,44.03135],[11.28707,44.03144],[11.28742,44.03174],[11.28751,44.03189],[11.28751,44.03202],[11.28707,44.03272],[11.28693,44.03335],[11.28635,44.03372],[11.28619,44.03411],[11.28617,44.03438],[11.28621,44.03458],[11.28666,44.03491],[11.28676,44.03506],[11.2868,44.03527],[11.28676,44.03563],[11.28661,44.03617],[11.28646,44.03643]],[[11.2842,44.07115],[11.284,44.07113],[11.28389,44.07107],[11.28383,44.07095],[11.28378,44.07045],[11.28215,44.06935],[11.28174,44.0692],[11.28156,44.06923],[11.2813,44.06936],[11.28126,44.06948]],[[11.2842,44.07115],[11.284,44.07113],[11.28389,44.07107],[11.28383,44.07095],[11.28378,44.07045],[11.28215,44.06935],[11.28174,44.0692],[11.28156,44.06923],[11.2813,44.06936],[11.28126,44.06948]],[[11.2842,44.07115],[11.284,44.07113],[11.28389,44.07107],[11.28383,44.07095],[11.28378,44.07045],[11.28215,44.06935],[11.28174,44.0692],[11.28156,44.06923],[11.2813,44.06936],[11.28126,44.06948]],[[11.2842,44.07115],[11.284,44.07113],[11.28389,44.07107],[11.28383,44.07095],[11.28378,44.07045],[11.28215,44.06935],[11.28174,44.0692],[11.28156,44.06923],[11.2813,44.06936],[11.28126,44.06948]],[[11.28126,44.06948],[11.28192,44.07062],[11.2819,44.07074],[11.28174,44.07087],[11.28124,44.07102],[11.28061,44.07101],[11.2791,44.07073],[11.27762,44.07059],[11.2762,44.07026],[11.27585,44.07024],[11.27558,44.07027],[11.27313,44.07124],[11.27099,44.07123],[11.27027,44.07111]],[[11.28923,44.01928],[11.28931,44.01974]],[[11.28763,44.0156],[11.28803,44.01667],[11.28904,44.01845],[11.28923,44.01928]],[[11.2873,44.01312],[11.28721,44.01407],[11.28724,44.01448],[11.28763,44.0156]],[[11.28934,44.01999],[11.28932,44.0204],[11.28911,44.0208],[11.28856,44.02159],[11.28815,44.0219]],[[11.29037,44.05728],[11.29,44.05635],[11.28925,44.05521],[11.28913,44.05497],[11.28912,44.0548],[11.28918,44.05454],[11.28962,44.05411],[11.28985,44.05379],[11.28991,44.0536],[11.2899,44.05341],[11.28976,44.05306],[11.2895,44.05191],[11.28953,44.05119],[11.28942,44.05101],[11.2889,44.0505],[11.28882,44.05035],[11.28886,44.04955],[11.28899,44.04931],[11.28901,44.04917],[11.28875,44.04882],[11.28895,44.04841],[11.28895,44.0482],[11.28848,44.04789],[11.28833,44.04747],[11.28818,44.04721],[11.28786,44.04683],[11.28779,44.04667],[11.2878,44.0465],[11.2883,44.04529],[11.28832,44.04492],[11.28813,44.04439],[11.28762,44.04377],[11.28735,44.04318],[11.28619,44.03904],[11.28597,44.03734],[11.286,44.03712],[11.28646,44.03643]],[[11.29037,44.05728],[11.29,44.05635],[11.28925,44.05521],[11.28913,44.05497],[11.28912,44.0548],[11.28918,44.05454],[11.28962,44.05411],[11.28985,44.05379],[11.28991,44.0536],[11.2899,44.05341],[11.28976,44.05306],[11.2895,44.05191],[11.28953,44.05119],[11.28942,44.05101],[11.2889,44.0505],[11.28882,44.05035],[11.28886,44.04955],[11.28899,44.04931],[11.28901,44.04917],[11.28875,44.04882],[11.28895,44.04841],[11.28895,44.0482],[11.28848,44.04789],[11.28833,44.04747],[11.28818,44.04721],[11.28786,44.04683],[11.28779,44.04667],[11.2878,44.0465],[11.2883,44.04529],[11.28832,44.04492],[11.28813,44.04439],[11.28762,44.04377],[11.28735,44.04318],[11.28619,44.03904],[11.28597,44.03734],[11.286,44.03712],[11.28646,44.03643]],[[11.29037,44.05728],[11.29,44.05635],[11.28925,44.05521],[11.28913,44.05497],[11.28912,44.0548],[11.28918,44.05454],[11.28962,44.05411],[11.28985,44.05379],[11.28991,44.0536],[11.2899,44.05341],[11.28976,44.05306],[11.2895,44.05191],[11.28953,44.05119],[11.28942,44.05101],[11.2889,44.0505],[11.28882,44.05035],[11.28886,44.04955],[11.28899,44.04931],[11.28901,44.04917],[11.28875,44.04882],[11.28895,44.04841],[11.28895,44.0482],[11.28848,44.04789],[11.28833,44.04747],[11.28818,44.04721],[11.28786,44.04683],[11.28779,44.04667],[11.2878,44.0465],[11.2883,44.04529],[11.28832,44.04492],[11.28813,44.04439],[11.28762,44.04377],[11.28735,44.04318],[11.28619,44.03904],[11.28597,44.03734],[11.286,44.03712],[11.28646,44.03643]],[[11.29037,44.05728],[11.29,44.05635],[11.28925,44.05521],[11.28913,44.05497],[11.28912,44.0548],[11.28918,44.05454],[11.28962,44.05411],[11.28985,44.05379],[11.28991,44.0536],[11.2899,44.05341],[11.28976,44.05306],[11.2895,44.05191],[11.28953,44.05119],[11.28942,44.05101],[11.2889,44.0505],[11.28882,44.05035],[11.28886,44.04955],[11.28899,44.04931],[11.28901,44.04917],[11.28875,44.04882],[11.28895,44.04841],[11.28895,44.0482],[11.28848,44.04789],[11.28833,44.04747],[11.28818,44.04721],[11.28786,44.04683],[11.28779,44.04667],[11.2878,44.0465],[11.2883,44.04529],[11.28832,44.04492],[11.28813,44.04439],[11.28762,44.04377],[11.28735,44.04318],[11.28619,44.03904],[11.28597,44.03734],[11.286,44.03712],[11.28646,44.03643]],[[11.2842,44.07115],[11.28437,44.07111],[11.28496,44.07042],[11.28529,44.07016],[11.28585,44.07001],[11.28745,44.06985],[11.2877,44.06978],[11.2878,44.0697],[11.28783,44.0696],[11.28779,44.06825],[11.28799,44.06752],[11.2884,44.06693],[11.28912,44.0662],[11.28937,44.06584],[11.28941,44.06536],[11.28938,44.06509],[11.2891,44.0646],[11.28903,44.06389]],[[11.2842,44.07115],[11.28437,44.07111],[11.28496,44.07042],[11.28529,44.07016],[11.28585,44.07001],[11.28745,44.06985],[11.2877,44.06978],[11.2878,44.0697],[11.28783,44.0696],[11.28779,44.06825],[11.28799,44.06752],[11.2884,44.06693],[11.28912,44.0662],[11.28937,44.06584],[11.28941,44.06536],[11.28938,44.06509],[11.2891,44.0646],[11.28903,44.06389]],[[11.2842,44.07115],[11.28437,44.07111],[11.28496,44.07042],[11.28529,44.07016],[11.28585,44.07001],[11.28745,44.06985],[11.2877,44.06978],[11.2878,44.0697],[11.28783,44.0696],[11.28779,44.06825],[11.28799,44.06752],[11.2884,44.06693],[11.28912,44.0662],[11.28937,44.06584],[11.28941,44.06536],[11.28938,44.06509],[11.2891,44.0646],[11.28903,44.06389]],[[11.2842,44.07115],[11.28437,44.07111],[11.28496,44.07042],[11.28529,44.07016],[11.28585,44.07001],[11.28745,44.06985],[11.2877,44.06978],[11.2878,44.0697],[11.28783,44.0696],[11.28779,44.06825],[11.28799,44.06752],[11.2884,44.06693],[11.28912,44.0662],[11.28937,44.06584],[11.28941,44.06536],[11.28938,44.06509],[11.2891,44.0646],[11.28903,44.06389]],[[11.28903,44.06389],[11.2891,44.06357],[11.28915,44.06282],[11.28934,44.06263],[11.28996,44.06235],[11.29025,44.06191],[11.29027,44.06073],[11.2902,44.06053],[11.28991,44.06011],[11.28987,44.05989],[11.29002,44.05903],[11.29061,44.05814],[11.2906,44.05797],[11.29037,44.05728]],[[11.28903,44.06389],[11.2891,44.06357],[11.28915,44.06282],[11.28934,44.06263],[11.28996,44.06235],[11.29025,44.06191],[11.29027,44.06073],[11.2902,44.06053],[11.28991,44.06011],[11.28987,44.05989],[11.29002,44.05903],[11.29061,44.05814],[11.2906,44.05797],[11.29037,44.05728]],[[11.28903,44.06389],[11.2891,44.06357],[11.28915,44.06282],[11.28934,44.06263],[11.28996,44.06235],[11.29025,44.06191],[11.29027,44.06073],[11.2902,44.06053],[11.28991,44.06011],[11.28987,44.05989],[11.29002,44.05903],[11.29061,44.05814],[11.2906,44.05797],[11.29037,44.05728]],[[11.28903,44.06389],[11.2891,44.06357],[11.28915,44.06282],[11.28934,44.06263],[11.28996,44.06235],[11.29025,44.06191],[11.29027,44.06073],[11.2902,44.06053],[11.28991,44.06011],[11.28987,44.05989],[11.29002,44.05903],[11.29061,44.05814],[11.2906,44.05797],[11.29037,44.05728]]]}},{"type":"Feature","properties":{"s":"SP 41","t":"provinciale","n":"S.P. DI SAGGINALE (N.41)"},"geometry":{"type":"MultiLineString","coordinates":[[[11.41222,43.93266],[11.4115,43.93274]],[[11.4195,43.93312],[11.41838,43.93312]],[[11.39145,43.94108],[11.38889,43.94275],[11.38847,43.94309],[11.38816,43.94345]],[[11.38693,43.94576],[11.3871,43.9456]],[[11.3864,43.9458],[11.38671,43.94583],[11.38693,43.94576]],[[11.3871,43.9456],[11.38699,43.94591]],[[11.38693,43.94576],[11.38679,43.9459],[11.38672,43.94605]],[[11.38672,43.94605],[11.38699,43.94591]],[[11.38699,43.94591],[11.38688,43.94638]],[[11.42311,43.9332],[11.42236,43.93303]],[[11.42311,43.9332],[11.42236,43.93303]],[[11.42311,43.9332],[11.42236,43.93303]],[[11.42311,43.9332],[11.42236,43.93303]],[[11.39145,43.94108],[11.3962,43.93801]],[[11.41528,43.933],[11.41222,43.93266]],[[11.42095,43.93298],[11.4195,43.93312]],[[11.41838,43.93312],[11.41528,43.933]],[[11.40314,43.93604],[11.40865,43.93335],[11.40956,43.93308],[11.4115,43.93274]],[[11.38753,43.94466],[11.3871,43.9456]],[[11.42236,43.93303],[11.42166,43.93295],[11.42095,43.93298]],[[11.38816,43.94345],[11.38793,43.94381],[11.38753,43.94466]],[[11.3962,43.93801],[11.39691,43.93758],[11.39733,43.9374],[11.3978,43.9373],[11.39925,43.93717]],[[11.39925,43.93717],[11.3999,43.93711],[11.40108,43.9368],[11.40234,43.9364],[11.40314,43.93604]],[[11.50979,43.8983],[11.51122,43.89763]],[[11.50979,43.8983],[11.51122,43.89763]],[[11.50979,43.8983],[11.51122,43.89763]],[[11.50979,43.8983],[11.51122,43.89763]],[[11.52144,43.88738],[11.52094,43.88829],[11.52091,43.88844]],[[11.52096,43.89045],[11.52094,43.88972]],[[11.52102,43.89065],[11.52142,43.89082],[11.52179,43.89087]],[[11.52179,43.89087],[11.5228,43.89098]],[[11.52102,43.89065],[11.52106,43.89054],[11.52096,43.89045]],[[11.52096,43.89045],[11.52077,43.89048]],[[11.52077,43.89048],[11.52072,43.89054],[11.52073,43.89062]],[[11.52094,43.88972],[11.52091,43.88844]],[[11.52073,43.89062],[11.52086,43.89069],[11.52102,43.89065]],[[11.51374,43.89006],[11.514,43.88988],[11.5148,43.88907],[11.51559,43.88839],[11.51609,43.88803],[11.51642,43.88787],[11.51728,43.88695],[11.51764,43.88672],[11.51798,43.88665],[11.51859,43.88671],[11.52135,43.88725],[11.52144,43.88738]],[[11.51122,43.89763],[11.51322,43.89652],[11.51345,43.89633],[11.51362,43.8961],[11.51369,43.8958],[11.51373,43.89486],[11.51386,43.89442],[11.51376,43.89435],[11.51303,43.89445],[11.51268,43.89423]],[[11.51268,43.89423],[11.51346,43.89352],[11.5136,43.89326],[11.51361,43.89289],[11.51318,43.89112],[11.51316,43.89085],[11.51326,43.89033],[11.5134,43.8902],[11.51374,43.89006]],[[11.42515,43.93366],[11.42547,43.9337]],[[11.44574,43.9263],[11.44776,43.92583]],[[11.42547,43.9337],[11.42612,43.93371],[11.42659,43.93363],[11.43026,43.93234]],[[11.42311,43.9332],[11.42515,43.93366]],[[11.42311,43.9332],[11.42515,43.93366]],[[11.42311,43.9332],[11.42515,43.93366]],[[11.42311,43.9332],[11.42515,43.93366]],[[11.45398,43.92509],[11.4552,43.92529],[11.45591,43.9255],[11.45648,43.92585],[11.457,43.92637]],[[11.44163,43.92821],[11.44309,43.92735]],[[11.44776,43.92583],[11.45038,43.92524],[11.45124,43.9251],[11.45261,43.92502],[11.45398,43.92509]],[[11.44309,43.92735],[11.44438,43.92675],[11.44574,43.9263]],[[11.43486,43.93102],[11.43609,43.93099],[11.43687,43.93075],[11.43886,43.92983],[11.44163,43.92821]],[[11.43026,43.93234],[11.43349,43.93113],[11.43411,43.93102],[11.43486,43.93102]],[[11.457,43.92637],[11.45844,43.92783],[11.45862,43.92794],[11.45906,43.92808],[11.45953,43.92815],[11.45989,43.92812],[11.46177,43.92766],[11.46245,43.92754]],[[11.50162,43.90411],[11.50277,43.90343],[11.50428,43.902],[11.50472,43.90168],[11.50531,43.90135],[11.50748,43.9003],[11.50795,43.89988],[11.50853,43.89913],[11.50979,43.8983]],[[11.50162,43.90411],[11.50277,43.90343],[11.50428,43.902],[11.50472,43.90168],[11.50531,43.90135],[11.50748,43.9003],[11.50795,43.89988],[11.50853,43.89913],[11.50979,43.8983]],[[11.50162,43.90411],[11.50277,43.90343],[11.50428,43.902],[11.50472,43.90168],[11.50531,43.90135],[11.50748,43.9003],[11.50795,43.89988],[11.50853,43.89913],[11.50979,43.8983]],[[11.50162,43.90411],[11.50277,43.90343],[11.50428,43.902],[11.50472,43.90168],[11.50531,43.90135],[11.50748,43.9003],[11.50795,43.89988],[11.50853,43.89913],[11.50979,43.8983]],[[11.46245,43.92754],[11.46422,43.92731],[11.4651,43.92727],[11.46644,43.92754],[11.4669,43.9277],[11.46715,43.92786]],[[11.46715,43.92786],[11.46781,43.92844],[11.46808,43.92862],[11.46996,43.92948],[11.47052,43.92965],[11.47151,43.92975],[11.47199,43.92984],[11.47397,43.9304],[11.47469,43.9305],[11.47569,43.93017],[11.47849,43.929],[11.47992,43.928],[11.48101,43.92747]],[[11.5008,43.90582],[11.50093,43.90534],[11.50153,43.90446],[11.50162,43.90411]],[[11.49382,43.92037],[11.49422,43.92],[11.49525,43.91967],[11.49662,43.91962],[11.49871,43.91935],[11.49894,43.91931],[11.4991,43.91922],[11.4997,43.91856],[11.50028,43.91756],[11.50036,43.91675],[11.50057,43.91595],[11.50152,43.91363],[11.50152,43.91336],[11.50298,43.9127],[11.50393,43.91163],[11.50391,43.91135],[11.50355,43.91067],[11.50083,43.90755],[11.50073,43.90721],[11.5008,43.90582]],[[11.48101,43.92747],[11.48198,43.92703]],[[11.48198,43.92703],[11.48321,43.92678],[11.48445,43.92636],[11.48557,43.92626],[11.48793,43.9257],[11.48844,43.92567],[11.48904,43.92581],[11.48926,43.9258],[11.48958,43.92567],[11.49082,43.925]],[[11.49082,43.925],[11.49197,43.92438],[11.49211,43.92423],[11.49218,43.92398],[11.49225,43.92316]],[[11.49225,43.92316],[11.49329,43.92086],[11.49341,43.92069],[11.49382,43.92037]]]}},{"type":"Feature","properties":{"s":"SP 42","t":"provinciale","n":"S.P. DI LUCO O DEL BAGNONE (N. 42)"},"geometry":{"type":"MultiLineString","coordinates":[[[11.36154,43.96135],[11.36141,43.96054],[11.36145,43.9602],[11.36156,43.95987],[11.36171,43.95961]],[[11.36154,43.96135],[11.36141,43.96054],[11.36145,43.9602],[11.36156,43.95987],[11.36171,43.95961]],[[11.36154,43.96135],[11.36141,43.96054],[11.36145,43.9602],[11.36156,43.95987],[11.36171,43.95961]],[[11.36154,43.96135],[11.36141,43.96054],[11.36145,43.9602],[11.36156,43.95987],[11.36171,43.95961]],[[11.37776,43.98519],[11.37805,43.98581],[11.37802,43.98623]],[[11.37776,43.98519],[11.37805,43.98581],[11.37802,43.98623]],[[11.37776,43.98519],[11.37805,43.98581],[11.37802,43.98623]],[[11.37776,43.98519],[11.37805,43.98581],[11.37802,43.98623]],[[11.37717,43.98615],[11.37802,43.98623]],[[11.37717,43.98615],[11.37802,43.98623]],[[11.37717,43.98615],[11.37802,43.98623]],[[11.37717,43.98615],[11.37802,43.98623]],[[11.37223,43.97873],[11.37253,43.979],[11.37322,43.97979]],[[11.37223,43.97873],[11.37253,43.979],[11.37322,43.97979]],[[11.37223,43.97873],[11.37253,43.979],[11.37322,43.97979]],[[11.37223,43.97873],[11.37253,43.979],[11.37322,43.97979]],[[11.36429,43.9521],[11.36475,43.95339],[11.36496,43.9542],[11.36495,43.95502],[11.36479,43.95565],[11.36442,43.95642],[11.36409,43.95687],[11.3621,43.95909],[11.36171,43.95961]],[[11.37322,43.97979],[11.37477,43.98149],[11.37595,43.98327],[11.37623,43.98361],[11.37776,43.98519]],[[11.37322,43.97979],[11.37477,43.98149],[11.37595,43.98327],[11.37623,43.98361],[11.37776,43.98519]],[[11.37322,43.97979],[11.37477,43.98149],[11.37595,43.98327],[11.37623,43.98361],[11.37776,43.98519]],[[11.37322,43.97979],[11.37477,43.98149],[11.37595,43.98327],[11.37623,43.98361],[11.37776,43.98519]],[[11.36429,43.9521],[11.36406,43.95151],[11.36382,43.95103],[11.36217,43.94843],[11.36152,43.94772],[11.36095,43.9473]],[[11.36095,43.9473],[11.36071,43.94713]],[[11.36071,43.94713],[11.35933,43.94636]],[[11.37223,43.97873],[11.3712,43.97755],[11.36989,43.97624],[11.3682,43.97324]],[[11.37223,43.97873],[11.3712,43.97755],[11.36989,43.97624],[11.3682,43.97324]],[[11.37223,43.97873],[11.3712,43.97755],[11.36989,43.97624],[11.3682,43.97324]],[[11.37223,43.97873],[11.3712,43.97755],[11.36989,43.97624],[11.3682,43.97324]],[[11.37717,43.98615],[11.37646,43.98625],[11.37558,43.98665]],[[11.37717,43.98615],[11.37646,43.98625],[11.37558,43.98665]],[[11.37717,43.98615],[11.37646,43.98625],[11.37558,43.98665]],[[11.37717,43.98615],[11.37646,43.98625],[11.37558,43.98665]],[[11.3682,43.97324],[11.36782,43.97257],[11.36753,43.97226],[11.36706,43.97195],[11.36588,43.97146],[11.36569,43.97127],[11.36556,43.97103],[11.36551,43.9706],[11.36591,43.96975],[11.36597,43.96915],[11.3653,43.96705],[11.36526,43.96679]],[[11.3682,43.97324],[11.36782,43.97257],[11.36753,43.97226],[11.36706,43.97195],[11.36588,43.97146],[11.36569,43.97127],[11.36556,43.97103],[11.36551,43.9706],[11.36591,43.96975],[11.36597,43.96915],[11.3653,43.96705],[11.36526,43.96679]],[[11.3682,43.97324],[11.36782,43.97257],[11.36753,43.97226],[11.36706,43.97195],[11.36588,43.97146],[11.36569,43.97127],[11.36556,43.97103],[11.36551,43.9706],[11.36591,43.96975],[11.36597,43.96915],[11.3653,43.96705],[11.36526,43.96679]],[[11.3682,43.97324],[11.36782,43.97257],[11.36753,43.97226],[11.36706,43.97195],[11.36588,43.97146],[11.36569,43.97127],[11.36556,43.97103],[11.36551,43.9706],[11.36591,43.96975],[11.36597,43.96915],[11.3653,43.96705],[11.36526,43.96679]],[[11.36604,44.00621],[11.36608,44.00598]],[[11.36608,44.00598],[11.36589,44.00604]],[[11.36609,44.00583],[11.36583,44.00596]],[[11.36609,44.00583],[11.3657,44.00577]],[[11.36341,43.99273],[11.364,43.99227],[11.36471,43.99198],[11.36795,43.99081],[11.36992,43.9903],[11.3704,43.99013],[11.37112,43.98966],[11.37188,43.98879],[11.37209,43.98863],[11.3739,43.98753],[11.37558,43.98665]],[[11.36327,43.99303],[11.36341,43.99298],[11.3635,43.99289],[11.36347,43.99277],[11.36341,43.99273]],[[11.36341,43.99273],[11.36335,43.99269],[11.36317,43.99271]],[[11.36317,43.99271],[11.36306,43.99278],[11.36304,43.99286]],[[11.36304,43.99286],[11.36314,43.99301],[11.36327,43.99303]],[[11.36756,44.00497],[11.36609,44.00583]],[[11.36608,44.00598],[11.36746,44.00508],[11.36756,44.00497]],[[11.36327,43.99303],[11.36318,43.99354],[11.36321,43.99418],[11.36334,43.99492],[11.36446,43.99749],[11.3678,44.00381],[11.36787,44.00412]],[[11.36787,44.00412],[11.3678,44.00449]],[[11.3678,44.00449],[11.36772,44.00471],[11.36756,44.00497]],[[11.36154,43.96135],[11.36176,43.96211],[11.36219,43.96296],[11.36247,43.96332],[11.36409,43.9648]],[[11.36154,43.96135],[11.36176,43.96211],[11.36219,43.96296],[11.36247,43.96332],[11.36409,43.9648]],[[11.36154,43.96135],[11.36176,43.96211],[11.36219,43.96296],[11.36247,43.96332],[11.36409,43.9648]],[[11.36154,43.96135],[11.36176,43.96211],[11.36219,43.96296],[11.36247,43.96332],[11.36409,43.9648]],[[11.36409,43.9648],[11.36489,43.96561],[11.36511,43.9661],[11.36526,43.96679]],[[11.36409,43.9648],[11.36489,43.96561],[11.36511,43.9661],[11.36526,43.96679]],[[11.36409,43.9648],[11.36489,43.96561],[11.36511,43.9661],[11.36526,43.96679]],[[11.36409,43.9648],[11.36489,43.96561],[11.36511,43.9661],[11.36526,43.96679]]]}},{"type":"Feature","properties":{"s":"SP 477","t":"provinciale","n":"S.P. DELL'ALPE DI CASAGLIA (N.477)"},"geometry":{"type":"MultiLineString","coordinates":[[[11.48383,44.03873],[11.48395,44.03896],[11.48398,44.03915],[11.48394,44.03951],[11.48385,44.0397],[11.4835,44.03994],[11.48346,44.04013],[11.48335,44.0402],[11.48252,44.04039],[11.48224,44.04055],[11.48204,44.04076],[11.48193,44.04111],[11.4818,44.04136],[11.48162,44.04152],[11.48096,44.0418],[11.47966,44.04207],[11.47871,44.04265],[11.47814,44.04285],[11.47786,44.04288],[11.47653,44.04274],[11.47639,44.04285],[11.47616,44.04317],[11.47587,44.04336],[11.47562,44.04345],[11.47475,44.04349],[11.47421,44.04371],[11.47396,44.04377],[11.47357,44.04377],[11.4731,44.04365],[11.47288,44.04365],[11.47255,44.0439],[11.47209,44.04404],[11.47163,44.04433],[11.47146,44.04453],[11.47153,44.04464]],[[11.47153,44.04464],[11.47189,44.04468],[11.47416,44.04465],[11.47471,44.04503],[11.47554,44.04521],[11.47565,44.04528],[11.47621,44.04609],[11.47663,44.04626],[11.47677,44.04662],[11.4771,44.047],[11.47725,44.04744],[11.47747,44.04776],[11.47754,44.0483],[11.47824,44.04957],[11.47842,44.04972],[11.47919,44.05],[11.47948,44.05029],[11.47991,44.05061],[11.48022,44.05119],[11.48064,44.05305],[11.48128,44.05413],[11.48134,44.0543],[11.48132,44.05455],[11.48112,44.05517],[11.48114,44.05537],[11.48194,44.05639],[11.48192,44.05663],[11.48167,44.05688]],[[11.47153,44.04464],[11.47189,44.04468],[11.47416,44.04465],[11.47471,44.04503],[11.47554,44.04521],[11.47565,44.04528],[11.47621,44.04609],[11.47663,44.04626],[11.47677,44.04662],[11.4771,44.047],[11.47725,44.04744],[11.47747,44.04776],[11.47754,44.0483],[11.47824,44.04957],[11.47842,44.04972],[11.47919,44.05],[11.47948,44.05029],[11.47991,44.05061],[11.48022,44.05119],[11.48064,44.05305],[11.48128,44.05413],[11.48134,44.0543],[11.48132,44.05455],[11.48112,44.05517],[11.48114,44.05537],[11.48194,44.05639],[11.48192,44.05663],[11.48167,44.05688]],[[11.47153,44.04464],[11.47189,44.04468],[11.47416,44.04465],[11.47471,44.04503],[11.47554,44.04521],[11.47565,44.04528],[11.47621,44.04609],[11.47663,44.04626],[11.47677,44.04662],[11.4771,44.047],[11.47725,44.04744],[11.47747,44.04776],[11.47754,44.0483],[11.47824,44.04957],[11.47842,44.04972],[11.47919,44.05],[11.47948,44.05029],[11.47991,44.05061],[11.48022,44.05119],[11.48064,44.05305],[11.48128,44.05413],[11.48134,44.0543],[11.48132,44.05455],[11.48112,44.05517],[11.48114,44.05537],[11.48194,44.05639],[11.48192,44.05663],[11.48167,44.05688]],[[11.47153,44.04464],[11.47189,44.04468],[11.47416,44.04465],[11.47471,44.04503],[11.47554,44.04521],[11.47565,44.04528],[11.47621,44.04609],[11.47663,44.04626],[11.47677,44.04662],[11.4771,44.047],[11.47725,44.04744],[11.47747,44.04776],[11.47754,44.0483],[11.47824,44.04957],[11.47842,44.04972],[11.47919,44.05],[11.47948,44.05029],[11.47991,44.05061],[11.48022,44.05119],[11.48064,44.05305],[11.48128,44.05413],[11.48134,44.0543],[11.48132,44.05455],[11.48112,44.05517],[11.48114,44.05537],[11.48194,44.05639],[11.48192,44.05663],[11.48167,44.05688]],[[11.47802,44.06036],[11.47843,44.0609],[11.4794,44.06165],[11.4798,44.06191],[11.48079,44.06309],[11.48093,44.06342],[11.48139,44.06383],[11.48137,44.06438],[11.48125,44.06464],[11.48121,44.06486],[11.48124,44.06517],[11.48168,44.06598],[11.48189,44.06626],[11.48254,44.06673],[11.48305,44.06685],[11.4836,44.06682],[11.48377,44.06687],[11.48397,44.06712],[11.48415,44.06725],[11.48456,44.06745],[11.48462,44.06756],[11.48462,44.0677],[11.48427,44.06801],[11.48431,44.06844],[11.48427,44.06852],[11.48387,44.06869],[11.48371,44.06879],[11.48364,44.06892],[11.48352,44.0695],[11.48354,44.0697],[11.48371,44.06989],[11.48406,44.07007],[11.48467,44.06999],[11.48488,44.07006],[11.48494,44.07016],[11.48495,44.07038],[11.48466,44.07091],[11.48462,44.07104],[11.48466,44.07119],[11.48473,44.07131],[11.4849,44.07139],[11.4853,44.07147],[11.48536,44.07152]],[[11.48536,44.07152],[11.48544,44.07175],[11.48547,44.07222],[11.48569,44.07245],[11.48585,44.0725],[11.48638,44.07245],[11.48692,44.07255],[11.48708,44.07245],[11.4874,44.0717],[11.48771,44.07117],[11.48782,44.07113],[11.48824,44.0711],[11.48879,44.07094],[11.48963,44.07115],[11.49061,44.07112],[11.49081,44.07116],[11.49114,44.07139],[11.49127,44.07141],[11.49174,44.07131],[11.49218,44.07129],[11.49278,44.07153],[11.493,44.07176],[11.49324,44.07183],[11.49334,44.07171],[11.49334,44.07158],[11.49315,44.07124],[11.49288,44.07098],[11.49288,44.07079],[11.49336,44.07043],[11.494,44.07013],[11.49475,44.07001],[11.49492,44.06994],[11.49497,44.06987],[11.49496,44.06976],[11.49474,44.0694],[11.49484,44.06928],[11.49501,44.0693],[11.49543,44.06979],[11.49545,44.06996],[11.49538,44.07007],[11.49512,44.0702],[11.49456,44.07029],[11.49406,44.07052],[11.49386,44.07067],[11.49383,44.07077],[11.49388,44.07091],[11.49415,44.07125],[11.49457,44.07156],[11.49484,44.07203],[11.49616,44.07266],[11.49641,44.07274],[11.49687,44.07274],[11.49765,44.07308],[11.49768,44.07323],[11.49714,44.07366],[11.4971,44.07458],[11.49718,44.07468],[11.4977,44.07507],[11.49778,44.07552],[11.49815,44.07595],[11.49825,44.07612],[11.4983,44.07639],[11.49839,44.07648],[11.4985,44.07655],[11.49872,44.07656],[11.49884,44.07645],[11.49839,44.07601],[11.49826,44.07548],[11.49808,44.07528],[11.49805,44.075],[11.49766,44.07452],[11.49764,44.07438],[11.4977,44.07422],[11.49793,44.07382],[11.49801,44.07376],[11.49844,44.07368],[11.49874,44.07352],[11.49968,44.07338],[11.49984,44.0734],[11.49992,44.07346],[11.49993,44.07354],[11.49986,44.07361],[11.49896,44.07369],[11.49837,44.07398],[11.49824,44.07407],[11.4982,44.07417],[11.49826,44.07436],[11.49906,44.07505],[11.49918,44.07519],[11.49927,44.07554],[11.4995,44.07566],[11.50021,44.07563],[11.5004,44.07569],[11.50074,44.07601],[11.50112,44.07609],[11.5013,44.07618],[11.50169,44.0765],[11.50224,44.0767],[11.5023,44.07683],[11.50231,44.07714],[11.50238,44.07724],[11.50315,44.07773],[11.50331,44.07778],[11.50381,44.07774],[11.50405,44.07779]],[[11.50405,44.07779],[11.50488,44.07831]],[[11.50488,44.07831],[11.5051,44.07836],[11.50552,44.0782],[11.50575,44.07821],[11.50589,44.07835],[11.5059,44.07867],[11.50604,44.07887],[11.5062,44.07896],[11.50699,44.0791],[11.50723,44.07929],[11.50725,44.07945],[11.50719,44.07952],[11.50683,44.07969],[11.50679,44.07989],[11.50707,44.08084],[11.50731,44.08107],[11.50835,44.08152],[11.50939,44.08157],[11.50998,44.08183],[11.51041,44.08181],[11.51124,44.08163],[11.51143,44.08173],[11.51172,44.08213],[11.51221,44.08244],[11.5128,44.08262],[11.5133,44.08254],[11.51356,44.08255],[11.51389,44.08274],[11.51401,44.08305]],[[11.51401,44.08305],[11.51426,44.08373],[11.5148,44.08394],[11.51516,44.08449],[11.51516,44.08502],[11.51522,44.0856],[11.51539,44.08574],[11.51593,44.08576],[11.51605,44.08581],[11.51612,44.0859],[11.51612,44.08601],[11.51593,44.08647],[11.51592,44.08657],[11.51613,44.08696],[11.5161,44.08706]],[[11.5161,44.08706],[11.51564,44.08753],[11.51543,44.08784]],[[11.51543,44.08784],[11.51546,44.08894],[11.5155,44.08904],[11.51574,44.08915],[11.5162,44.08925],[11.5165,44.0894],[11.51669,44.08953],[11.51691,44.08979],[11.51768,44.09018],[11.51801,44.09046],[11.51839,44.09112],[11.51897,44.09148],[11.51914,44.09168],[11.51889,44.0928],[11.51894,44.09289],[11.5192,44.0931],[11.5193,44.09323],[11.51936,44.09334],[11.51938,44.09365],[11.5191,44.09438],[11.51881,44.09441],[11.51875,44.09437],[11.51873,44.09428],[11.51893,44.09356],[11.51887,44.09335],[11.51869,44.09333],[11.51858,44.09338],[11.51854,44.09346],[11.51856,44.09378],[11.51846,44.09399],[11.51828,44.09405],[11.51813,44.094],[11.51811,44.09384],[11.51826,44.09357],[11.51822,44.09336],[11.51799,44.09304],[11.51795,44.09272],[11.51782,44.09262],[11.5177,44.09262]],[[11.5177,44.09262],[11.51756,44.09271],[11.51723,44.0936]],[[11.51723,44.0936],[11.51726,44.09382],[11.51776,44.09428],[11.51791,44.09479],[11.51803,44.09491],[11.51859,44.09514],[11.51884,44.09559],[11.51943,44.09586],[11.51995,44.09633],[11.52033,44.09628],[11.52133,44.09594],[11.52168,44.09595],[11.52185,44.09605],[11.52196,44.09619],[11.52211,44.09658],[11.52223,44.09667],[11.52288,44.09677],[11.52303,44.09687],[11.52317,44.0972],[11.52328,44.09733],[11.52385,44.09738],[11.52391,44.09758]],[[11.52391,44.09758],[11.52372,44.09748]],[[11.52391,44.09758],[11.52407,44.0978],[11.52438,44.098],[11.52446,44.09814],[11.52466,44.09833],[11.52493,44.09835],[11.52519,44.09823],[11.52548,44.09828],[11.52563,44.09856],[11.52565,44.09879],[11.5256,44.09903],[11.52564,44.09913],[11.52594,44.09949],[11.52642,44.09972],[11.52653,44.09988],[11.52657,44.10015],[11.52664,44.10028],[11.52756,44.10131]],[[11.52756,44.10131],[11.52795,44.10184],[11.52869,44.10264],[11.52895,44.10311],[11.52966,44.10387],[11.53118,44.10484]],[[11.53118,44.10484],[11.53123,44.10492],[11.53125,44.10519]],[[11.53125,44.10519],[11.53148,44.10562],[11.53179,44.10598],[11.53282,44.10656]],[[11.53282,44.10656],[11.53359,44.10729]],[[11.53359,44.10729],[11.53451,44.10793]],[[11.53451,44.10793],[11.53541,44.10847]],[[11.53541,44.10847],[11.53634,44.10902],[11.53736,44.10941]],[[11.542,44.11192],[11.54387,44.11291]],[[11.54387,44.11291],[11.54599,44.11399]],[[11.53736,44.10941],[11.54149,44.11165]],[[11.54149,44.11165],[11.542,44.11192]],[[11.54799,44.11341],[11.5477,44.11343]],[[11.5477,44.11343],[11.54721,44.11348],[11.54698,44.11356],[11.54632,44.11404],[11.54617,44.11409]],[[11.54599,44.11399],[11.54617,44.11409]],[[11.48167,44.05688],[11.48153,44.05701],[11.48135,44.05707],[11.48081,44.0571],[11.4806,44.05717],[11.48035,44.05736],[11.4796,44.05778],[11.47902,44.05874],[11.47892,44.05884],[11.47859,44.05897],[11.47845,44.0591],[11.47802,44.05964],[11.47788,44.06003],[11.47789,44.06018],[11.47802,44.06036]],[[11.48167,44.05688],[11.48153,44.05701],[11.48135,44.05707],[11.48081,44.0571],[11.4806,44.05717],[11.48035,44.05736],[11.4796,44.05778],[11.47902,44.05874],[11.47892,44.05884],[11.47859,44.05897],[11.47845,44.0591],[11.47802,44.05964],[11.47788,44.06003],[11.47789,44.06018],[11.47802,44.06036]],[[11.48167,44.05688],[11.48153,44.05701],[11.48135,44.05707],[11.48081,44.0571],[11.4806,44.05717],[11.48035,44.05736],[11.4796,44.05778],[11.47902,44.05874],[11.47892,44.05884],[11.47859,44.05897],[11.47845,44.0591],[11.47802,44.05964],[11.47788,44.06003],[11.47789,44.06018],[11.47802,44.06036]],[[11.48167,44.05688],[11.48153,44.05701],[11.48135,44.05707],[11.48081,44.0571],[11.4806,44.05717],[11.48035,44.05736],[11.4796,44.05778],[11.47902,44.05874],[11.47892,44.05884],[11.47859,44.05897],[11.47845,44.0591],[11.47802,44.05964],[11.47788,44.06003],[11.47789,44.06018],[11.47802,44.06036]]]}},{"type":"Feature","properties":{"s":"SP 503","t":"provinciale","n":"S.P. DEL PASSO DEL GIOGO (N. 503)"},"geometry":{"type":"MultiLineString","coordinates":[[[11.38011,44.09932],[11.37903,44.10088]],[[11.3859,44.07218],[11.38651,44.07277],[11.38681,44.07317],[11.38682,44.0733],[11.38667,44.07335],[11.38607,44.07324],[11.38537,44.07341],[11.38519,44.07351],[11.38514,44.07365],[11.38532,44.07398],[11.38534,44.07408],[11.38528,44.07418],[11.38502,44.07428],[11.38466,44.07429],[11.38397,44.07477],[11.38391,44.07492],[11.38394,44.07529],[11.38365,44.0757],[11.38335,44.07599],[11.38364,44.07684],[11.38358,44.07704],[11.38328,44.07743],[11.3831,44.07759],[11.38249,44.07769],[11.38185,44.07795],[11.38064,44.07872],[11.38047,44.07906]],[[11.38022,44.11577],[11.38004,44.11637]],[[11.39583,44.06169],[11.39617,44.06172],[11.39631,44.06169],[11.3968,44.06128],[11.39726,44.0611]],[[11.3615,44.11807],[11.36128,44.11818],[11.36018,44.11904],[11.35999,44.11913],[11.35989,44.11912],[11.3598,44.119],[11.35987,44.11855],[11.3598,44.11819],[11.35966,44.11774],[11.35929,44.11697],[11.35825,44.11663],[11.35763,44.11654],[11.35688,44.11651],[11.35629,44.11664],[11.35575,44.11643],[11.35526,44.11636],[11.35499,44.1164],[11.35459,44.1166],[11.35398,44.11669],[11.35386,44.11677],[11.35387,44.11714],[11.35381,44.1173],[11.35356,44.11748],[11.35301,44.11765],[11.35239,44.11772],[11.35216,44.11772],[11.35179,44.11749],[11.35164,44.11747],[11.35117,44.11756],[11.35008,44.11736],[11.34895,44.11741],[11.34784,44.11734],[11.34709,44.11704],[11.34672,44.11694],[11.34608,44.11698],[11.34527,44.11722],[11.34492,44.11727],[11.34455,44.11727],[11.3439,44.11702],[11.34363,44.11701],[11.34327,44.11711],[11.34263,44.1174],[11.34236,44.1176],[11.34164,44.11833],[11.34021,44.1192],[11.33996,44.11942],[11.33992,44.1196],[11.33992,44.12076],[11.33954,44.1218],[11.33914,44.12225],[11.33905,44.12243],[11.33896,44.12279],[11.33904,44.12333],[11.33902,44.1235],[11.33855,44.12432],[11.33789,44.12473],[11.33773,44.12499],[11.33783,44.12661],[11.33772,44.12686],[11.33738,44.12724],[11.33733,44.12743],[11.33738,44.12761],[11.33765,44.12811],[11.33761,44.12827],[11.33707,44.12863],[11.33666,44.12898],[11.33662,44.12908],[11.33665,44.12935],[11.3364,44.12975],[11.3363,44.13028],[11.33603,44.13043],[11.33532,44.13062],[11.33513,44.13076],[11.33485,44.13115],[11.33442,44.13132],[11.33433,44.13141],[11.33437,44.13222],[11.33402,44.13308],[11.33386,44.13317],[11.33344,44.13302],[11.33327,44.13304],[11.33318,44.13336]],[[11.3202,44.13805],[11.32016,44.1387]],[[11.37903,44.10088],[11.37823,44.10212]],[[11.37959,44.11737],[11.37802,44.11727]],[[11.37981,44.11699],[11.37968,44.11733],[11.37959,44.11737]],[[11.37802,44.11727],[11.37713,44.11712]],[[11.39726,44.0611],[11.3973,44.061],[11.39708,44.06058],[11.39711,44.06043],[11.39741,44.06016],[11.398,44.06005],[11.39812,44.05996],[11.39811,44.05977],[11.39787,44.05945],[11.39778,44.0592],[11.39779,44.05903],[11.39792,44.05868],[11.39792,44.05838]],[[11.39792,44.05838],[11.39787,44.05822],[11.39769,44.05797],[11.39741,44.05777],[11.39654,44.05767],[11.39528,44.05727],[11.39512,44.05727],[11.39501,44.05734],[11.39474,44.05762],[11.39454,44.0576],[11.39418,44.05725],[11.39385,44.05675],[11.39321,44.0568],[11.39302,44.05674],[11.39299,44.05667],[11.39301,44.05661],[11.39328,44.0563],[11.39331,44.05619],[11.39325,44.05608],[11.39315,44.056],[11.39151,44.05533],[11.39124,44.05529],[11.39038,44.05531],[11.39009,44.05523],[11.39009,44.05509],[11.39048,44.05488],[11.39064,44.05472],[11.39064,44.05444],[11.3904,44.05364],[11.39041,44.0532],[11.39059,44.05277],[11.39011,44.05164],[11.39013,44.05111],[11.38971,44.05035],[11.38964,44.05],[11.38965,44.04974],[11.38976,44.04949],[11.3901,44.04905],[11.39059,44.04897],[11.39124,44.04869],[11.39166,44.04856],[11.39174,44.04848],[11.39164,44.04841],[11.39107,44.04834],[11.39064,44.04817],[11.39037,44.04801],[11.39029,44.04778],[11.39036,44.04762],[11.39056,44.04738],[11.39051,44.04724],[11.38962,44.04716],[11.38901,44.04706],[11.38851,44.04711],[11.38827,44.04707]],[[11.39792,44.05838],[11.39787,44.05822],[11.39769,44.05797],[11.39741,44.05777],[11.39654,44.05767],[11.39528,44.05727],[11.39512,44.05727],[11.39501,44.05734],[11.39474,44.05762],[11.39454,44.0576],[11.39418,44.05725],[11.39385,44.05675],[11.39321,44.0568],[11.39302,44.05674],[11.39299,44.05667],[11.39301,44.05661],[11.39328,44.0563],[11.39331,44.05619],[11.39325,44.05608],[11.39315,44.056],[11.39151,44.05533],[11.39124,44.05529],[11.39038,44.05531],[11.39009,44.05523],[11.39009,44.05509],[11.39048,44.05488],[11.39064,44.05472],[11.39064,44.05444],[11.3904,44.05364],[11.39041,44.0532],[11.39059,44.05277],[11.39011,44.05164],[11.39013,44.05111],[11.38971,44.05035],[11.38964,44.05],[11.38965,44.04974],[11.38976,44.04949],[11.3901,44.04905],[11.39059,44.04897],[11.39124,44.04869],[11.39166,44.04856],[11.39174,44.04848],[11.39164,44.04841],[11.39107,44.04834],[11.39064,44.04817],[11.39037,44.04801],[11.39029,44.04778],[11.39036,44.04762],[11.39056,44.04738],[11.39051,44.04724],[11.38962,44.04716],[11.38901,44.04706],[11.38851,44.04711],[11.38827,44.04707]],[[11.39792,44.05838],[11.39787,44.05822],[11.39769,44.05797],[11.39741,44.05777],[11.39654,44.05767],[11.39528,44.05727],[11.39512,44.05727],[11.39501,44.05734],[11.39474,44.05762],[11.39454,44.0576],[11.39418,44.05725],[11.39385,44.05675],[11.39321,44.0568],[11.39302,44.05674],[11.39299,44.05667],[11.39301,44.05661],[11.39328,44.0563],[11.39331,44.05619],[11.39325,44.05608],[11.39315,44.056],[11.39151,44.05533],[11.39124,44.05529],[11.39038,44.05531],[11.39009,44.05523],[11.39009,44.05509],[11.39048,44.05488],[11.39064,44.05472],[11.39064,44.05444],[11.3904,44.05364],[11.39041,44.0532],[11.39059,44.05277],[11.39011,44.05164],[11.39013,44.05111],[11.38971,44.05035],[11.38964,44.05],[11.38965,44.04974],[11.38976,44.04949],[11.3901,44.04905],[11.39059,44.04897],[11.39124,44.04869],[11.39166,44.04856],[11.39174,44.04848],[11.39164,44.04841],[11.39107,44.04834],[11.39064,44.04817],[11.39037,44.04801],[11.39029,44.04778],[11.39036,44.04762],[11.39056,44.04738],[11.39051,44.04724],[11.38962,44.04716],[11.38901,44.04706],[11.38851,44.04711],[11.38827,44.04707]],[[11.39792,44.05838],[11.39787,44.05822],[11.39769,44.05797],[11.39741,44.05777],[11.39654,44.05767],[11.39528,44.05727],[11.39512,44.05727],[11.39501,44.05734],[11.39474,44.05762],[11.39454,44.0576],[11.39418,44.05725],[11.39385,44.05675],[11.39321,44.0568],[11.39302,44.05674],[11.39299,44.05667],[11.39301,44.05661],[11.39328,44.0563],[11.39331,44.05619],[11.39325,44.05608],[11.39315,44.056],[11.39151,44.05533],[11.39124,44.05529],[11.39038,44.05531],[11.39009,44.05523],[11.39009,44.05509],[11.39048,44.05488],[11.39064,44.05472],[11.39064,44.05444],[11.3904,44.05364],[11.39041,44.0532],[11.39059,44.05277],[11.39011,44.05164],[11.39013,44.05111],[11.38971,44.05035],[11.38964,44.05],[11.38965,44.04974],[11.38976,44.04949],[11.3901,44.04905],[11.39059,44.04897],[11.39124,44.04869],[11.39166,44.04856],[11.39174,44.04848],[11.39164,44.04841],[11.39107,44.04834],[11.39064,44.04817],[11.39037,44.04801],[11.39029,44.04778],[11.39036,44.04762],[11.39056,44.04738],[11.39051,44.04724],[11.38962,44.04716],[11.38901,44.04706],[11.38851,44.04711],[11.38827,44.04707]],[[11.39136,44.06533],[11.39077,44.06546],[11.39047,44.06561]],[[11.3899,44.06583],[11.38965,44.06595],[11.3895,44.06628],[11.38912,44.06665],[11.38852,44.06699],[11.38765,44.06729]],[[11.39136,44.06533],[11.39185,44.06521],[11.39225,44.06498],[11.3926,44.06472],[11.39285,44.06439],[11.39286,44.06429],[11.39282,44.06423],[11.39235,44.06401],[11.3919,44.06358],[11.39162,44.0634],[11.39145,44.06318],[11.39146,44.06311],[11.39156,44.06301]],[[11.39156,44.06301],[11.39256,44.0631],[11.39379,44.06292],[11.39466,44.0629],[11.39479,44.06284],[11.39495,44.06269],[11.39535,44.06193],[11.39558,44.06174],[11.39583,44.06169]],[[11.37998,44.08433],[11.37978,44.08451],[11.37892,44.08502]],[[11.37892,44.08502],[11.37879,44.08516],[11.37863,44.08549],[11.37831,44.08646],[11.3783,44.08667]],[[11.3796,44.08327],[11.38013,44.084],[11.37998,44.08433]],[[11.37823,44.10212],[11.37809,44.10247],[11.37806,44.10293],[11.37851,44.10606],[11.37864,44.1066],[11.37881,44.10703],[11.37942,44.10831]],[[11.37713,44.11712],[11.37677,44.11713],[11.37589,44.1173]],[[11.37942,44.10831],[11.37999,44.1095],[11.38009,44.10985],[11.38001,44.11028],[11.37961,44.11152],[11.37963,44.1117],[11.37977,44.11203]],[[11.3783,44.08667],[11.37849,44.08713],[11.37886,44.0877],[11.37895,44.08798],[11.37893,44.08817],[11.37862,44.08895],[11.37865,44.0891],[11.3788,44.08923],[11.3794,44.08957],[11.3797,44.09015],[11.38066,44.09055],[11.38141,44.09103],[11.38159,44.09128],[11.3817,44.09172],[11.38188,44.09194],[11.38217,44.09205],[11.38269,44.09206],[11.38279,44.09214],[11.38284,44.09224],[11.38283,44.09242],[11.38288,44.09258],[11.38327,44.09279],[11.38339,44.09298],[11.38319,44.09333],[11.38299,44.09357],[11.38215,44.09395],[11.382,44.09408],[11.38197,44.09415],[11.38199,44.09431],[11.38241,44.09487],[11.3825,44.09513],[11.38249,44.09543],[11.38231,44.09558],[11.38185,44.0957],[11.38157,44.09588],[11.38143,44.09601],[11.38084,44.0969],[11.38078,44.09715],[11.38085,44.09778],[11.38082,44.09806],[11.38011,44.09932]],[[11.37977,44.11203],[11.38052,44.11336]],[[11.38827,44.04707],[11.38814,44.04701]],[[11.38827,44.04707],[11.38814,44.04701]],[[11.38827,44.04707],[11.38814,44.04701]],[[11.38827,44.04707],[11.38814,44.04701]],[[11.33058,44.13527],[11.33011,44.13538],[11.32979,44.13551],[11.32874,44.13614],[11.32819,44.13637],[11.32781,44.13642],[11.32706,44.13638],[11.32607,44.13643],[11.32585,44.13648],[11.32537,44.13677],[11.32513,44.13684],[11.32427,44.1367],[11.32367,44.13675],[11.32349,44.13686],[11.32325,44.13716],[11.32262,44.13825],[11.32243,44.13838],[11.32219,44.13847],[11.32193,44.13849],[11.32155,44.13844],[11.32099,44.13822],[11.32072,44.13803],[11.32047,44.13762],[11.32038,44.13758],[11.32024,44.13765],[11.3202,44.13805]],[[11.33253,44.13467],[11.3322,44.13482]],[[11.36251,44.11844],[11.3615,44.11807]],[[11.33318,44.13336],[11.3329,44.13382],[11.33253,44.13467]],[[11.38004,44.11637],[11.37981,44.11699]],[[11.37911,44.08028],[11.37905,44.08035],[11.37909,44.08042],[11.37926,44.0805],[11.37978,44.08029],[11.38007,44.08028],[11.38081,44.08077],[11.38123,44.08092],[11.38195,44.08088],[11.38289,44.08062],[11.38339,44.08073],[11.3835,44.08081],[11.38358,44.081],[11.38352,44.08127],[11.38321,44.08176],[11.38325,44.08188],[11.3836,44.08215],[11.38369,44.08233],[11.38362,44.08253],[11.38344,44.08268],[11.38307,44.08276],[11.38267,44.08274],[11.38199,44.08233],[11.38179,44.08225],[11.38143,44.08224],[11.38057,44.08235],[11.38022,44.08243],[11.37986,44.08265],[11.37972,44.08279],[11.37959,44.08303],[11.3796,44.08327]],[[11.38765,44.06729],[11.38702,44.06739],[11.38664,44.06805],[11.38643,44.06818],[11.38425,44.0686],[11.38339,44.06868],[11.38322,44.06877],[11.38312,44.06892],[11.38319,44.06916],[11.38354,44.06975],[11.38373,44.06995],[11.38402,44.0701],[11.38473,44.07028],[11.38552,44.07057],[11.38599,44.07087],[11.38635,44.07125],[11.38642,44.07133],[11.38646,44.07153],[11.386,44.07197],[11.3859,44.07218]],[[11.38047,44.07906],[11.38031,44.0794],[11.38019,44.07955],[11.37911,44.08028]],[[11.39047,44.06561],[11.3902,44.06578],[11.3899,44.06583]],[[11.3322,44.13482],[11.33182,44.13499]],[[11.33182,44.13499],[11.3312,44.13521],[11.33058,44.13527]],[[11.38052,44.11336],[11.38078,44.1138],[11.3809,44.11413],[11.38079,44.11447],[11.38054,44.11476]],[[11.38054,44.11476],[11.38026,44.11507],[11.38016,44.11525],[11.38022,44.11577]],[[11.37558,44.11721],[11.3757,44.11728],[11.37589,44.1173]],[[11.36332,44.11707],[11.36482,44.11704],[11.3654,44.11696],[11.36689,44.11659],[11.36753,44.11648],[11.36807,44.11647],[11.36867,44.1165],[11.37028,44.11672],[11.37177,44.11684],[11.37298,44.11669],[11.37404,44.11665],[11.37486,44.11685],[11.37558,44.11721]],[[11.36279,44.11683],[11.3631,44.11704]],[[11.36279,44.11707],[11.3631,44.11704]],[[11.36276,44.11732],[11.36301,44.11714]],[[11.3631,44.11704],[11.36332,44.11707]],[[11.36279,44.11707],[11.36301,44.11714]],[[11.36301,44.11714],[11.36332,44.11707]],[[11.36251,44.11844],[11.36263,44.11815],[11.36276,44.11732]],[[11.36276,44.11732],[11.36279,44.11707]],[[11.38814,44.04701],[11.3878,44.04641],[11.38734,44.04579],[11.38748,44.04518],[11.38782,44.04459],[11.38778,44.04447],[11.38763,44.04442],[11.38672,44.04449],[11.38655,44.04464],[11.38629,44.04503],[11.38597,44.04517],[11.38568,44.04545],[11.3855,44.04546],[11.38545,44.04541],[11.38545,44.04505],[11.38534,44.04489],[11.38535,44.04473],[11.38583,44.04432],[11.386,44.0438],[11.38672,44.04313],[11.38675,44.04306],[11.38671,44.04299],[11.38659,44.043],[11.38568,44.04357],[11.38456,44.04395],[11.38409,44.04425],[11.38395,44.04422],[11.38392,44.04416],[11.384,44.04401],[11.38449,44.04362],[11.38518,44.04326],[11.38519,44.04315],[11.38512,44.04311],[11.38479,44.04322],[11.38313,44.04401],[11.3823,44.04417],[11.38134,44.04423],[11.38108,44.04409],[11.38088,44.04366],[11.38073,44.0435],[11.3795,44.04332],[11.37924,44.04317],[11.37923,44.04301],[11.37945,44.04223],[11.3796,44.0421],[11.3803,44.04172],[11.38039,44.04163],[11.38037,44.04151],[11.37993,44.04117],[11.37982,44.04111],[11.37966,44.0411],[11.37912,44.04135],[11.37891,44.04137],[11.37863,44.04123],[11.37824,44.04077],[11.37798,44.04067],[11.37761,44.04078],[11.37725,44.04115],[11.37708,44.04124],[11.37697,44.04124],[11.37681,44.04116],[11.37667,44.0409],[11.37657,44.04083],[11.37555,44.04079],[11.37545,44.04077],[11.37534,44.04063]],[[11.38814,44.04701],[11.3878,44.04641],[11.38734,44.04579],[11.38748,44.04518],[11.38782,44.04459],[11.38778,44.04447],[11.38763,44.04442],[11.38672,44.04449],[11.38655,44.04464],[11.38629,44.04503],[11.38597,44.04517],[11.38568,44.04545],[11.3855,44.04546],[11.38545,44.04541],[11.38545,44.04505],[11.38534,44.04489],[11.38535,44.04473],[11.38583,44.04432],[11.386,44.0438],[11.38672,44.04313],[11.38675,44.04306],[11.38671,44.04299],[11.38659,44.043],[11.38568,44.04357],[11.38456,44.04395],[11.38409,44.04425],[11.38395,44.04422],[11.38392,44.04416],[11.384,44.04401],[11.38449,44.04362],[11.38518,44.04326],[11.38519,44.04315],[11.38512,44.04311],[11.38479,44.04322],[11.38313,44.04401],[11.3823,44.04417],[11.38134,44.04423],[11.38108,44.04409],[11.38088,44.04366],[11.38073,44.0435],[11.3795,44.04332],[11.37924,44.04317],[11.37923,44.04301],[11.37945,44.04223],[11.3796,44.0421],[11.3803,44.04172],[11.38039,44.04163],[11.38037,44.04151],[11.37993,44.04117],[11.37982,44.04111],[11.37966,44.0411],[11.37912,44.04135],[11.37891,44.04137],[11.37863,44.04123],[11.37824,44.04077],[11.37798,44.04067],[11.37761,44.04078],[11.37725,44.04115],[11.37708,44.04124],[11.37697,44.04124],[11.37681,44.04116],[11.37667,44.0409],[11.37657,44.04083],[11.37555,44.04079],[11.37545,44.04077],[11.37534,44.04063]],[[11.38814,44.04701],[11.3878,44.04641],[11.38734,44.04579],[11.38748,44.04518],[11.38782,44.04459],[11.38778,44.04447],[11.38763,44.04442],[11.38672,44.04449],[11.38655,44.04464],[11.38629,44.04503],[11.38597,44.04517],[11.38568,44.04545],[11.3855,44.04546],[11.38545,44.04541],[11.38545,44.04505],[11.38534,44.04489],[11.38535,44.04473],[11.38583,44.04432],[11.386,44.0438],[11.38672,44.04313],[11.38675,44.04306],[11.38671,44.04299],[11.38659,44.043],[11.38568,44.04357],[11.38456,44.04395],[11.38409,44.04425],[11.38395,44.04422],[11.38392,44.04416],[11.384,44.04401],[11.38449,44.04362],[11.38518,44.04326],[11.38519,44.04315],[11.38512,44.04311],[11.38479,44.04322],[11.38313,44.04401],[11.3823,44.04417],[11.38134,44.04423],[11.38108,44.04409],[11.38088,44.04366],[11.38073,44.0435],[11.3795,44.04332],[11.37924,44.04317],[11.37923,44.04301],[11.37945,44.04223],[11.3796,44.0421],[11.3803,44.04172],[11.38039,44.04163],[11.38037,44.04151],[11.37993,44.04117],[11.37982,44.04111],[11.37966,44.0411],[11.37912,44.04135],[11.37891,44.04137],[11.37863,44.04123],[11.37824,44.04077],[11.37798,44.04067],[11.37761,44.04078],[11.37725,44.04115],[11.37708,44.04124],[11.37697,44.04124],[11.37681,44.04116],[11.37667,44.0409],[11.37657,44.04083],[11.37555,44.04079],[11.37545,44.04077],[11.37534,44.04063]],[[11.38814,44.04701],[11.3878,44.04641],[11.38734,44.04579],[11.38748,44.04518],[11.38782,44.04459],[11.38778,44.04447],[11.38763,44.04442],[11.38672,44.04449],[11.38655,44.04464],[11.38629,44.04503],[11.38597,44.04517],[11.38568,44.04545],[11.3855,44.04546],[11.38545,44.04541],[11.38545,44.04505],[11.38534,44.04489],[11.38535,44.04473],[11.38583,44.04432],[11.386,44.0438],[11.38672,44.04313],[11.38675,44.04306],[11.38671,44.04299],[11.38659,44.043],[11.38568,44.04357],[11.38456,44.04395],[11.38409,44.04425],[11.38395,44.04422],[11.38392,44.04416],[11.384,44.04401],[11.38449,44.04362],[11.38518,44.04326],[11.38519,44.04315],[11.38512,44.04311],[11.38479,44.04322],[11.38313,44.04401],[11.3823,44.04417],[11.38134,44.04423],[11.38108,44.04409],[11.38088,44.04366],[11.38073,44.0435],[11.3795,44.04332],[11.37924,44.04317],[11.37923,44.04301],[11.37945,44.04223],[11.3796,44.0421],[11.3803,44.04172],[11.38039,44.04163],[11.38037,44.04151],[11.37993,44.04117],[11.37982,44.04111],[11.37966,44.0411],[11.37912,44.04135],[11.37891,44.04137],[11.37863,44.04123],[11.37824,44.04077],[11.37798,44.04067],[11.37761,44.04078],[11.37725,44.04115],[11.37708,44.04124],[11.37697,44.04124],[11.37681,44.04116],[11.37667,44.0409],[11.37657,44.04083],[11.37555,44.04079],[11.37545,44.04077],[11.37534,44.04063]],[[11.33324,43.97186],[11.33372,43.97287]],[[11.33222,43.9698],[11.33272,43.97088]],[[11.33167,43.96859],[11.33222,43.9698]],[[11.33145,43.96814],[11.33167,43.96859]],[[11.3529,44.00125],[11.3519,44.0005],[11.35121,43.99982],[11.3507,43.99919]],[[11.36717,44.0085],[11.36716,44.0077],[11.36711,44.0075]],[[11.36708,44.00742],[11.36684,44.0074]],[[11.36684,44.0074],[11.36695,44.00723]],[[11.36711,44.0075],[11.36708,44.00742]],[[11.36708,44.00742],[11.36695,44.00723]],[[11.37033,44.02597],[11.36994,44.02549],[11.36985,44.0253],[11.36967,44.02444],[11.36968,44.02425],[11.36973,44.02417],[11.37019,44.02385],[11.3703,44.0237],[11.37042,44.0234],[11.37059,44.02266],[11.37059,44.02251],[11.3704,44.02209],[11.37065,44.02151],[11.37064,44.02141],[11.37038,44.02093],[11.37003,44.02063],[11.36998,44.0205],[11.37013,44.01961],[11.37027,44.01932]],[[11.37534,44.04063],[11.37539,44.04037],[11.37529,44.0402],[11.37528,44.04003],[11.37555,44.03907],[11.37583,44.03867],[11.37628,44.03824],[11.37633,44.03816],[11.37633,44.03804],[11.37609,44.03781],[11.37498,44.03739],[11.37462,44.03712],[11.37441,44.03721],[11.37444,44.03762],[11.3743,44.03769],[11.3742,44.03768],[11.37409,44.03757],[11.37417,44.03723],[11.37436,44.03681],[11.37457,44.03663],[11.37479,44.03661],[11.375,44.03667],[11.37519,44.03677],[11.37541,44.03699],[11.37567,44.03707],[11.37679,44.03685],[11.37685,44.03672],[11.37666,44.03666],[11.37591,44.03675],[11.3757,44.03671],[11.37524,44.03619],[11.37504,44.03606],[11.37422,44.03593],[11.37413,44.03578],[11.37412,44.03561],[11.37425,44.03549],[11.37478,44.03524],[11.37558,44.03455],[11.37579,44.03431],[11.37581,44.03402],[11.37563,44.0335],[11.37563,44.03334],[11.37578,44.03311],[11.37595,44.03298],[11.37662,44.03276],[11.37678,44.0326],[11.37694,44.03187],[11.37689,44.03097],[11.37692,44.03081],[11.37707,44.03071],[11.37757,44.03061],[11.37781,44.03029],[11.37823,44.03009],[11.37832,44.03001],[11.37837,44.02982],[11.37819,44.02946],[11.37793,44.02925],[11.37767,44.02919],[11.3773,44.02922],[11.37712,44.02915],[11.377,44.02901],[11.37686,44.02857],[11.37626,44.02788],[11.37607,44.02774],[11.37573,44.02763],[11.37557,44.02752],[11.37506,44.02679],[11.3745,44.02619],[11.37421,44.026],[11.37384,44.0259]],[[11.36717,44.0085],[11.36671,44.00761]],[[11.3364,43.97764],[11.33432,43.97412]],[[11.34197,43.99003],[11.3415,43.98874]],[[11.36238,44.00517],[11.35901,44.00384]],[[11.34989,43.99845],[11.34994,43.99839]],[[11.34994,43.99839],[11.35009,43.99833],[11.35024,43.99835]],[[11.33915,43.98332],[11.33949,43.98245],[11.33953,43.98205],[11.33908,43.98148],[11.33788,43.98017],[11.3364,43.97764]],[[11.36711,44.0075],[11.36671,44.00761]],[[11.36695,44.00723],[11.36604,44.00621]],[[11.3666,44.00743],[11.36596,44.00679],[11.36522,44.0063],[11.36238,44.00517]],[[11.35901,44.00384],[11.35458,44.00214],[11.35367,44.00171],[11.3529,44.00125]],[[11.36671,44.00761],[11.3666,44.00743]],[[11.36604,44.00621],[11.36589,44.00604]],[[11.36684,44.0074],[11.3666,44.00743]],[[11.32998,43.96668],[11.33092,43.96746],[11.33145,43.96814]],[[11.33432,43.97412],[11.33372,43.97287]],[[11.36589,44.00604],[11.36583,44.00596]],[[11.36583,44.00596],[11.3657,44.00577]],[[11.37384,44.0259],[11.37347,44.026],[11.37297,44.02631],[11.37282,44.02675],[11.37234,44.02701],[11.37211,44.02732],[11.37197,44.02736],[11.37165,44.02735],[11.37146,44.02748],[11.37086,44.02826],[11.37077,44.02859],[11.3708,44.02885],[11.37073,44.02895],[11.37057,44.02891],[11.37049,44.02876],[11.3705,44.02813],[11.37068,44.02761],[11.37076,44.02659],[11.37066,44.0264],[11.37033,44.02597]],[[11.37027,44.01932],[11.37053,44.01906],[11.37092,44.01854],[11.37099,44.01834],[11.37088,44.01806],[11.37028,44.01731]],[[11.37028,44.01731],[11.37039,44.01704],[11.37068,44.01661],[11.37114,44.01634],[11.37123,44.01623],[11.37124,44.0161],[11.37105,44.01574],[11.37108,44.01558],[11.37127,44.01524],[11.37117,44.01469],[11.37061,44.01377],[11.37032,44.01358],[11.36925,44.01313],[11.36841,44.01236],[11.36836,44.01211],[11.36846,44.01112],[11.36823,44.01059]],[[11.36823,44.01059],[11.36717,44.0085]],[[11.3415,43.98874],[11.3412,43.98799],[11.34037,43.98652],[11.33988,43.98552]],[[11.33967,43.98522],[11.3394,43.98488],[11.33927,43.98461],[11.33914,43.98378],[11.33915,43.98332]],[[11.34002,43.98534],[11.3399,43.98522],[11.33967,43.98522]],[[11.33988,43.98552],[11.33998,43.98548],[11.34002,43.98534]],[[11.32953,43.96612],[11.3295,43.9662],[11.32958,43.96633],[11.32998,43.96668]],[[11.3507,43.99919],[11.35051,43.99892]],[[11.35051,43.99892],[11.35034,43.99859]],[[11.35014,43.99868],[11.35051,43.99892]],[[11.35034,43.99859],[11.35014,43.99868]],[[11.35014,43.99868],[11.34993,43.99861]],[[11.34993,43.99861],[11.34989,43.99845]],[[11.35024,43.99835],[11.35036,43.9985]],[[11.35036,43.9985],[11.35034,43.99859]],[[11.34994,43.99839],[11.34989,43.99818],[11.34977,43.99796]],[[11.34977,43.99796],[11.35005,43.99824],[11.35024,43.99835]],[[11.34977,43.99796],[11.3494,43.99746]],[[11.3479,43.99623],[11.34723,43.99583]],[[11.34723,43.99583],[11.34619,43.9952],[11.34583,43.99487],[11.34557,43.99453],[11.34526,43.99373],[11.34491,43.99311],[11.34446,43.99263],[11.3433,43.99159],[11.34253,43.99081],[11.34234,43.99059],[11.34197,43.99003]],[[11.3494,43.99746],[11.34906,43.99704],[11.34866,43.99672]],[[11.34866,43.99672],[11.3479,43.99623]],[[11.33967,43.98522],[11.33957,43.98528],[11.33954,43.98542]],[[11.33954,43.98542],[11.33965,43.98552],[11.33988,43.98552]],[[11.33272,43.97088],[11.33311,43.9716]],[[11.33311,43.9716],[11.33324,43.97186]]]}},{"type":"Feature","properties":{"s":"SP 551","t":"provinciale","n":"S.P. TRAVERSA DEL MUGELLO (N.551)"},"geometry":{"type":"MultiLineString","coordinates":[[[11.41835,43.94392],[11.41869,43.9438]],[[11.41835,43.94392],[11.41869,43.9438]],[[11.41835,43.94392],[11.41869,43.9438]],[[11.41835,43.94392],[11.41869,43.9438]],[[11.41507,43.94456],[11.41468,43.94455]],[[11.41551,43.94456],[11.41507,43.94456]],[[11.40868,43.9466],[11.40845,43.94672]],[[11.40845,43.94672],[11.40822,43.94684]],[[11.40535,43.9491],[11.40587,43.94897]],[[11.4048,43.94922],[11.40535,43.9491]],[[11.40587,43.94897],[11.4056,43.94926]],[[11.40523,43.94932],[11.40502,43.94923],[11.4048,43.94922]],[[11.40549,43.94937],[11.4056,43.94926]],[[11.40523,43.94932],[11.40534,43.94938],[11.40549,43.94937]],[[11.40004,43.94993],[11.39899,43.95005]],[[11.39899,43.95005],[11.39871,43.95009]],[[11.39383,43.95082],[11.39457,43.95061]],[[11.39345,43.95094],[11.39383,43.95082]],[[11.39226,43.95134],[11.39193,43.95148]],[[11.39208,43.95155],[11.39203,43.95148],[11.39193,43.95148]],[[11.39208,43.95155],[11.39226,43.95134]],[[11.39193,43.95148],[11.39188,43.95152],[11.3919,43.95159]],[[11.39208,43.95155],[11.39202,43.95161],[11.3919,43.95159]],[[11.39211,43.95178],[11.3919,43.95159]],[[11.39208,43.95155],[11.39211,43.95178]],[[11.39243,43.95237],[11.39233,43.95218]],[[11.39289,43.95319],[11.39265,43.95276]],[[11.39329,43.9539],[11.39289,43.95319]],[[11.39342,43.95414],[11.39329,43.9539]],[[11.39377,43.95472],[11.3936,43.95446]],[[11.3936,43.95475],[11.3936,43.95446]],[[11.39409,43.95478],[11.39377,43.95472]],[[11.3936,43.95475],[11.39382,43.9549]],[[11.39377,43.95472],[11.39382,43.9549]],[[11.39409,43.95478],[11.39382,43.9549]],[[11.3934,43.95509],[11.3936,43.95475]],[[11.39382,43.9549],[11.3934,43.95509]],[[11.39232,43.9556],[11.39175,43.95586]],[[11.39076,43.95632],[11.39064,43.95637]],[[11.37244,43.9567],[11.37263,43.95679],[11.37281,43.95701]],[[11.37264,43.95659],[11.37281,43.95701]],[[11.37671,43.95739],[11.37745,43.9574]],[[11.37864,43.9574],[11.37891,43.95741]],[[11.38975,43.95669],[11.38831,43.95722]],[[11.37891,43.95741],[11.38004,43.95742]],[[11.38137,43.95758],[11.38167,43.95762]],[[11.38625,43.95797],[11.38642,43.9579]],[[11.38543,43.95797],[11.38498,43.95797]],[[11.36833,43.95808],[11.36762,43.95834]],[[11.36762,43.95834],[11.36684,43.95863]],[[11.36684,43.95863],[11.3663,43.95884]],[[11.3663,43.95884],[11.36475,43.95957]],[[11.35739,43.96104],[11.35633,43.96109]],[[11.35739,43.96104],[11.35633,43.96109]],[[11.35739,43.96104],[11.35633,43.96109]],[[11.35739,43.96104],[11.35633,43.96109]],[[11.35633,43.96109],[11.35582,43.96114]],[[11.35633,43.96109],[11.35582,43.96114]],[[11.35633,43.96109],[11.35582,43.96114]],[[11.35633,43.96109],[11.35582,43.96114]],[[11.35582,43.96114],[11.35547,43.96117]],[[11.35582,43.96114],[11.35547,43.96117]],[[11.35582,43.96114],[11.35547,43.96117]],[[11.35582,43.96114],[11.35547,43.96117]],[[11.36171,43.95961],[11.36248,43.96002],[11.36281,43.96047]],[[11.36171,43.95961],[11.36248,43.96002],[11.36281,43.96047]],[[11.36171,43.95961],[11.36248,43.96002],[11.36281,43.96047]],[[11.36171,43.95961],[11.36248,43.96002],[11.36281,43.96047]],[[11.37312,43.95733],[11.37345,43.9574]],[[11.40822,43.94684],[11.40768,43.94721],[11.40653,43.94834]],[[11.40653,43.94834],[11.40587,43.94897]],[[11.38625,43.95797],[11.38615,43.95801],[11.386,43.95798],[11.38537,43.95807]],[[11.39871,43.95009],[11.39782,43.95019]],[[11.4056,43.94926],[11.40553,43.94913],[11.40535,43.9491]],[[11.40535,43.9491],[11.40521,43.94918],[11.40523,43.94932]],[[11.36475,43.95957],[11.36281,43.96047]],[[11.37345,43.9574],[11.37578,43.95739]],[[11.37578,43.95739],[11.37671,43.95739]],[[11.37745,43.9574],[11.37864,43.9574]],[[11.39265,43.95276],[11.39243,43.95237]],[[11.37067,43.95719],[11.36956,43.95761]],[[11.3936,43.95446],[11.39342,43.95414]],[[11.39226,43.95134],[11.39345,43.95094]],[[11.38831,43.95722],[11.38688,43.95775]],[[11.41468,43.94455],[11.41398,43.94455],[11.41356,43.94461],[11.41188,43.94525]],[[11.36956,43.95761],[11.36833,43.95808]],[[11.39548,43.95048],[11.39457,43.95061]],[[11.39175,43.95586],[11.39076,43.95632]],[[11.39064,43.95637],[11.38975,43.95669]],[[11.36154,43.96135],[11.36171,43.96127],[11.36281,43.96107],[11.36293,43.96091],[11.36294,43.9608],[11.36281,43.96047]],[[11.36154,43.96135],[11.36171,43.96127],[11.36281,43.96107],[11.36293,43.96091],[11.36294,43.9608],[11.36281,43.96047]],[[11.36154,43.96135],[11.36171,43.96127],[11.36281,43.96107],[11.36293,43.96091],[11.36294,43.9608],[11.36281,43.96047]],[[11.36154,43.96135],[11.36171,43.96127],[11.36281,43.96107],[11.36293,43.96091],[11.36294,43.9608],[11.36281,43.96047]],[[11.41835,43.94392],[11.41684,43.94449],[11.41625,43.94457],[11.41551,43.94456]],[[11.3821,43.95767],[11.38277,43.95776]],[[11.38167,43.95762],[11.3821,43.95767]],[[11.38004,43.95742],[11.38137,43.95758]],[[11.37281,43.95701],[11.37296,43.95723],[11.37312,43.95733]],[[11.37197,43.9567],[11.37067,43.95719]],[[11.37197,43.9567],[11.37244,43.9567]],[[11.37264,43.95659],[11.37258,43.95668],[11.37244,43.9567]],[[11.37243,43.95652],[11.37236,43.95661],[11.37244,43.9567]],[[11.37243,43.95652],[11.37197,43.9567]],[[11.37264,43.95659],[11.37256,43.95651],[11.37243,43.95652]],[[11.3934,43.95509],[11.39232,43.9556]],[[11.39233,43.95218],[11.39211,43.95178]],[[11.39621,43.95039],[11.39548,43.95048]],[[11.39782,43.95019],[11.39621,43.95039]],[[11.40154,43.94975],[11.40004,43.94993]],[[11.4048,43.94922],[11.40367,43.94949],[11.40154,43.94975]],[[11.40902,43.94643],[11.40868,43.9466]],[[11.41188,43.94525],[11.40902,43.94643]],[[11.38579,43.95795],[11.38543,43.95797]],[[11.38688,43.95775],[11.38642,43.9579]],[[11.38642,43.9579],[11.38623,43.9579]],[[11.38625,43.95797],[11.38623,43.9579]],[[11.38623,43.9579],[11.38607,43.95789]],[[11.38607,43.95789],[11.38579,43.95795]],[[11.38277,43.95776],[11.38288,43.95781],[11.38537,43.95807]],[[11.38277,43.95776],[11.38498,43.95797]],[[11.36281,43.96047],[11.36188,43.96077],[11.36113,43.96091]],[[11.36281,43.96047],[11.36188,43.96077],[11.36113,43.96091]],[[11.36281,43.96047],[11.36188,43.96077],[11.36113,43.96091]],[[11.36281,43.96047],[11.36188,43.96077],[11.36113,43.96091]],[[11.36113,43.96091],[11.36015,43.961],[11.35739,43.96104]],[[11.36113,43.96091],[11.36015,43.961],[11.35739,43.96104]],[[11.36113,43.96091],[11.36015,43.961],[11.35739,43.96104]],[[11.36113,43.96091],[11.36015,43.961],[11.35739,43.96104]],[[11.5112,43.9009],[11.51245,43.90043],[11.51398,43.9],[11.51556,43.89932]],[[11.51556,43.89932],[11.51587,43.89915],[11.51613,43.89892]],[[11.51613,43.89892],[11.51643,43.89853],[11.51684,43.8978],[11.51702,43.89756]],[[11.51904,43.89516],[11.52,43.89369]],[[11.52,43.89369],[11.5204,43.89302]],[[11.5204,43.89302],[11.52071,43.89262]],[[11.52071,43.89262],[11.52128,43.89194]],[[11.52128,43.89194],[11.52166,43.8915],[11.52208,43.89121]],[[11.52208,43.89121],[11.52234,43.89109],[11.5228,43.89098]],[[11.5228,43.89098],[11.5232,43.89098]],[[11.50624,43.90859],[11.50644,43.90816],[11.50646,43.90788],[11.50606,43.90684],[11.506,43.90649],[11.50625,43.90497]],[[11.50417,43.9182],[11.50437,43.91698]],[[11.50417,43.9182],[11.50437,43.91698]],[[11.50417,43.9182],[11.50437,43.91698]],[[11.50417,43.9182],[11.50437,43.91698]],[[11.50437,43.91698],[11.50467,43.91602],[11.50528,43.91437],[11.5056,43.91314],[11.50607,43.9124],[11.50729,43.91093],[11.50729,43.91073],[11.50695,43.90986],[11.50674,43.90953],[11.50631,43.90909],[11.50622,43.90893],[11.50624,43.90859]],[[11.50625,43.90497],[11.50647,43.90373],[11.50657,43.90348],[11.50686,43.90321],[11.50806,43.90256]],[[11.50806,43.90256],[11.51049,43.90123],[11.5112,43.9009]],[[11.51702,43.89756],[11.51874,43.89553]],[[11.51874,43.89553],[11.51904,43.89516]],[[11.47093,43.93191],[11.47121,43.9323],[11.47175,43.93341],[11.47188,43.93358]],[[11.47188,43.93358],[11.47395,43.93413]],[[11.4756,43.93439],[11.47732,43.9346],[11.47771,43.93459],[11.47914,43.93426],[11.48036,43.93381],[11.48079,43.93359]],[[11.43579,43.94134],[11.43615,43.94108],[11.437,43.9402],[11.43798,43.93951],[11.43846,43.93928]],[[11.45075,43.9342],[11.45147,43.9341],[11.45208,43.93414],[11.45331,43.93456]],[[11.45757,43.93397],[11.4588,43.93381]],[[11.48079,43.93359],[11.48176,43.93266],[11.48386,43.93139],[11.48428,43.93122],[11.48576,43.93088]],[[11.50042,43.92668],[11.50065,43.92642],[11.50076,43.92615],[11.50078,43.92588],[11.50067,43.92498],[11.50071,43.92463],[11.5008,43.92428],[11.50112,43.92369],[11.50136,43.92263],[11.50155,43.9223],[11.50316,43.92007],[11.50354,43.91942],[11.50396,43.91885],[11.50407,43.91859],[11.50417,43.9182]],[[11.50042,43.92668],[11.50065,43.92642],[11.50076,43.92615],[11.50078,43.92588],[11.50067,43.92498],[11.50071,43.92463],[11.5008,43.92428],[11.50112,43.92369],[11.50136,43.92263],[11.50155,43.9223],[11.50316,43.92007],[11.50354,43.91942],[11.50396,43.91885],[11.50407,43.91859],[11.50417,43.9182]],[[11.50042,43.92668],[11.50065,43.92642],[11.50076,43.92615],[11.50078,43.92588],[11.50067,43.92498],[11.50071,43.92463],[11.5008,43.92428],[11.50112,43.92369],[11.50136,43.92263],[11.50155,43.9223],[11.50316,43.92007],[11.50354,43.91942],[11.50396,43.91885],[11.50407,43.91859],[11.50417,43.9182]],[[11.50042,43.92668],[11.50065,43.92642],[11.50076,43.92615],[11.50078,43.92588],[11.50067,43.92498],[11.50071,43.92463],[11.5008,43.92428],[11.50112,43.92369],[11.50136,43.92263],[11.50155,43.9223],[11.50316,43.92007],[11.50354,43.91942],[11.50396,43.91885],[11.50407,43.91859],[11.50417,43.9182]],[[11.46117,43.93261],[11.46238,43.93221]],[[11.45331,43.93456],[11.45381,43.93462],[11.45487,43.93444]],[[11.44971,43.93469],[11.45021,43.93444]],[[11.45021,43.93444],[11.45075,43.9342]],[[11.44657,43.93622],[11.44796,43.93566],[11.44971,43.93469]],[[11.44326,43.93745],[11.44657,43.93622]],[[11.43981,43.93877],[11.44326,43.93745]],[[11.49297,43.93078],[11.4939,43.93078],[11.49472,43.93099],[11.49552,43.93075],[11.49599,43.93071],[11.49694,43.93073],[11.49709,43.93061],[11.49733,43.93021],[11.49777,43.92978],[11.49939,43.92879],[11.49942,43.92863],[11.49909,43.92832],[11.49908,43.92816],[11.49914,43.92801],[11.49955,43.92727],[11.50042,43.92668]],[[11.45487,43.93444],[11.45623,43.93415],[11.45757,43.93397]],[[11.43846,43.93928],[11.43981,43.93877]],[[11.47461,43.93425],[11.4756,43.93439]],[[11.47395,43.93413],[11.47461,43.93425]],[[11.48623,43.93045],[11.48633,43.93029],[11.4867,43.9301],[11.48817,43.93002],[11.49215,43.93074],[11.49297,43.93078]],[[11.48576,43.93088],[11.48606,43.93079],[11.48614,43.93069],[11.48623,43.93045]],[[11.46238,43.93221],[11.46293,43.93206]],[[11.46293,43.93206],[11.4639,43.9318]],[[11.4639,43.9318],[11.46432,43.93167]],[[11.46432,43.93167],[11.46453,43.93157]],[[11.45931,43.93366],[11.46117,43.93261]],[[11.4588,43.93381],[11.45917,43.93371]],[[11.45917,43.93371],[11.45931,43.93366]],[[11.47068,43.93161],[11.47093,43.93191]],[[11.46453,43.93157],[11.46586,43.9307],[11.46641,43.9305],[11.46711,43.93033],[11.46772,43.93027],[11.4682,43.93028],[11.46902,43.93046],[11.46939,43.9306]],[[11.46939,43.9306],[11.46977,43.93077],[11.47012,43.93101],[11.47043,43.93129],[11.47068,43.93161]],[[11.42525,43.94329],[11.42731,43.94321]],[[11.41869,43.9438],[11.4193,43.94365],[11.42063,43.94346],[11.4239,43.94333]],[[11.41869,43.9438],[11.4193,43.94365],[11.42063,43.94346],[11.4239,43.94333]],[[11.41869,43.9438],[11.4193,43.94365],[11.42063,43.94346],[11.4239,43.94333]],[[11.41869,43.9438],[11.4193,43.94365],[11.42063,43.94346],[11.4239,43.94333]],[[11.4239,43.94333],[11.42525,43.94329]],[[11.42731,43.94321],[11.42973,43.94309],[11.42992,43.94296],[11.43042,43.94238]],[[11.43042,43.94238],[11.43065,43.94227],[11.43111,43.94217],[11.43235,43.94213],[11.43354,43.94184],[11.435,43.94163],[11.43536,43.94153],[11.43579,43.94134]],[[11.33489,43.9649],[11.33726,43.96416]],[[11.35453,43.96126],[11.35547,43.96117]],[[11.35453,43.96126],[11.35547,43.96117]],[[11.35453,43.96126],[11.35547,43.96117]],[[11.35453,43.96126],[11.35547,43.96117]],[[11.33489,43.9649],[11.33307,43.96549]],[[11.32943,43.96588],[11.32953,43.96612]],[[11.32953,43.96612],[11.32965,43.96586]],[[11.33005,43.96568],[11.3298,43.96576]],[[11.3275,43.96467],[11.32851,43.96545]],[[11.32666,43.96351],[11.32655,43.96347],[11.32648,43.96349]],[[11.3266,43.96362],[11.32667,43.96358],[11.32666,43.96351]],[[11.32648,43.96349],[11.32646,43.96359],[11.3266,43.96362]],[[11.3266,43.96362],[11.32684,43.96393]],[[11.32684,43.96393],[11.32716,43.96433]],[[11.32911,43.96566],[11.32925,43.96577]],[[11.3293,43.96559],[11.32911,43.96566]],[[11.32911,43.96566],[11.32851,43.96545]],[[11.3293,43.96559],[11.32939,43.96553],[11.32957,43.96552],[11.32978,43.9656]],[[11.32978,43.9656],[11.3298,43.96576]],[[11.3298,43.96576],[11.32965,43.96586]],[[11.32965,43.96586],[11.32943,43.96588]],[[11.32943,43.96588],[11.32925,43.96577]],[[11.32925,43.96577],[11.3293,43.96559]],[[11.33307,43.96549],[11.33173,43.96583],[11.33127,43.96584],[11.33005,43.96568]],[[11.33005,43.96568],[11.32978,43.9656]],[[11.32705,43.96441],[11.32716,43.96433]],[[11.32734,43.96469],[11.32725,43.96456],[11.32708,43.96448],[11.32705,43.96441]],[[11.3275,43.96467],[11.32734,43.96469]],[[11.32716,43.96433],[11.32729,43.96437],[11.32737,43.96451],[11.32753,43.96459],[11.3275,43.96467]],[[11.33726,43.96416],[11.33931,43.96349]],[[11.33931,43.96349],[11.34004,43.96323],[11.34151,43.96256],[11.34229,43.96229],[11.34312,43.96215],[11.34444,43.96214]],[[11.34444,43.96214],[11.34505,43.96212]],[[11.34505,43.96212],[11.35154,43.96153]],[[11.35154,43.96153],[11.35453,43.96126]],[[11.35154,43.96153],[11.35453,43.96126]],[[11.35154,43.96153],[11.35453,43.96126]],[[11.35154,43.96153],[11.35453,43.96126]]]}},{"type":"Feature","properties":{"s":"SP 556","t":"provinciale","n":"S.P. DI LONDA - STIA (N.556)"},"geometry":{"type":"MultiLineString","coordinates":[[[11.55239,43.86591],[11.55405,43.86546]],[[11.55405,43.86546],[11.55431,43.86542],[11.55457,43.86548],[11.55526,43.86588]],[[11.55405,43.86546],[11.55431,43.86542],[11.55457,43.86548],[11.55526,43.86588]],[[11.55405,43.86546],[11.55431,43.86542],[11.55457,43.86548],[11.55526,43.86588]],[[11.55405,43.86546],[11.55431,43.86542],[11.55457,43.86548],[11.55526,43.86588]],[[11.53251,43.86324],[11.53329,43.86334]],[[11.53329,43.86334],[11.53435,43.86349],[11.53576,43.86341]],[[11.55816,43.86579],[11.55988,43.86548]],[[11.55816,43.86579],[11.55988,43.86548]],[[11.55816,43.86579],[11.55988,43.86548]],[[11.55816,43.86579],[11.55988,43.86548]],[[11.53113,43.86305],[11.53251,43.86324]],[[11.54499,43.86473],[11.54783,43.865],[11.54856,43.86512]],[[11.54856,43.86512],[11.54888,43.86522],[11.55021,43.86588],[11.55056,43.866],[11.55107,43.86603],[11.55239,43.86591]],[[11.54856,43.86512],[11.54888,43.86522],[11.55021,43.86588],[11.55056,43.866],[11.55107,43.86603],[11.55239,43.86591]],[[11.54856,43.86512],[11.54888,43.86522],[11.55021,43.86588],[11.55056,43.866],[11.55107,43.86603],[11.55239,43.86591]],[[11.54856,43.86512],[11.54888,43.86522],[11.55021,43.86588],[11.55056,43.866],[11.55107,43.86603],[11.55239,43.86591]],[[11.55526,43.86588],[11.55559,43.86594],[11.55637,43.8659]],[[11.55526,43.86588],[11.55559,43.86594],[11.55637,43.8659]],[[11.55526,43.86588],[11.55559,43.86594],[11.55637,43.8659]],[[11.55526,43.86588],[11.55559,43.86594],[11.55637,43.8659]],[[11.55637,43.8659],[11.55816,43.86579]],[[11.55637,43.8659],[11.55816,43.86579]],[[11.55637,43.8659],[11.55816,43.86579]],[[11.55637,43.8659],[11.55816,43.86579]],[[11.53576,43.86341],[11.53744,43.86362],[11.53865,43.86347],[11.5389,43.86347],[11.54019,43.86382],[11.54208,43.86385]],[[11.54208,43.86385],[11.54231,43.86392],[11.54271,43.86428],[11.54304,43.86443],[11.54499,43.86473]],[[11.56009,43.86541],[11.56131,43.86482]],[[11.56009,43.86541],[11.56131,43.86482]],[[11.56009,43.86541],[11.56131,43.86482]],[[11.56009,43.86541],[11.56131,43.86482]],[[11.56131,43.86482],[11.56186,43.86456]],[[11.56513,43.86214],[11.56574,43.86148]],[[11.56459,43.86274],[11.56513,43.86214]],[[11.5795,43.86464],[11.58002,43.86467],[11.58037,43.86438],[11.5804,43.86426],[11.58024,43.86409],[11.57949,43.86376],[11.57864,43.86323],[11.578,43.86298],[11.57787,43.86284],[11.57765,43.86224],[11.57771,43.86165]],[[11.57965,43.858],[11.57912,43.85848],[11.57884,43.85897],[11.57886,43.85931],[11.57906,43.85974],[11.579,43.85994],[11.57844,43.86043],[11.57764,43.86085],[11.57743,43.86105],[11.57745,43.86129],[11.57771,43.86165]],[[11.61138,43.85718],[11.61095,43.85702],[11.61087,43.85697],[11.61085,43.8569],[11.61091,43.85675],[11.6115,43.85606],[11.61163,43.85575]],[[11.64563,43.84546],[11.64567,43.84589],[11.646,43.84633],[11.64593,43.84651],[11.64579,43.84659],[11.64561,43.84661],[11.64538,43.84652],[11.64531,43.8464],[11.64521,43.84542]],[[11.61115,43.85882],[11.61103,43.85865],[11.6111,43.85849],[11.6113,43.85827],[11.61159,43.85811]],[[11.61159,43.85811],[11.61203,43.85818],[11.6123,43.85815],[11.6124,43.85806],[11.61241,43.85787],[11.61209,43.85757],[11.61138,43.85718]],[[11.56775,43.86131],[11.56812,43.86142],[11.56897,43.86149],[11.57054,43.86201],[11.5712,43.86229],[11.57147,43.86229],[11.57219,43.86218],[11.57268,43.86219]],[[11.60761,43.86467],[11.60708,43.86493],[11.60668,43.86548],[11.60647,43.86555]],[[11.61398,43.86361],[11.61359,43.86345],[11.61322,43.86339],[11.61179,43.86344],[11.61036,43.86384],[11.60899,43.86407],[11.60761,43.86467]],[[11.60935,43.86262],[11.60892,43.86317],[11.60867,43.86341],[11.60771,43.86405],[11.60696,43.8644]],[[11.61398,43.86361],[11.6146,43.86387],[11.61539,43.86393],[11.61589,43.86387],[11.61678,43.86354],[11.61697,43.86352],[11.61721,43.86358],[11.61764,43.86385],[11.61795,43.86388],[11.61928,43.86372],[11.6197,43.86354],[11.62053,43.86304],[11.62075,43.8631],[11.62083,43.86319],[11.62078,43.86339],[11.62061,43.86354],[11.61903,43.86456],[11.6188,43.86465],[11.61829,43.86461],[11.61792,43.86466],[11.6174,43.8654],[11.61723,43.86554],[11.61642,43.8657],[11.61527,43.86566],[11.61469,43.86585]],[[11.6182,43.8667],[11.61787,43.8669]],[[11.61787,43.8669],[11.61704,43.86729],[11.6166,43.86743],[11.61532,43.86735],[11.61486,43.86727],[11.61413,43.86696],[11.61395,43.86682],[11.61383,43.86654],[11.61386,43.86632],[11.61405,43.8661],[11.61469,43.86585]],[[11.60661,43.86475],[11.60696,43.8644]],[[11.55988,43.86548],[11.56009,43.86541]],[[11.55988,43.86548],[11.56009,43.86541]],[[11.55988,43.86548],[11.56009,43.86541]],[[11.55988,43.86548],[11.56009,43.86541]],[[11.60935,43.86262],[11.60967,43.8623]],[[11.5761,43.86281],[11.57639,43.86295],[11.57702,43.86351],[11.57747,43.8637],[11.57815,43.86387],[11.57888,43.86449],[11.5795,43.86464]],[[11.57268,43.86219],[11.57341,43.86225],[11.57373,43.86236],[11.57402,43.86255],[11.5761,43.86281]],[[11.56688,43.86095],[11.56712,43.86097]],[[11.60967,43.8623],[11.61049,43.86152],[11.611,43.86129],[11.61185,43.86127],[11.61308,43.86138],[11.61548,43.86116],[11.61562,43.86113],[11.61571,43.86104],[11.61572,43.86087],[11.61556,43.86077],[11.61402,43.86021],[11.61375,43.8598],[11.61365,43.85973],[11.61284,43.85949],[11.61115,43.85882]],[[11.58591,43.86176],[11.58532,43.86175],[11.58514,43.86166],[11.58502,43.86152],[11.58503,43.86135],[11.58511,43.8612],[11.58558,43.86078],[11.58576,43.86053],[11.58588,43.86018],[11.58597,43.85963],[11.58597,43.85909],[11.58592,43.85891],[11.58523,43.85816],[11.58519,43.85799]],[[11.58519,43.85799],[11.58522,43.85764],[11.58528,43.85748],[11.58626,43.85655],[11.58648,43.85627]],[[11.58185,43.86007],[11.5818,43.85927],[11.58187,43.85838],[11.58213,43.85788],[11.58253,43.85747],[11.58272,43.85677],[11.58311,43.85642],[11.58315,43.85632],[11.58312,43.8562],[11.58303,43.85612],[11.58289,43.85609]],[[11.58289,43.85609],[11.5825,43.8561],[11.58157,43.85625],[11.58149,43.85631],[11.58129,43.85663],[11.58033,43.85747],[11.57965,43.858]],[[11.61163,43.85575],[11.61186,43.85529],[11.61221,43.85493]],[[11.63615,43.8504],[11.63578,43.85066],[11.63569,43.85084],[11.63557,43.85127],[11.63489,43.85191],[11.63475,43.85217],[11.6347,43.85262],[11.63474,43.85291],[11.63498,43.85313],[11.63534,43.85336],[11.63534,43.8536],[11.63522,43.85375],[11.63288,43.85524],[11.63281,43.85542],[11.63287,43.85605],[11.63276,43.85628],[11.6316,43.85677],[11.63046,43.85711],[11.62924,43.85711],[11.62865,43.8568]],[[11.64032,43.84566],[11.6403,43.84585],[11.64022,43.84598],[11.63794,43.84852],[11.63784,43.84875],[11.63806,43.84914],[11.63803,43.84939],[11.63777,43.84956],[11.63615,43.8504]],[[11.56269,43.86414],[11.56372,43.86348],[11.56459,43.86274]],[[11.56712,43.86097],[11.56745,43.86114]],[[11.56745,43.86114],[11.56775,43.86131]],[[11.56574,43.86148],[11.56613,43.86122],[11.56663,43.86104]],[[11.56663,43.86104],[11.56688,43.86095]],[[11.60647,43.86555],[11.60623,43.86549],[11.60614,43.86532]],[[11.60614,43.86532],[11.60661,43.86475]],[[11.61221,43.85493],[11.61254,43.85444],[11.6129,43.85405],[11.6129,43.85394],[11.61277,43.8536],[11.6126,43.85344]],[[11.6126,43.85344],[11.61247,43.85339],[11.61207,43.8534],[11.61153,43.85363],[11.61131,43.85364],[11.61115,43.85354],[11.61096,43.85331],[11.61076,43.85315],[11.61062,43.85315],[11.61048,43.85317],[11.61038,43.85325],[11.61021,43.8536],[11.61007,43.85374],[11.60942,43.85399],[11.60927,43.85414],[11.60898,43.85428],[11.60875,43.8543],[11.60813,43.85423],[11.60766,43.85433],[11.60703,43.85415],[11.60681,43.8542],[11.60674,43.85431],[11.60671,43.85468],[11.60659,43.85493],[11.6065,43.85528],[11.60639,43.85542],[11.60529,43.85582],[11.60445,43.856],[11.60432,43.85617],[11.60421,43.85652],[11.60407,43.85666],[11.60377,43.85678],[11.60315,43.85685],[11.60294,43.85697],[11.60208,43.85775],[11.60192,43.85817],[11.60183,43.85824],[11.60082,43.85856],[11.60002,43.85897],[11.59917,43.8589],[11.59866,43.859],[11.5983,43.85925],[11.59763,43.85948],[11.59712,43.85988],[11.59682,43.86001],[11.5961,43.8601],[11.5951,43.86011],[11.59475,43.86007],[11.59415,43.85991],[11.59401,43.85994],[11.5938,43.86007],[11.59346,43.86045],[11.59328,43.86055],[11.59196,43.86074],[11.59148,43.86075],[11.59026,43.86053],[11.59001,43.86056],[11.5894,43.8607],[11.5893,43.86078],[11.58918,43.86123],[11.58894,43.86139],[11.58846,43.86143],[11.58759,43.86141],[11.58591,43.86176]],[[11.62865,43.8568],[11.62825,43.85676],[11.62714,43.8569],[11.62517,43.85746],[11.62482,43.85749]],[[11.62482,43.85749],[11.62418,43.85747],[11.62394,43.85755],[11.62385,43.85765],[11.62385,43.85777],[11.62413,43.85807],[11.62417,43.85823],[11.62368,43.85905],[11.62369,43.85925],[11.62387,43.8594],[11.62449,43.8597],[11.62467,43.85991],[11.62469,43.86008],[11.62444,43.86058],[11.62442,43.86087],[11.6246,43.86102],[11.62521,43.86113],[11.6255,43.86128],[11.62609,43.86207],[11.62651,43.86226],[11.62666,43.86239],[11.62671,43.86247],[11.62669,43.86263],[11.62626,43.8629],[11.62493,43.86314],[11.62439,43.86337],[11.62317,43.86401],[11.62219,43.86483],[11.62174,43.86513],[11.62098,43.86542],[11.61984,43.86597],[11.61882,43.86631],[11.6182,43.8667]],[[11.58648,43.85627],[11.58649,43.85611],[11.58634,43.85595],[11.58595,43.85585],[11.5857,43.85596],[11.58445,43.85741],[11.58375,43.85816],[11.58354,43.85868],[11.58306,43.85951],[11.58244,43.86018],[11.58237,43.86068],[11.58228,43.86083],[11.58219,43.86088],[11.58198,43.86088],[11.58182,43.86078],[11.5818,43.86053],[11.58185,43.86007]],[[11.56186,43.86456],[11.56269,43.86414]],[[11.63863,43.84372],[11.63996,43.84324],[11.64103,43.84315],[11.6413,43.84321],[11.64217,43.84358],[11.64317,43.84356],[11.64345,43.84359],[11.64374,43.84374],[11.64413,43.84432],[11.64434,43.8445],[11.64466,43.84455],[11.64524,43.84444],[11.64541,43.84447],[11.64554,43.84455],[11.64562,43.84473],[11.64563,43.84546]]]}},{"type":"Feature","properties":{"s":"SP 58","t":"provinciale","n":"S.P. PIANCALDOLESE (N. 58)"},"geometry":{"type":"MultiLineString","coordinates":[[[11.43238,44.214],[11.43197,44.21398]],[[11.42385,44.20854],[11.42338,44.2085],[11.42222,44.20815],[11.42148,44.20767],[11.42085,44.20763],[11.42038,44.20743]],[[11.33829,44.17269],[11.33976,44.1734],[11.34059,44.17392],[11.34104,44.17392],[11.3413,44.17375],[11.34169,44.17339],[11.34208,44.17331],[11.34234,44.17336],[11.343,44.17363],[11.34369,44.17404],[11.34406,44.17451],[11.34439,44.17566],[11.34458,44.17608],[11.34511,44.17679],[11.34576,44.17735],[11.34595,44.17823],[11.3461,44.17836],[11.34656,44.17848],[11.34677,44.17862],[11.34685,44.1788],[11.34691,44.17934],[11.34699,44.1795],[11.34714,44.17961],[11.34749,44.17972],[11.34765,44.17989],[11.34772,44.18071],[11.34782,44.18096],[11.34859,44.18187],[11.34885,44.18205],[11.34907,44.18211]],[[11.42845,44.21168],[11.42762,44.21117],[11.42639,44.21055],[11.42592,44.21027],[11.42574,44.21004],[11.42563,44.20978],[11.42499,44.20921],[11.42437,44.2089],[11.42417,44.20849]],[[11.43004,44.21302],[11.4298,44.21272]],[[11.4298,44.21272],[11.42945,44.21242]],[[11.42945,44.21242],[11.42845,44.21168]],[[11.43113,44.21372],[11.43081,44.21366]],[[11.43081,44.21366],[11.43055,44.21337],[11.43004,44.21302]],[[11.43197,44.21398],[11.43113,44.21372]],[[11.38727,44.20131],[11.38756,44.2016],[11.38784,44.20177],[11.38902,44.20205],[11.38956,44.20227],[11.39003,44.20228],[11.39135,44.20197],[11.39259,44.20217],[11.39322,44.20246],[11.39357,44.20245],[11.39427,44.20227],[11.39457,44.20213],[11.39512,44.20175],[11.39586,44.20143],[11.39611,44.20123],[11.39642,44.20075],[11.39671,44.20044],[11.39704,44.20017],[11.3973,44.20009],[11.39779,44.20021],[11.39873,44.20067],[11.39899,44.20087],[11.39932,44.20126],[11.39958,44.20143],[11.40018,44.20147],[11.40116,44.20139],[11.40271,44.20104],[11.40334,44.20077],[11.4038,44.20047],[11.40393,44.20032],[11.40401,44.20016],[11.40411,44.19953],[11.40419,44.19935],[11.40435,44.19921],[11.40458,44.19905],[11.40609,44.19855]],[[11.38727,44.20131],[11.38683,44.20088],[11.38676,44.20062],[11.38677,44.20017],[11.38663,44.20001],[11.3862,44.19979],[11.38525,44.19958],[11.38492,44.19946],[11.38462,44.1993],[11.38421,44.19897],[11.38404,44.19874],[11.38399,44.19857],[11.38413,44.19777],[11.38411,44.19767],[11.38398,44.1975],[11.38327,44.19699],[11.38278,44.19646],[11.38254,44.19637],[11.38134,44.19615],[11.38106,44.19599],[11.38038,44.19535],[11.38012,44.19504],[11.3793,44.19344],[11.37907,44.1932],[11.37847,44.19305],[11.37758,44.19256],[11.3773,44.19255],[11.37661,44.19275],[11.37627,44.19272],[11.3751,44.19219],[11.37392,44.1919],[11.37313,44.19146],[11.37214,44.19106],[11.37095,44.19079],[11.37064,44.19066],[11.37019,44.19034],[11.36893,44.18994],[11.36775,44.1889],[11.367,44.18843],[11.3666,44.18797],[11.3664,44.18785],[11.36548,44.18759],[11.36532,44.18736],[11.36539,44.18692],[11.36532,44.18673],[11.36514,44.18659],[11.36421,44.18615],[11.36406,44.18601],[11.3636,44.18536],[11.36314,44.18505],[11.3628,44.18492],[11.36196,44.18471],[11.36095,44.18469],[11.3589,44.1851],[11.3579,44.18518],[11.35768,44.18528],[11.35748,44.18552],[11.3573,44.18563],[11.35684,44.18564],[11.35638,44.18552],[11.35621,44.1854],[11.35544,44.18458],[11.35508,44.18432],[11.35315,44.18349],[11.35266,44.18323],[11.35253,44.18308],[11.35236,44.18274],[11.35209,44.18252],[11.35183,44.18247],[11.35109,44.18252],[11.35085,44.18247],[11.35019,44.18222],[11.34907,44.18211]],[[11.44213,44.21483],[11.4413,44.21469],[11.44049,44.21494],[11.43938,44.21497],[11.43869,44.21476],[11.43782,44.21477],[11.43703,44.2145],[11.43577,44.21448],[11.43516,44.21437],[11.43486,44.21456],[11.43465,44.2146],[11.43392,44.21453],[11.43373,44.21442]],[[11.43279,44.21337],[11.43261,44.21336],[11.43251,44.21342],[11.43261,44.21386],[11.43256,44.21394],[11.43238,44.214]],[[11.43373,44.21442],[11.43308,44.21394],[11.43279,44.21337]],[[11.44688,44.21583],[11.44651,44.21568],[11.44518,44.21541],[11.44491,44.21545],[11.44452,44.21566],[11.44418,44.21568],[11.44397,44.21561],[11.44313,44.21506],[11.44213,44.21483]],[[11.45154,44.22069],[11.45107,44.22039],[11.45091,44.22016],[11.45092,44.22001]],[[11.42417,44.20849],[11.42385,44.20854]],[[11.42038,44.20743],[11.41985,44.20712],[11.41817,44.20591],[11.41772,44.20548],[11.41681,44.20474],[11.41526,44.20304],[11.41515,44.20288],[11.41468,44.20158],[11.41469,44.20132],[11.41486,44.20089],[11.41489,44.2007],[11.41435,44.19993]],[[11.41435,44.19993],[11.41399,44.1995],[11.4133,44.19909],[11.41288,44.19896],[11.41215,44.19887],[11.4116,44.19866],[11.41032,44.19828],[11.41005,44.19826],[11.40896,44.19847],[11.40773,44.19859],[11.40711,44.1986],[11.40609,44.19855]],[[11.44865,44.21874],[11.44803,44.21746],[11.44777,44.21658],[11.4473,44.21617]],[[11.4473,44.21617],[11.44688,44.21583]],[[11.45092,44.22001],[11.45081,44.2198],[11.45069,44.21974],[11.44985,44.21957],[11.44944,44.21939],[11.44888,44.21903],[11.44865,44.21874]]]}},{"type":"Feature","properties":{"s":"SP 59","t":"provinciale","n":"S.P. DI BRUSCOLI (N. 59)"},"geometry":{"type":"MultiLineString","coordinates":[[[11.24748,44.14008],[11.24868,44.1397]],[[11.23556,44.14267],[11.23541,44.14254],[11.2353,44.1425],[11.23508,44.14251],[11.235,44.14257],[11.23489,44.14281],[11.23498,44.14326],[11.23491,44.14344],[11.23475,44.14369],[11.23397,44.14461],[11.23375,44.14473],[11.23251,44.14484],[11.23224,44.14501],[11.23177,44.14543],[11.23154,44.14553],[11.23116,44.1456],[11.23041,44.14556],[11.22919,44.1453],[11.2278,44.1444],[11.22679,44.14405],[11.22596,44.14323]],[[11.2402,44.14451],[11.24099,44.14475],[11.24126,44.14471],[11.24145,44.14459],[11.24178,44.1443],[11.24182,44.14421],[11.24177,44.14402],[11.2414,44.14355]],[[11.24472,44.14098],[11.245,44.14084],[11.24676,44.14037]],[[11.24676,44.14037],[11.24748,44.14008]],[[11.24372,44.14197],[11.24426,44.14152],[11.24472,44.14098]],[[11.24241,44.14238],[11.24296,44.14223]],[[11.24296,44.14223],[11.24335,44.14214],[11.24372,44.14197]],[[11.24211,44.14252],[11.24241,44.14238]],[[11.2414,44.14355],[11.24132,44.14339],[11.24141,44.14314],[11.24211,44.14252]],[[11.25081,44.13336],[11.25155,44.13187],[11.25157,44.13168],[11.25149,44.1307],[11.25151,44.13034],[11.25162,44.1301],[11.25194,44.1297],[11.25193,44.12958],[11.25169,44.12933],[11.25188,44.12882]],[[11.25038,44.13784],[11.25037,44.13707],[11.25079,44.13502],[11.25077,44.13491],[11.25062,44.13476],[11.25019,44.13458],[11.25012,44.13436],[11.25047,44.13399],[11.25081,44.13336]],[[11.24868,44.1397],[11.2494,44.13944],[11.25048,44.13868],[11.25057,44.13849],[11.25043,44.13814],[11.25038,44.13784]],[[11.2402,44.14451],[11.23932,44.14412],[11.23823,44.14395],[11.23731,44.14366],[11.23601,44.1431],[11.23556,44.14267]],[[11.22596,44.14323],[11.22581,44.14312],[11.22559,44.14308],[11.22526,44.14316],[11.22512,44.14329],[11.22503,44.14364],[11.22485,44.14508],[11.22483,44.14518],[11.22465,44.14533],[11.2244,44.14539],[11.2234,44.14544],[11.22235,44.14576]],[[11.22235,44.14576],[11.2221,44.1459],[11.22198,44.14605],[11.22197,44.14631],[11.22213,44.14766],[11.22168,44.14887],[11.22171,44.14959],[11.22182,44.15003],[11.22196,44.15037],[11.22195,44.15056],[11.22119,44.1514],[11.221,44.15154],[11.21997,44.15184]],[[11.26991,44.10009],[11.27047,44.0995],[11.27076,44.09879],[11.27158,44.09823],[11.27194,44.09756],[11.27207,44.09741],[11.27417,44.09629],[11.27452,44.0958],[11.27499,44.09485]],[[11.27499,44.09485],[11.27517,44.09464]],[[11.27517,44.09464],[11.27624,44.09417]],[[11.26718,44.10748],[11.26729,44.10706]],[[11.26729,44.10706],[11.26795,44.10629],[11.26805,44.10611],[11.26859,44.10389],[11.26861,44.10361],[11.26836,44.10236],[11.26835,44.1021],[11.26848,44.10187],[11.26934,44.10109],[11.26974,44.10032],[11.26991,44.10009]],[[11.25188,44.12882],[11.25189,44.12851],[11.25163,44.128],[11.25164,44.12785],[11.25179,44.12773],[11.25253,44.12739],[11.25282,44.12719],[11.25288,44.12711],[11.25296,44.12666],[11.25304,44.12649],[11.25316,44.12635],[11.25371,44.12598],[11.25383,44.12581],[11.2539,44.12544],[11.25388,44.12517],[11.25373,44.1249],[11.2534,44.12464],[11.2533,44.12449],[11.25326,44.12423],[11.25332,44.12388],[11.25346,44.12335],[11.25365,44.12292],[11.2549,44.12087],[11.25512,44.12066],[11.25569,44.12031],[11.256,44.11992],[11.25631,44.11964],[11.25786,44.11874],[11.2583,44.11841],[11.25943,44.11661],[11.26097,44.11531],[11.26191,44.11434],[11.26203,44.11398],[11.26195,44.11327],[11.26211,44.11306],[11.2624,44.11292],[11.26275,44.11287],[11.26423,44.11301],[11.26462,44.11299],[11.26576,44.1126],[11.2662,44.11226],[11.26634,44.1119],[11.26625,44.11118],[11.26609,44.11047],[11.26624,44.10949],[11.2663,44.10933],[11.26701,44.10837],[11.26714,44.10797]],[[11.26714,44.10797],[11.26718,44.10748]]]}},{"type":"Feature","properties":{"s":"SP 61","t":"provinciale","n":"S.P. SAMBRO (N.61)"},"geometry":{"type":"MultiLineString","coordinates":[[[11.21997,44.15184],[11.21988,44.15198],[11.2198,44.15261],[11.21966,44.15297],[11.21954,44.15313],[11.21888,44.15354],[11.21838,44.15394],[11.21801,44.15431],[11.21734,44.15472],[11.21652,44.15539],[11.21636,44.15562],[11.21625,44.15596],[11.21631,44.15622],[11.21675,44.15697]]]}},{"type":"Feature","properties":{"s":"SP 610","t":"provinciale","n":"S.P. SELICE - MONTANARA - IMOLESE (N.610)"},"geometry":{"type":"MultiLineString","coordinates":[[[11.41387,44.11781],[11.41423,44.11761],[11.41459,44.11749],[11.41485,44.11748],[11.41546,44.11759],[11.41595,44.11761],[11.41629,44.11753],[11.41649,44.11744],[11.417,44.11705],[11.41746,44.11663],[11.41757,44.11648],[11.41768,44.11614],[11.41767,44.11551],[11.41769,44.11541],[11.41781,44.11532],[11.41809,44.11537],[11.41907,44.11605],[11.41965,44.11618],[11.42039,44.11623],[11.42099,44.11616],[11.42147,44.11588],[11.42231,44.11565],[11.42292,44.11563],[11.42358,44.11538]],[[11.44724,44.1398],[11.44712,44.14048],[11.44713,44.14074]],[[11.44782,44.13523],[11.44812,44.13525],[11.44822,44.13534],[11.4482,44.13643],[11.44808,44.13688],[11.44781,44.13738],[11.44755,44.1388],[11.44734,44.13933],[11.44724,44.1398]],[[11.4346,44.1199],[11.43498,44.12018],[11.43545,44.12089]],[[11.43545,44.12089],[11.43567,44.12154]],[[11.46892,44.16509],[11.47051,44.16469],[11.47235,44.16411],[11.47312,44.16408],[11.47402,44.16425]],[[11.45513,44.15196],[11.45506,44.15207],[11.45515,44.1522],[11.45575,44.15252]],[[11.45575,44.15252],[11.45667,44.153],[11.4574,44.1535]],[[11.48703,44.17496],[11.48744,44.1753]],[[11.46042,44.15801],[11.46039,44.15812],[11.46043,44.15827],[11.46097,44.15864],[11.46177,44.15967]],[[11.38024,44.1175],[11.37959,44.11737]],[[11.38448,44.11852],[11.38285,44.11813]],[[11.38469,44.11857],[11.38448,44.11852]],[[11.38159,44.11782],[11.38044,44.11754]],[[11.38044,44.11754],[11.38024,44.1175]],[[11.43595,44.1226],[11.43629,44.12393]],[[11.44019,44.12391],[11.44034,44.12399],[11.44035,44.12406],[11.44026,44.12415],[11.43991,44.12428],[11.43909,44.12449],[11.43878,44.12462],[11.43775,44.12527],[11.43755,44.12549],[11.43742,44.12573],[11.43741,44.1259],[11.43746,44.12607],[11.43802,44.12665],[11.43828,44.12684],[11.43931,44.12735],[11.43963,44.12759]],[[11.38497,44.11863],[11.38469,44.11857]],[[11.43629,44.12393],[11.43662,44.12415],[11.43821,44.1243],[11.4387,44.12426],[11.44019,44.12391]],[[11.38873,44.11943],[11.38497,44.11863]],[[11.38285,44.11813],[11.38159,44.11782]],[[11.39329,44.12019],[11.39419,44.1202],[11.39472,44.12031]],[[11.39472,44.12031],[11.39496,44.12043]],[[11.45299,44.14373],[11.4534,44.14391],[11.45483,44.14479],[11.45519,44.14517],[11.45554,44.14566],[11.45555,44.14604],[11.45533,44.14648],[11.45494,44.14684],[11.45444,44.1472]],[[11.38873,44.11943],[11.38913,44.11953],[11.38971,44.11982]],[[11.38971,44.11982],[11.39052,44.12015]],[[11.39052,44.12015],[11.39097,44.12026],[11.3917,44.12032],[11.3922,44.12031],[11.39296,44.1202]],[[11.40258,44.12197],[11.40332,44.12203],[11.40403,44.12192],[11.40499,44.12152],[11.4059,44.12104],[11.40846,44.1201],[11.40909,44.12001],[11.41095,44.11991],[11.41144,44.11967],[11.41185,44.11934],[11.41203,44.11911],[11.41206,44.11876],[11.41223,44.1185],[11.41286,44.11819],[11.41356,44.11801],[11.41387,44.11781]],[[11.42358,44.11538],[11.42395,44.1153],[11.42433,44.11529],[11.42521,44.11535],[11.42546,44.11545],[11.42552,44.11564],[11.42537,44.11626],[11.42538,44.11652],[11.42575,44.11697],[11.42624,44.11723],[11.42658,44.1173],[11.42694,44.11728],[11.42798,44.11682]],[[11.39296,44.1202],[11.39329,44.12019]],[[11.46177,44.15967],[11.46205,44.16007]],[[11.46205,44.16007],[11.46271,44.16152],[11.46292,44.16185],[11.46349,44.16254],[11.4639,44.1627],[11.46464,44.16268],[11.46512,44.16282],[11.46725,44.16409],[11.46823,44.16502],[11.46863,44.16516],[11.46892,44.16509]],[[11.47767,44.16771],[11.47798,44.16788],[11.47814,44.16804],[11.47815,44.16824],[11.47801,44.16867],[11.47809,44.16879],[11.47856,44.16887],[11.47943,44.16882],[11.47981,44.16885],[11.48065,44.16902],[11.48164,44.16916],[11.48208,44.16936],[11.48265,44.16984],[11.48303,44.17007],[11.48365,44.17037],[11.48466,44.17073],[11.48482,44.17089],[11.48487,44.17144],[11.4854,44.17234],[11.48558,44.17297]],[[11.48558,44.17297],[11.48577,44.17403],[11.48609,44.17461],[11.48643,44.17484],[11.48703,44.17496]],[[11.45044,44.14259],[11.45193,44.1434],[11.45299,44.14373]],[[11.43963,44.12759],[11.43987,44.12785],[11.4401,44.12827],[11.44015,44.12873],[11.44003,44.12927],[11.44009,44.12952],[11.44033,44.12981],[11.44113,44.13036],[11.44183,44.13053],[11.44255,44.13047],[11.44286,44.13035],[11.44368,44.12979],[11.44391,44.1297],[11.44431,44.12967],[11.44444,44.1297],[11.44462,44.12985],[11.44473,44.13012],[11.44469,44.13041],[11.44339,44.13194],[11.44315,44.13244],[11.44311,44.13279],[11.44316,44.13323],[11.44351,44.13391],[11.44439,44.13452],[11.44468,44.13511],[11.44487,44.13518],[11.44611,44.13526],[11.44697,44.1352],[11.44782,44.13523]],[[11.44713,44.14074],[11.44718,44.14154],[11.44735,44.14187],[11.44757,44.14207],[11.44788,44.1422],[11.4487,44.14243],[11.44918,44.1425],[11.45018,44.14253],[11.45044,44.14259]],[[11.42798,44.11682],[11.42889,44.11633],[11.43022,44.11582],[11.4306,44.11575],[11.43137,44.11578],[11.43147,44.11586],[11.43151,44.11596],[11.43132,44.1163],[11.4313,44.11656],[11.43166,44.11712],[11.43187,44.11782],[11.43217,44.11831],[11.4326,44.11874],[11.43364,44.11947],[11.43396,44.11966],[11.4346,44.1199]],[[11.43567,44.12154],[11.43595,44.1226]],[[11.47402,44.16425],[11.47432,44.16437],[11.4746,44.16456],[11.47484,44.16478],[11.47503,44.16502],[11.47506,44.16539],[11.47487,44.16572],[11.47482,44.16618],[11.4745,44.16656],[11.4745,44.16672],[11.47455,44.1668],[11.4747,44.16691],[11.47493,44.16692],[11.47552,44.1668],[11.4758,44.1668],[11.47604,44.16689],[11.47767,44.16771]],[[11.45444,44.1472],[11.45417,44.14742],[11.45406,44.14757],[11.45404,44.14782],[11.45417,44.14835],[11.45455,44.14879],[11.45556,44.14957],[11.4557,44.14983],[11.45581,44.15028],[11.4558,44.15065],[11.45561,44.15127],[11.45513,44.15196]],[[11.39763,44.12133],[11.39864,44.12136]],[[11.39864,44.12136],[11.39922,44.12143],[11.4011,44.1215],[11.40212,44.12186],[11.40258,44.12197]],[[11.3981,44.12118],[11.39864,44.12136]],[[11.39763,44.12133],[11.39787,44.12121]],[[11.39787,44.12121],[11.3981,44.12118]],[[11.39496,44.12043],[11.39589,44.12095],[11.39674,44.12126]],[[11.39674,44.12126],[11.39712,44.12134],[11.39763,44.12133]],[[11.4574,44.1535],[11.45777,44.15374],[11.45794,44.15396]],[[11.45794,44.15396],[11.45812,44.15443],[11.45824,44.15497],[11.45847,44.1564],[11.45856,44.15665],[11.45891,44.15701],[11.4591,44.15711],[11.46015,44.1574],[11.46045,44.15758],[11.46054,44.15767],[11.46054,44.15779],[11.46042,44.15801]]]}},{"type":"Feature","properties":{"s":"SP 74","t":"provinciale","n":"S.P. MARRADI SAN BENEDETTO (N. 74)"},"geometry":{"type":"MultiLineString","coordinates":[[[11.65716,44.01724],[11.65743,44.01717]],[[11.61111,44.07463],[11.61155,44.07423],[11.61195,44.07406]],[[11.61195,44.07406],[11.61255,44.07388]],[[11.61255,44.07388],[11.61334,44.07365],[11.61431,44.07345],[11.61462,44.07333]],[[11.61754,44.07198],[11.61889,44.07143],[11.61911,44.07138],[11.61945,44.07138],[11.61975,44.07151],[11.62026,44.07202],[11.62045,44.07215],[11.6209,44.07231],[11.62127,44.07255],[11.6215,44.07261]],[[11.61462,44.07333],[11.61485,44.07322]],[[11.6215,44.07261],[11.62276,44.07262],[11.62397,44.07285],[11.62471,44.07292],[11.62564,44.07315],[11.62627,44.07344],[11.62658,44.07371],[11.62722,44.07375],[11.62769,44.07402],[11.62794,44.07432],[11.62798,44.07485],[11.62806,44.07512],[11.62836,44.07552],[11.62853,44.07566],[11.62866,44.0757],[11.62953,44.07572],[11.62963,44.07577],[11.62983,44.07617],[11.62998,44.07633],[11.63032,44.07645],[11.63143,44.07656],[11.63237,44.07681],[11.63278,44.07681]],[[11.64835,44.02031],[11.64952,44.02075],[11.64967,44.02074],[11.65001,44.02058],[11.65011,44.0205],[11.65026,44.02018],[11.65081,44.01996],[11.65096,44.01952],[11.65133,44.01929],[11.65171,44.01893],[11.65189,44.01883],[11.6526,44.01865],[11.65271,44.01857],[11.65281,44.0183],[11.65268,44.01768],[11.65279,44.01755],[11.653,44.01751],[11.65328,44.01762],[11.65433,44.01863],[11.65471,44.01909],[11.65486,44.01933],[11.65491,44.01959],[11.65467,44.0202],[11.65479,44.0203],[11.65497,44.02027],[11.6556,44.0197],[11.65607,44.01885],[11.65606,44.01857],[11.65566,44.01772],[11.6557,44.01757],[11.65586,44.01744],[11.65631,44.01724],[11.65693,44.01728],[11.65716,44.01724]],[[11.61485,44.07322],[11.61754,44.07198]],[[11.63278,44.07681],[11.63324,44.07669],[11.63401,44.07622],[11.63711,44.07388],[11.63846,44.07344],[11.63928,44.07302],[11.63967,44.07266],[11.64001,44.07207],[11.64016,44.0709],[11.64059,44.0694],[11.64123,44.06805],[11.64142,44.06733],[11.64147,44.06679],[11.64127,44.06553],[11.641,44.06503],[11.6412,44.06396],[11.64116,44.06343],[11.6413,44.06282],[11.64147,44.06258],[11.64156,44.06212],[11.64133,44.06096],[11.64116,44.06043],[11.64055,44.05944],[11.64009,44.0589],[11.6399,44.05861]],[[11.6399,44.05861],[11.63925,44.058],[11.6389,44.05774],[11.63767,44.05728],[11.63741,44.05711],[11.63692,44.05648],[11.63638,44.05611],[11.63599,44.05508],[11.63508,44.054],[11.63463,44.05335],[11.63377,44.05296],[11.63343,44.05271],[11.63323,44.0524],[11.63317,44.05195],[11.6331,44.05178],[11.63243,44.05112],[11.63192,44.0505],[11.63078,44.04966],[11.63048,44.04938],[11.63021,44.04905],[11.62919,44.04838],[11.62914,44.04832],[11.62913,44.04815],[11.62924,44.04781],[11.62984,44.04713],[11.62991,44.04695],[11.62983,44.04676],[11.62928,44.04639],[11.62892,44.04602]],[[11.64011,44.03238],[11.64054,44.0321],[11.64145,44.03181],[11.64156,44.03174],[11.6416,44.03163],[11.64157,44.03091],[11.64148,44.03063],[11.64077,44.03026],[11.64073,44.03014],[11.64079,44.03009],[11.64107,44.0301],[11.64158,44.03036],[11.64218,44.03052],[11.64344,44.03056],[11.6439,44.03038],[11.64458,44.02972],[11.64467,44.02954],[11.64479,44.02891],[11.64472,44.02872],[11.64445,44.02842],[11.6444,44.0279],[11.64443,44.02773],[11.64459,44.02748],[11.64476,44.02686],[11.64495,44.02665],[11.64529,44.02653],[11.64549,44.0263],[11.64605,44.02608],[11.64608,44.02597],[11.64604,44.02553],[11.64647,44.02511],[11.64696,44.02473],[11.6469,44.02457],[11.64657,44.02442],[11.64551,44.02417],[11.64542,44.02403],[11.64547,44.02386],[11.64578,44.02329],[11.64655,44.023],[11.64678,44.02268],[11.64703,44.02246],[11.64712,44.02192],[11.64704,44.02157],[11.64716,44.02144],[11.64751,44.02128],[11.64749,44.02117],[11.64714,44.0205],[11.64715,44.02033],[11.64734,44.02001],[11.64748,44.01988],[11.64778,44.01985],[11.64835,44.02031]],[[11.62892,44.04602],[11.62851,44.04558],[11.62843,44.04532],[11.62815,44.04503],[11.62796,44.04459],[11.62768,44.04439],[11.62693,44.0441],[11.626,44.04293],[11.62533,44.04242],[11.62536,44.04227],[11.62543,44.04221],[11.62564,44.04216],[11.6262,44.04228],[11.62677,44.04258],[11.62694,44.04255],[11.62702,44.04244],[11.62692,44.04229],[11.62637,44.04206],[11.62602,44.04182],[11.62576,44.04143],[11.62572,44.04127],[11.62576,44.0412],[11.62593,44.04112],[11.62609,44.04115],[11.62627,44.04148],[11.6265,44.04161],[11.62666,44.04159],[11.62678,44.04151],[11.62745,44.03987],[11.62799,44.03927],[11.62822,44.03875],[11.62835,44.03864],[11.62854,44.03867],[11.62862,44.0388],[11.62832,44.03947],[11.62828,44.03967],[11.62831,44.03976],[11.62863,44.04017],[11.62889,44.04026],[11.62906,44.04022],[11.62914,44.04001],[11.62899,44.03966],[11.62901,44.03941],[11.6292,44.0392],[11.62972,44.03895],[11.62982,44.03877],[11.62988,44.03832],[11.62997,44.03807],[11.63025,44.03778],[11.63052,44.03761],[11.63145,44.03737],[11.63305,44.03686],[11.63327,44.03684],[11.63495,44.03713],[11.63515,44.03721],[11.63556,44.03755],[11.63594,44.03764],[11.63609,44.03763],[11.6362,44.03755],[11.63626,44.03745],[11.63613,44.03709],[11.63611,44.03664],[11.63584,44.03625],[11.6361,44.03575],[11.63602,44.03531],[11.63619,44.03496],[11.63616,44.03485],[11.63605,44.03477],[11.63554,44.03452],[11.63547,44.03445],[11.63548,44.03431],[11.63588,44.034],[11.63632,44.03384],[11.63701,44.03364],[11.63833,44.03337],[11.63856,44.03327],[11.63873,44.03312],[11.63893,44.03279],[11.639,44.03225],[11.63912,44.03215],[11.6393,44.03216],[11.63937,44.03231],[11.63942,44.03358],[11.63947,44.03364],[11.63973,44.03364],[11.63979,44.03359],[11.63985,44.03344],[11.64003,44.03255],[11.64011,44.03238]]]}},{"type":"Feature","properties":{"s":"SP 8","t":"provinciale","n":"S.P. MILITARE PER BARBERINO (N. 8)"},"geometry":{"type":"MultiLineString","coordinates":[[[11.21349,43.95479],[11.21357,43.95442]],[[11.21349,43.95479],[11.21357,43.95442]],[[11.21349,43.95479],[11.21357,43.95442]],[[11.21349,43.95479],[11.21357,43.95442]],[[11.21449,43.96033],[11.21445,43.96],[11.21448,43.95945],[11.2144,43.95911],[11.21425,43.9588],[11.21353,43.958],[11.21341,43.95782],[11.21332,43.95758],[11.21337,43.95689],[11.21324,43.95563],[11.21333,43.95522],[11.21349,43.95479]],[[11.21539,43.96159],[11.21449,43.96033]],[[11.21539,43.96159],[11.21643,43.96294],[11.21664,43.96327],[11.21666,43.96357],[11.21648,43.96407],[11.21645,43.9644],[11.21668,43.96522],[11.21674,43.9656],[11.2167,43.96613]],[[11.2167,43.96613],[11.21653,43.96689],[11.21665,43.96731],[11.2171,43.96793],[11.21713,43.96808],[11.21703,43.96884],[11.2173,43.97011],[11.21722,43.97043],[11.21687,43.9709],[11.21693,43.97147],[11.2168,43.97216],[11.21677,43.97245],[11.21681,43.97264],[11.21735,43.97337],[11.21814,43.97412],[11.21847,43.97468],[11.219,43.97523],[11.22079,43.97612],[11.22095,43.97617]],[[11.2259,43.98],[11.22628,43.9802]],[[11.22628,43.9802],[11.2265,43.98024]],[[11.22601,43.98032],[11.2259,43.98]],[[11.22628,43.9802],[11.22601,43.98032]],[[11.22665,43.9804],[11.2265,43.98024]],[[11.22598,43.98049],[11.22601,43.98032]],[[11.22665,43.9804],[11.22664,43.98053]],[[11.22647,43.98068],[11.22664,43.98053]],[[11.22598,43.98049],[11.22608,43.98065],[11.22626,43.98071]],[[11.22647,43.98068],[11.22626,43.98071]],[[11.22555,43.98091],[11.22585,43.98068],[11.22598,43.98049]],[[11.22626,43.98071],[11.22555,43.98091]],[[11.23367,43.98855],[11.23396,43.98881]],[[11.23396,43.98881],[11.23419,43.98907]],[[11.23493,43.9905],[11.23472,43.9901]],[[11.2351,43.99086],[11.23493,43.9905]],[[11.23537,43.99125],[11.23572,43.99145]],[[11.23572,43.99145],[11.23587,43.99145]],[[11.23556,43.99153],[11.23537,43.99125]],[[11.23572,43.99145],[11.23556,43.99153]],[[11.23601,43.99156],[11.23587,43.99145]],[[11.23556,43.99169],[11.23556,43.99153]],[[11.23594,43.99172],[11.23601,43.99156]],[[11.23583,43.99178],[11.23556,43.99169]],[[11.23594,43.99172],[11.23583,43.99178]],[[11.23623,43.99178],[11.23594,43.99172]],[[11.23601,43.99156],[11.23623,43.99178]],[[11.23556,43.99169],[11.23556,43.99185],[11.23551,43.99198]],[[11.23551,43.99198],[11.23567,43.99183],[11.23583,43.99178]],[[11.23728,43.99215],[11.23984,43.99304]],[[11.23984,43.99304],[11.24031,43.99309]],[[11.24059,43.9933],[11.24049,43.99313],[11.24031,43.99309]],[[11.24017,43.99335],[11.23984,43.99304]],[[11.24031,43.99309],[11.24016,43.99317],[11.24013,43.99327],[11.24017,43.99335]],[[11.24054,43.99344],[11.24059,43.9933]],[[11.24035,43.99387],[11.24054,43.99344]],[[11.24021,43.99526],[11.24019,43.99547]],[[11.24012,43.99599],[11.24038,43.99614]],[[11.24334,43.99994],[11.2434,44.00018]],[[11.24046,44.00807],[11.2404,44.0083]],[[11.2404,44.0083],[11.24033,44.00852]],[[11.23019,44.01343],[11.22977,44.01223],[11.22972,44.01187],[11.22978,44.01156],[11.22993,44.01121],[11.23046,44.01068],[11.23074,44.01024],[11.23083,44.00997],[11.23077,44.00942],[11.23046,44.00891],[11.22864,44.0069],[11.22817,44.00632],[11.22803,44.00606],[11.22792,44.00547],[11.22799,44.00512],[11.22829,44.00454]],[[11.23669,44.01632],[11.23686,44.01657],[11.23755,44.01799],[11.23778,44.0181],[11.23859,44.01805]],[[11.23859,44.01805],[11.2389,44.01826],[11.23924,44.01885],[11.23923,44.01899]],[[11.25906,44.04253],[11.25896,44.04229]],[[11.2248,43.98112],[11.22438,43.98112]],[[11.22405,43.9813],[11.22438,43.98112]],[[11.22405,43.9813],[11.22433,43.9814]],[[11.22433,43.9814],[11.2248,43.98112]],[[11.22433,43.9814],[11.22399,43.98176]],[[11.23525,43.99222],[11.23535,43.99211]],[[11.23457,43.99289],[11.23482,43.99265]],[[11.23432,43.99311],[11.23457,43.99289]],[[11.24297,43.99988],[11.24297,43.99974]],[[11.24297,43.99988],[11.24313,43.99996]],[[11.24314,43.99963],[11.24297,43.99974]],[[11.24276,44.00232],[11.2429,44.00214]],[[11.24304,44.00193],[11.2429,44.00214]],[[11.2434,44.00018],[11.24313,43.99996]],[[11.24334,43.99994],[11.24313,43.99996]],[[11.23157,43.99909],[11.23156,43.99927],[11.23136,43.99969],[11.23095,44.00028],[11.23038,44.00097],[11.23017,44.00133],[11.2301,44.00157]],[[11.2301,44.00157],[11.22999,44.00196],[11.22972,44.00248],[11.22829,44.00454]],[[11.23472,43.9901],[11.2345,43.98963]],[[11.24059,43.9933],[11.24035,43.99341],[11.24017,43.99335]],[[11.24017,43.99335],[11.24036,43.99361],[11.24035,43.99387]],[[11.24334,43.99967],[11.24314,43.99963]],[[11.25564,44.03792],[11.25537,44.03771],[11.25519,44.03764],[11.25488,44.0376],[11.25441,44.03763],[11.25395,44.03742],[11.25266,44.03728]],[[11.24212,43.99735],[11.24217,43.99745]],[[11.24038,43.99614],[11.24127,43.99638],[11.24175,43.99657]],[[11.22555,43.98091],[11.2248,43.98112]],[[11.2351,43.99086],[11.23537,43.99125]],[[11.23551,43.99198],[11.23535,43.99211]],[[11.24035,43.99387],[11.2403,43.99433]],[[11.23623,43.99178],[11.23728,43.99215]],[[11.24019,43.99547],[11.24012,43.99599]],[[11.2403,43.99433],[11.24021,43.99526]],[[11.24175,43.99657],[11.24189,43.99685]],[[11.24189,43.99685],[11.24212,43.99735]],[[11.24217,43.99745],[11.24229,43.99772]],[[11.24229,43.99772],[11.24285,43.99896]],[[11.2434,44.00018],[11.24357,44.00056],[11.24359,44.00084],[11.24351,44.00118],[11.24304,44.00193]],[[11.23482,43.99265],[11.23525,43.99222]],[[11.24285,43.99896],[11.24314,43.99963]],[[11.2345,43.98963],[11.23419,43.98907]],[[11.23432,43.99311],[11.23379,43.99382],[11.2334,43.99462],[11.23254,43.99725],[11.23157,43.99909]],[[11.23923,44.01899],[11.23917,44.01908],[11.23843,44.01954],[11.23839,44.01963],[11.23838,44.01999],[11.23834,44.02012],[11.23794,44.02061],[11.23789,44.02073],[11.2379,44.02084],[11.23797,44.02092],[11.2383,44.02109],[11.23849,44.02136],[11.23842,44.02171],[11.2386,44.02193],[11.23863,44.02203],[11.23861,44.02214],[11.23835,44.02256],[11.23839,44.02268],[11.2388,44.02324],[11.23923,44.02354],[11.23929,44.02365],[11.23932,44.02394],[11.23941,44.02407],[11.23991,44.0245],[11.23999,44.02468],[11.24022,44.02496],[11.24095,44.02516],[11.24118,44.02539],[11.24117,44.02549],[11.24071,44.0258],[11.24065,44.02597],[11.24085,44.02677],[11.24098,44.02696],[11.24148,44.02728],[11.24251,44.02776],[11.24299,44.02784],[11.24312,44.02795],[11.24322,44.02827],[11.24338,44.0284],[11.24357,44.02848],[11.2448,44.02871],[11.24495,44.02881],[11.24502,44.02906],[11.24491,44.02918],[11.24404,44.02968],[11.24389,44.0298],[11.24384,44.02992],[11.24389,44.03008],[11.24446,44.03069],[11.24455,44.0309],[11.24474,44.0311],[11.24512,44.03131],[11.2452,44.03144],[11.24516,44.03157],[11.24491,44.03188],[11.2449,44.03206],[11.24502,44.03225],[11.24589,44.03283],[11.24598,44.03324],[11.24654,44.03335],[11.24672,44.03343],[11.24686,44.03368],[11.24718,44.03396],[11.24735,44.03437],[11.24751,44.0345],[11.24811,44.0347],[11.24826,44.03481],[11.24836,44.03492],[11.24838,44.0351],[11.24829,44.03539],[11.2483,44.03559],[11.24845,44.03592],[11.24862,44.03611],[11.24922,44.03639],[11.25027,44.03645],[11.25052,44.03659],[11.25063,44.03679],[11.25064,44.03705],[11.25046,44.03762],[11.25047,44.03784],[11.2507,44.03787],[11.25236,44.03732],[11.25266,44.03728]],[[11.22095,43.97617],[11.22152,43.97619],[11.22349,43.97608],[11.22374,43.97609],[11.22394,43.97618],[11.22409,43.97631],[11.22417,43.97646],[11.2249,43.97813]],[[11.25896,44.04229],[11.25819,44.04084],[11.25796,44.04067],[11.25769,44.04056],[11.25691,44.04053],[11.25638,44.04036],[11.25614,44.04036],[11.25584,44.04045],[11.25509,44.04089],[11.2549,44.04096],[11.25473,44.04098],[11.25457,44.04088],[11.25457,44.04079],[11.25471,44.04059],[11.25509,44.0402],[11.2551,44.04009],[11.25505,44.03995],[11.2548,44.03969],[11.25478,44.03943],[11.25583,44.03859],[11.25584,44.0382],[11.25564,44.03792]],[[11.24033,44.00852],[11.24019,44.00889],[11.23984,44.00937],[11.23812,44.01095]],[[11.2249,43.97813],[11.22522,43.97883],[11.2259,43.98]],[[11.23753,44.01139],[11.2378,44.01135]],[[11.23748,44.01177],[11.23728,44.01201]],[[11.23728,44.01201],[11.237,44.01242],[11.23661,44.01323],[11.23618,44.01389],[11.23604,44.01464],[11.23599,44.0154],[11.23614,44.01594],[11.23623,44.01605],[11.23669,44.01632]],[[11.23725,44.01133],[11.23708,44.01139],[11.23699,44.01149],[11.23697,44.01158]],[[11.23765,44.01155],[11.23761,44.01165],[11.23748,44.01177]],[[11.23725,44.01133],[11.23753,44.01139]],[[11.23753,44.01139],[11.23765,44.01155]],[[11.23728,44.01201],[11.23728,44.01188],[11.23719,44.01178]],[[11.23719,44.01178],[11.23705,44.01171],[11.23697,44.01158]],[[11.23748,44.01177],[11.23719,44.01178]],[[11.23812,44.01095],[11.2378,44.01135]],[[11.2378,44.01135],[11.23765,44.01155]],[[11.24276,44.00232],[11.24216,44.00325],[11.24191,44.00349],[11.24055,44.00436],[11.24034,44.00455],[11.24018,44.00481],[11.24006,44.00515],[11.24003,44.00541],[11.24044,44.00738],[11.24048,44.00771],[11.24046,44.00807]],[[11.24334,43.99994],[11.24343,43.99988]],[[11.24343,43.99988],[11.24344,43.9998],[11.24334,43.99967]],[[11.23367,43.98855],[11.23333,43.98823]],[[11.21357,43.95442],[11.21348,43.95415]],[[11.21357,43.95442],[11.21348,43.95415]],[[11.21357,43.95442],[11.21348,43.95415]],[[11.21357,43.95442],[11.21348,43.95415]]]}},{"type":"Feature","properties":{"s":"SP 83","t":"provinciale","n":"S.P. TRAVERSA DI PELAGO (N. 83)"},"geometry":{"type":"MultiLineString","coordinates":[[[11.504,43.77216],[11.50448,43.77174]],[[11.49924,43.77103],[11.49868,43.771]],[[11.49868,43.771],[11.49817,43.77097]],[[11.49817,43.77097],[11.49794,43.77102],[11.49755,43.77153]],[[11.50149,43.77325],[11.50138,43.77307],[11.50131,43.7724]],[[11.50149,43.77325],[11.50191,43.77339],[11.50222,43.77331],[11.50258,43.77303],[11.50322,43.77272],[11.504,43.77216]],[[11.49755,43.77153],[11.49708,43.77187],[11.49634,43.77213]],[[11.48219,43.77557],[11.48246,43.7755],[11.48359,43.77541],[11.4854,43.77514]],[[11.48781,43.77538],[11.48716,43.77542],[11.48599,43.77512],[11.4854,43.77514]],[[11.49049,43.77575],[11.48911,43.77565],[11.48898,43.77562],[11.48862,43.77535],[11.48847,43.7753],[11.48781,43.77538]],[[11.4908,43.77574],[11.49049,43.77575]],[[11.49314,43.77333],[11.49403,43.77256],[11.4946,43.77225],[11.49485,43.77219],[11.49586,43.77219],[11.49634,43.77213]],[[11.49244,43.77379],[11.49283,43.77349],[11.49314,43.77333]],[[11.50131,43.7724],[11.5004,43.77166],[11.50017,43.77125],[11.50003,43.77112],[11.49976,43.77104],[11.49924,43.77103]],[[11.4908,43.77574],[11.49147,43.77484],[11.49244,43.77379]],[[11.47566,43.77375],[11.47624,43.77379],[11.47642,43.77385],[11.47738,43.77483],[11.4778,43.77503],[11.47893,43.77522],[11.47943,43.77538],[11.47974,43.77557],[11.48082,43.77641],[11.48093,43.77643],[11.48115,43.77639],[11.48157,43.77619],[11.48186,43.77595],[11.48219,43.77557]]]}},{"type":"Feature","properties":{"s":"SP 84","t":"provinciale","n":"S.P. DI MOLIN DEL PIANO (N. 84)"},"geometry":{"type":"MultiLineString","coordinates":[[[11.39245,43.82133],[11.39235,43.82086],[11.39255,43.81965],[11.39264,43.81933],[11.39278,43.81908],[11.39316,43.81868],[11.39372,43.81813],[11.39397,43.81797]],[[11.39091,43.80314],[11.3909,43.80284]],[[11.38976,43.79509],[11.39012,43.79394]],[[11.39012,43.79394],[11.39002,43.79361],[11.38964,43.79297],[11.38953,43.7927]],[[11.39397,43.81797],[11.39388,43.81771],[11.39397,43.81684],[11.39455,43.81614]],[[11.39659,43.81416],[11.39691,43.81383]],[[11.39706,43.81366],[11.39691,43.81383]],[[11.39455,43.81614],[11.39659,43.81416]],[[11.39098,43.80339],[11.39094,43.80329]],[[11.39094,43.80329],[11.39091,43.80314]],[[11.3909,43.80284],[11.3909,43.80244],[11.39046,43.80208],[11.3899,43.80134],[11.38989,43.8012],[11.39002,43.80096],[11.39057,43.80035],[11.39065,43.80008],[11.39065,43.79971],[11.39052,43.79935],[11.38979,43.79832],[11.38965,43.79727],[11.38956,43.7969]],[[11.38326,43.82894],[11.38306,43.8292],[11.38286,43.82963],[11.38208,43.83178]],[[11.38894,43.82567],[11.38453,43.82816],[11.38326,43.82894]],[[11.39212,43.82202],[11.39245,43.82133]],[[11.38914,43.82555],[11.38894,43.82567]],[[11.39014,43.82455],[11.38914,43.82555]],[[11.34892,43.86341],[11.35133,43.86253],[11.35161,43.86234],[11.35273,43.86135]],[[11.34892,43.86341],[11.35133,43.86253],[11.35161,43.86234],[11.35273,43.86135]],[[11.34892,43.86341],[11.35133,43.86253],[11.35161,43.86234],[11.35273,43.86135]],[[11.34892,43.86341],[11.35133,43.86253],[11.35161,43.86234],[11.35273,43.86135]],[[11.35273,43.86135],[11.35322,43.86098],[11.35461,43.8604]],[[11.38208,43.83178],[11.38197,43.83223],[11.38229,43.833],[11.38232,43.83328],[11.38168,43.83521],[11.38137,43.83571],[11.37982,43.83787]],[[11.37982,43.83787],[11.3794,43.83821]],[[11.35461,43.8604],[11.35654,43.85957],[11.35691,43.85932],[11.3576,43.85868],[11.35789,43.85853],[11.35867,43.85827],[11.35978,43.85825],[11.36165,43.85757]],[[11.36165,43.85757],[11.36255,43.8572],[11.36479,43.85606],[11.36501,43.85601],[11.36531,43.85605]],[[11.37769,43.84028],[11.37638,43.84116],[11.37569,43.84167],[11.37522,43.84209],[11.37501,43.8424],[11.37408,43.8452],[11.3735,43.84591],[11.37341,43.84615],[11.37345,43.84649],[11.37385,43.84681],[11.37403,43.84707],[11.3741,43.8478]],[[11.39014,43.82455],[11.39127,43.82349],[11.39138,43.82332],[11.39161,43.82269],[11.39193,43.82232],[11.39212,43.82202]],[[11.36844,43.85119],[11.36733,43.85159],[11.36717,43.8517],[11.36707,43.85193],[11.36709,43.8521],[11.3673,43.85252],[11.36822,43.8541],[11.36828,43.85437]],[[11.36828,43.85437],[11.36826,43.8545]],[[11.3794,43.83821],[11.37853,43.83885],[11.37805,43.83936]],[[11.37805,43.83936],[11.37793,43.83951],[11.37769,43.84028]],[[11.3741,43.8478],[11.37407,43.84809],[11.37398,43.84818],[11.3737,43.84826],[11.37264,43.84802],[11.37128,43.84808]],[[11.37128,43.84808],[11.37092,43.84812],[11.37072,43.8482],[11.36982,43.8488],[11.36901,43.85082],[11.36887,43.85098],[11.36844,43.85119]],[[11.36531,43.85605],[11.36655,43.85633],[11.36682,43.85632],[11.36706,43.85625],[11.36726,43.85612],[11.36786,43.85542],[11.36826,43.8545]],[[11.39706,43.81366],[11.39768,43.81297],[11.3979,43.81244],[11.39791,43.81203],[11.39776,43.81085],[11.3976,43.81038],[11.39726,43.81004],[11.39678,43.80981],[11.39525,43.80953],[11.39444,43.80926],[11.39377,43.80885],[11.39308,43.80825],[11.39295,43.80803],[11.39287,43.80778],[11.39295,43.80708],[11.39292,43.80667],[11.39257,43.80548],[11.39231,43.80506],[11.39122,43.80382],[11.39098,43.80339]],[[11.38956,43.7969],[11.38948,43.79668],[11.38948,43.79633],[11.38976,43.79509]]]}},{"type":"Feature","properties":{"s":"SP 85","t":"provinciale","n":"S.P. DI VALLOMBROSA (N. 85)"},"geometry":{"type":"MultiLineString","coordinates":[[[11.50917,43.77206],[11.50937,43.77212],[11.50952,43.77208],[11.50975,43.77178],[11.50976,43.77158]],[[11.51507,43.75503],[11.516,43.75381]],[[11.516,43.75381],[11.51685,43.753],[11.51685,43.75273],[11.51665,43.75231]],[[11.52453,43.75082],[11.52446,43.75055],[11.52452,43.75033]],[[11.53356,43.75301],[11.53334,43.75296],[11.53241,43.75292],[11.53196,43.75311],[11.53152,43.75307],[11.53012,43.75311],[11.52951,43.75329],[11.52917,43.75326]],[[11.52917,43.75326],[11.52856,43.75305],[11.52786,43.75307],[11.52719,43.75292],[11.5269,43.75295],[11.52653,43.75306],[11.52636,43.75304]],[[11.52636,43.75304],[11.52604,43.7529],[11.52593,43.75279],[11.52583,43.75251],[11.5255,43.75215],[11.52537,43.75168],[11.52522,43.75154],[11.52476,43.75128],[11.52453,43.75082]],[[11.51073,43.76087],[11.51064,43.76075]],[[11.51064,43.76075],[11.51049,43.76053],[11.51047,43.76039],[11.51071,43.75997]],[[11.50976,43.77158],[11.50934,43.77101],[11.50816,43.77056],[11.50775,43.76991]],[[11.5065,43.77213],[11.50576,43.77244],[11.50557,43.77246],[11.50502,43.77226],[11.50464,43.77185]],[[11.50464,43.77185],[11.50448,43.77174]],[[11.51136,43.75728],[11.51288,43.75727],[11.51306,43.75723]],[[11.51306,43.75723],[11.51326,43.75723]],[[11.53673,43.75241],[11.53674,43.75226]],[[11.53673,43.75241],[11.53674,43.75226]],[[11.53673,43.75241],[11.53674,43.75226]],[[11.53673,43.75241],[11.53674,43.75226]],[[11.5108,43.76098],[11.51073,43.76087]],[[11.50775,43.76991],[11.50766,43.76973],[11.50768,43.76923],[11.50745,43.76889],[11.50734,43.76847],[11.50734,43.76834],[11.50754,43.76816],[11.5085,43.76776]],[[11.5085,43.76776],[11.50873,43.76769],[11.5091,43.76742],[11.50992,43.76663],[11.51158,43.76589],[11.51212,43.76555],[11.51241,43.76532],[11.51228,43.76515],[11.51187,43.76507],[11.51153,43.76494],[11.51128,43.76467],[11.51123,43.76421],[11.51131,43.76375],[11.51121,43.76293],[11.51099,43.76221],[11.51094,43.7613],[11.5108,43.76098]],[[11.52452,43.75033],[11.52461,43.75],[11.52448,43.74971],[11.52414,43.74922],[11.52375,43.74898],[11.52283,43.74868],[11.5225,43.74866],[11.52199,43.74872],[11.52094,43.7484],[11.52005,43.7482],[11.51932,43.74815],[11.51817,43.74846],[11.51784,43.74869],[11.5175,43.74911],[11.51697,43.74961],[11.51674,43.75059],[11.51692,43.7513],[11.51693,43.75157]],[[11.51693,43.75157],[11.51686,43.75187],[11.51667,43.75216],[11.51665,43.75231]],[[11.51507,43.75503],[11.51408,43.75635]],[[11.51408,43.75635],[11.51377,43.75696],[11.5136,43.75712],[11.51326,43.75723]],[[11.50917,43.77206],[11.50884,43.77203],[11.50862,43.77207],[11.50854,43.77219],[11.50851,43.77243],[11.50839,43.77251],[11.5082,43.77249],[11.50776,43.77221],[11.50743,43.7721],[11.50683,43.77205],[11.5065,43.77213]],[[11.53673,43.75241],[11.53583,43.75264],[11.53571,43.75279],[11.53561,43.7532],[11.53534,43.75327],[11.53492,43.75335],[11.53451,43.75334],[11.53356,43.75301]],[[11.53673,43.75241],[11.53583,43.75264],[11.53571,43.75279],[11.53561,43.7532],[11.53534,43.75327],[11.53492,43.75335],[11.53451,43.75334],[11.53356,43.75301]],[[11.53673,43.75241],[11.53583,43.75264],[11.53571,43.75279],[11.53561,43.7532],[11.53534,43.75327],[11.53492,43.75335],[11.53451,43.75334],[11.53356,43.75301]],[[11.53673,43.75241],[11.53583,43.75264],[11.53571,43.75279],[11.53561,43.7532],[11.53534,43.75327],[11.53492,43.75335],[11.53451,43.75334],[11.53356,43.75301]],[[11.51042,43.75835],[11.51088,43.75751],[11.51106,43.75737],[11.51136,43.75728]],[[11.51071,43.75997],[11.51077,43.75973],[11.51079,43.75924],[11.51031,43.75869],[11.51042,43.75835]]]}},{"type":"Feature","properties":{"s":"SP 91","t":"provinciale","n":"S.P. DI POMINO (N. 91)"},"geometry":{"type":"MultiLineString","coordinates":[[[11.5398,43.79554],[11.53975,43.7955],[11.53975,43.79533]],[[11.54614,43.79836],[11.54576,43.79817],[11.54524,43.79805],[11.54471,43.79801],[11.54394,43.79808],[11.54352,43.79803]],[[11.54352,43.79803],[11.54282,43.79776],[11.54194,43.79758],[11.54148,43.79757],[11.54112,43.79769]],[[11.55356,43.80003],[11.55326,43.79997],[11.55288,43.80004],[11.55199,43.80037],[11.5514,43.80083],[11.55107,43.8009],[11.55084,43.80087],[11.54981,43.80056],[11.5494,43.80038],[11.54918,43.80007],[11.54878,43.79913],[11.54863,43.7989],[11.54853,43.79883],[11.54811,43.79877],[11.54738,43.79886],[11.54697,43.79885],[11.54651,43.79864],[11.54614,43.79836]],[[11.55356,43.80003],[11.55326,43.79997],[11.55288,43.80004],[11.55199,43.80037],[11.5514,43.80083],[11.55107,43.8009],[11.55084,43.80087],[11.54981,43.80056],[11.5494,43.80038],[11.54918,43.80007],[11.54878,43.79913],[11.54863,43.7989],[11.54853,43.79883],[11.54811,43.79877],[11.54738,43.79886],[11.54697,43.79885],[11.54651,43.79864],[11.54614,43.79836]],[[11.55356,43.80003],[11.55326,43.79997],[11.55288,43.80004],[11.55199,43.80037],[11.5514,43.80083],[11.55107,43.8009],[11.55084,43.80087],[11.54981,43.80056],[11.5494,43.80038],[11.54918,43.80007],[11.54878,43.79913],[11.54863,43.7989],[11.54853,43.79883],[11.54811,43.79877],[11.54738,43.79886],[11.54697,43.79885],[11.54651,43.79864],[11.54614,43.79836]],[[11.55356,43.80003],[11.55326,43.79997],[11.55288,43.80004],[11.55199,43.80037],[11.5514,43.80083],[11.55107,43.8009],[11.55084,43.80087],[11.54981,43.80056],[11.5494,43.80038],[11.54918,43.80007],[11.54878,43.79913],[11.54863,43.7989],[11.54853,43.79883],[11.54811,43.79877],[11.54738,43.79886],[11.54697,43.79885],[11.54651,43.79864],[11.54614,43.79836]],[[11.5398,43.79554],[11.53951,43.79572],[11.53808,43.79551],[11.53627,43.79562],[11.53609,43.79569],[11.53605,43.79581],[11.53613,43.79593],[11.53632,43.79601]],[[11.5393,43.79731],[11.53913,43.79692],[11.53899,43.79675],[11.53814,43.79615],[11.53778,43.79602],[11.53738,43.79596],[11.53632,43.79601]],[[11.54112,43.79769],[11.5404,43.79795],[11.54012,43.79792],[11.53969,43.79767],[11.5393,43.79731]],[[11.55556,43.80069],[11.55422,43.80061],[11.55403,43.80052],[11.55381,43.80021],[11.55356,43.80003]],[[11.55556,43.80069],[11.55422,43.80061],[11.55403,43.80052],[11.55381,43.80021],[11.55356,43.80003]],[[11.55556,43.80069],[11.55422,43.80061],[11.55403,43.80052],[11.55381,43.80021],[11.55356,43.80003]],[[11.55556,43.80069],[11.55422,43.80061],[11.55403,43.80052],[11.55381,43.80021],[11.55356,43.80003]],[[11.51603,43.83992],[11.5166,43.84004]],[[11.5486,43.81628],[11.54876,43.8161],[11.55053,43.81497]],[[11.55053,43.81497],[11.55078,43.81491]],[[11.55893,43.80145],[11.55706,43.80067],[11.55668,43.80064],[11.55556,43.80069]],[[11.55377,43.81082],[11.55368,43.81029],[11.55375,43.81013],[11.55455,43.80958],[11.55579,43.8089],[11.55581,43.80848],[11.55619,43.80772],[11.55624,43.80727],[11.55631,43.80711],[11.55648,43.80701],[11.55731,43.80711],[11.55749,43.80706],[11.5575,43.80698],[11.55744,43.80689],[11.55651,43.80595],[11.55644,43.80532],[11.55645,43.80461],[11.55669,43.80373],[11.55693,43.80343],[11.55774,43.80287],[11.55823,43.80246],[11.55944,43.80172],[11.55943,43.80163]],[[11.55943,43.80163],[11.55893,43.80145]],[[11.51911,43.82971],[11.51932,43.82951],[11.51968,43.8295],[11.52039,43.82964],[11.52124,43.83002],[11.52139,43.83002],[11.52172,43.8299],[11.52194,43.82991],[11.52263,43.83026],[11.52332,43.83111],[11.5236,43.83119],[11.52395,43.83105],[11.52543,43.83023],[11.52608,43.83001],[11.52631,43.82998],[11.52684,43.8302],[11.52771,43.83032],[11.52871,43.83033]],[[11.50943,43.84074],[11.50956,43.84088],[11.50959,43.84105],[11.50956,43.84123],[11.50937,43.84165],[11.50923,43.84178],[11.50804,43.84258]],[[11.50804,43.84258],[11.50787,43.84273],[11.5079,43.84284],[11.50807,43.84299],[11.50836,43.84317],[11.50875,43.84314],[11.50982,43.84267],[11.5102,43.84243],[11.51065,43.84201],[11.51167,43.84169],[11.51225,43.84131],[11.51234,43.84139],[11.51215,43.84157],[11.51213,43.84186],[11.51228,43.84203],[11.51248,43.84215],[11.5126,43.8422],[11.51276,43.84219],[11.51316,43.84194],[11.51326,43.84176],[11.51326,43.84165],[11.51311,43.84123],[11.5132,43.84109],[11.51369,43.84082],[11.51428,43.84067],[11.51456,43.84049],[11.51477,43.84027],[11.51557,43.83985],[11.51579,43.83986],[11.51603,43.83992]],[[11.5166,43.84004],[11.51705,43.84036],[11.51733,43.84038]],[[11.52871,43.83033],[11.52909,43.83024],[11.52942,43.82974]],[[11.52942,43.82974],[11.52967,43.82961],[11.53058,43.82937],[11.53133,43.82939],[11.53335,43.82869]],[[11.51733,43.84038],[11.51739,43.84034],[11.51743,43.8402],[11.51737,43.83947],[11.51743,43.83922],[11.51791,43.83873]],[[11.53953,43.8256],[11.54028,43.82518]],[[11.53953,43.8256],[11.53946,43.82581],[11.53951,43.82597]],[[11.53801,43.82633],[11.53895,43.8259],[11.53918,43.82584]],[[11.53918,43.82584],[11.53942,43.82576],[11.53953,43.8256]],[[11.53335,43.82869],[11.53407,43.82892],[11.53473,43.82872],[11.53559,43.82836],[11.5357,43.82828],[11.53571,43.82791],[11.53575,43.82786],[11.53672,43.82713]],[[11.53672,43.82713],[11.53801,43.82633]],[[11.54028,43.82518],[11.54132,43.82464],[11.5425,43.82338],[11.54302,43.82305]],[[11.54302,43.82305],[11.54439,43.82195],[11.54522,43.82147]],[[11.54522,43.82147],[11.54666,43.8207]],[[11.5007,43.83956],[11.5011,43.83949]],[[11.5011,43.83949],[11.50143,43.83958],[11.50283,43.84019],[11.50308,43.84013],[11.50374,43.83972],[11.50394,43.83972],[11.50405,43.83982],[11.504,43.8399],[11.50345,43.84035],[11.50348,43.8404],[11.50357,43.8404],[11.50414,43.8401],[11.50434,43.84008],[11.50442,43.84012],[11.50442,43.84018],[11.50408,43.84044],[11.50402,43.84054],[11.50412,43.84066],[11.50434,43.8407],[11.50497,43.84073],[11.50627,43.84046],[11.5076,43.84071],[11.50907,43.84053],[11.50927,43.84061],[11.50943,43.84074]],[[11.51651,43.83581],[11.51628,43.83522],[11.51629,43.83486],[11.51639,43.8346],[11.51628,43.83433],[11.51628,43.83416],[11.51646,43.83374],[11.51688,43.83323],[11.51674,43.8331],[11.51616,43.83294],[11.51598,43.83273],[11.51584,43.8322],[11.51563,43.83178],[11.51573,43.83143],[11.51571,43.83134],[11.51527,43.83059],[11.51526,43.83044],[11.51543,43.83033],[11.51644,43.82997],[11.51713,43.82946],[11.51736,43.82943],[11.51755,43.82949],[11.51798,43.82992],[11.51812,43.82998],[11.51889,43.82996],[11.51901,43.82988],[11.51911,43.82971]],[[11.51791,43.83873],[11.51785,43.83859],[11.51761,43.83848]],[[11.51761,43.83848],[11.51628,43.83825],[11.51618,43.83822],[11.51608,43.83807],[11.51605,43.83782],[11.51615,43.83756],[11.51661,43.83704],[11.51679,43.83632],[11.51669,43.83605],[11.51651,43.83581]],[[11.55078,43.81491],[11.55135,43.81481],[11.55146,43.81475],[11.55153,43.81464],[11.55154,43.81439],[11.55231,43.81396],[11.55258,43.81376],[11.5529,43.81336],[11.55309,43.81293],[11.55327,43.81271],[11.55416,43.81221],[11.55436,43.81188],[11.55438,43.81169],[11.55397,43.81122],[11.55377,43.81082]],[[11.54496,43.81825],[11.5449,43.81816],[11.545,43.81803],[11.54544,43.8179],[11.54579,43.81786],[11.54701,43.81828],[11.54742,43.81827],[11.54763,43.81817],[11.54779,43.818],[11.54781,43.8179],[11.54741,43.81733],[11.54744,43.81709],[11.54801,43.81652],[11.54847,43.8164],[11.5486,43.81628]],[[11.54666,43.8207],[11.5468,43.82059],[11.54681,43.82044],[11.54649,43.81947],[11.54642,43.81884],[11.54623,43.81869],[11.54601,43.8186],[11.54496,43.81825]]]}},{"type":"Feature","properties":{"s":"SP 95","t":"provinciale","n":"S.P. DEL CASTAGNO (N. 95)"},"geometry":{"type":"MultiLineString","coordinates":[[[11.61925,43.92495],[11.61995,43.9245],[11.62046,43.92423],[11.62094,43.92388]],[[11.66096,43.89948],[11.66106,43.89924]],[[11.66106,43.89924],[11.66115,43.89893]],[[11.661,43.8931],[11.66021,43.89369],[11.65945,43.89415],[11.65881,43.89443],[11.65856,43.89466],[11.6586,43.89486],[11.65876,43.89501],[11.659,43.89507],[11.65985,43.89512],[11.6602,43.89524],[11.66041,43.89536]],[[11.66445,43.89159],[11.6641,43.89148],[11.66357,43.89146],[11.66263,43.89176],[11.66234,43.89194],[11.66142,43.89279],[11.661,43.8931]],[[11.63663,43.91742],[11.63657,43.91727],[11.63652,43.91673],[11.63671,43.91575],[11.63669,43.91557]],[[11.64945,43.91006],[11.65026,43.91001],[11.65094,43.90972]],[[11.65094,43.90972],[11.6511,43.90958],[11.6511,43.90947],[11.65084,43.90906],[11.65077,43.90844],[11.65045,43.90747],[11.65047,43.90731],[11.65162,43.90594],[11.6518,43.90585],[11.65255,43.90579],[11.65371,43.90511],[11.65389,43.90507],[11.65406,43.90512]],[[11.62554,43.9236],[11.6269,43.92344],[11.62726,43.92332],[11.62747,43.92308],[11.62752,43.92257]],[[11.64667,43.91219],[11.64681,43.91192],[11.64682,43.91173],[11.64677,43.91163],[11.64614,43.91118]],[[11.66115,43.8957],[11.66041,43.89536]],[[11.63669,43.91557],[11.63677,43.91538]],[[11.63677,43.91538],[11.6371,43.9152],[11.63752,43.91504],[11.63773,43.91507],[11.63832,43.91525],[11.63859,43.91517],[11.63895,43.91469],[11.63976,43.91391],[11.64103,43.91335],[11.64122,43.91321],[11.64131,43.91303],[11.64144,43.91223],[11.64153,43.91209],[11.64162,43.91206],[11.64181,43.91209],[11.64196,43.91222],[11.64229,43.9126],[11.64256,43.91311],[11.6427,43.91317],[11.64284,43.91317],[11.6436,43.91284],[11.64381,43.9128],[11.64539,43.9133]],[[11.64539,43.9133],[11.64588,43.91341],[11.64633,43.91322],[11.64646,43.91304],[11.64651,43.91241],[11.64667,43.91219]],[[11.62752,43.92257],[11.62755,43.922],[11.62789,43.92114],[11.62846,43.92056],[11.62918,43.91972],[11.63022,43.91808],[11.63035,43.91794],[11.63055,43.91787],[11.63256,43.91785],[11.63299,43.91767],[11.63359,43.91773],[11.63479,43.9175],[11.63615,43.91749],[11.63634,43.91755],[11.63674,43.91801],[11.63722,43.91816],[11.63736,43.9181]],[[11.63736,43.9181],[11.63727,43.91798],[11.63663,43.91742]],[[11.66779,43.89209],[11.66801,43.89203]],[[11.66801,43.89203],[11.66856,43.89179],[11.66925,43.89116],[11.66954,43.8911]],[[11.65406,43.90512],[11.65469,43.90534],[11.6552,43.90538],[11.65559,43.90535],[11.6558,43.90523],[11.65644,43.90435],[11.65659,43.9042],[11.65688,43.90407],[11.65772,43.90388],[11.658,43.90375],[11.65821,43.90262],[11.6581,43.90235],[11.65782,43.90202],[11.65768,43.902],[11.65754,43.90205],[11.65725,43.90235],[11.65708,43.90239],[11.65701,43.90236]],[[11.65701,43.90236],[11.65695,43.90229],[11.6569,43.90122],[11.65694,43.90095],[11.6571,43.90073]],[[11.6571,43.90073],[11.65724,43.90061]],[[11.64622,43.91028],[11.64655,43.91006],[11.64677,43.91002],[11.647,43.91005],[11.64757,43.91023]],[[11.64757,43.91023],[11.64896,43.91025],[11.64945,43.91006]],[[11.64614,43.91118],[11.64601,43.91097],[11.64603,43.91061],[11.64608,43.91044],[11.64622,43.91028]],[[11.66954,43.8911],[11.66981,43.89112],[11.67001,43.89121],[11.67015,43.89134],[11.67047,43.89192],[11.67063,43.89197],[11.67074,43.89193],[11.67081,43.89171],[11.6708,43.89117],[11.67077,43.89098],[11.67054,43.89067],[11.67059,43.89014],[11.67057,43.89003],[11.66996,43.88958],[11.66908,43.88947],[11.66889,43.88938],[11.66856,43.88892],[11.66861,43.88867],[11.66878,43.88856],[11.669,43.88851],[11.67121,43.88875],[11.67169,43.88902],[11.67298,43.88956],[11.67313,43.88969],[11.67373,43.89058],[11.67395,43.8907],[11.67423,43.89069],[11.67441,43.89054],[11.67443,43.89034],[11.67411,43.88995],[11.67404,43.88979],[11.67401,43.88934],[11.67391,43.88916],[11.67367,43.88895],[11.67362,43.88879],[11.67369,43.88863],[11.67408,43.88817],[11.67412,43.88796],[11.6736,43.88744],[11.67313,43.88715],[11.67307,43.887],[11.67316,43.88686],[11.67336,43.88678],[11.67348,43.88679],[11.67499,43.88739],[11.67547,43.8875],[11.67558,43.88764],[11.67559,43.88781],[11.67549,43.8888],[11.67552,43.88899],[11.6756,43.88908],[11.67574,43.88912],[11.67623,43.88917],[11.67716,43.88942],[11.67731,43.88939],[11.67777,43.88909],[11.67885,43.88888],[11.67952,43.88826],[11.67949,43.88815],[11.67935,43.88815],[11.67923,43.8882],[11.67902,43.88842],[11.67881,43.88844],[11.67791,43.88772],[11.67779,43.88749],[11.67792,43.88724],[11.67844,43.88686],[11.67872,43.88645],[11.67884,43.88619],[11.67886,43.88609],[11.67882,43.88598],[11.67864,43.88586],[11.6786,43.88561],[11.6787,43.88547],[11.6789,43.88533],[11.67904,43.88498],[11.67897,43.88477],[11.67878,43.88446],[11.67892,43.88412],[11.67904,43.88398],[11.67913,43.88394],[11.67924,43.88396],[11.67942,43.88407],[11.67952,43.8845],[11.67962,43.88468],[11.67984,43.88479],[11.6802,43.88485],[11.68048,43.88515],[11.68099,43.88543],[11.68127,43.8854],[11.68144,43.88524],[11.68145,43.88514],[11.68139,43.88503],[11.6811,43.88487],[11.68108,43.88478],[11.68113,43.88472],[11.68121,43.88467],[11.68145,43.88469],[11.68188,43.88484],[11.68235,43.88536],[11.68238,43.88552],[11.68236,43.88571],[11.68252,43.88604],[11.68243,43.88629],[11.68218,43.88671],[11.68219,43.8869],[11.68241,43.88704],[11.68268,43.88703],[11.68338,43.88664],[11.68382,43.8863],[11.68388,43.88612],[11.68386,43.88585],[11.68422,43.88518],[11.68421,43.88498],[11.68399,43.88466],[11.68403,43.88451],[11.68423,43.8845],[11.68532,43.88494],[11.68554,43.88494],[11.6856,43.88488],[11.68556,43.88477],[11.68527,43.8846],[11.68522,43.88453],[11.68519,43.88436],[11.68557,43.88333],[11.68573,43.88321],[11.68614,43.88301],[11.68708,43.88282],[11.6874,43.88266]],[[11.6874,43.88266],[11.68935,43.88237],[11.69002,43.88213],[11.69065,43.88184],[11.69125,43.8814],[11.69149,43.88142],[11.69194,43.88159],[11.6928,43.88166],[11.6932,43.88187],[11.69357,43.88195],[11.69399,43.88216],[11.69413,43.88212],[11.69431,43.882],[11.69513,43.8818],[11.69561,43.88175],[11.69661,43.88175],[11.69723,43.88166],[11.69755,43.8814],[11.69804,43.88147],[11.69829,43.8814],[11.69853,43.88119],[11.69867,43.88115],[11.69872,43.88096],[11.6988,43.8809],[11.69925,43.88075],[11.69954,43.88059],[11.69977,43.88054],[11.70015,43.88056],[11.70079,43.88028],[11.70099,43.88034],[11.70119,43.88058],[11.70166,43.88073],[11.70195,43.88088],[11.70194,43.88133],[11.70184,43.8816],[11.70193,43.88168],[11.70212,43.88161],[11.70288,43.88115],[11.7031,43.88112],[11.70316,43.88118],[11.70297,43.88168],[11.70215,43.88269],[11.70211,43.88285],[11.70217,43.88291],[11.70229,43.88286],[11.70257,43.88257],[11.70304,43.88245],[11.70325,43.88235],[11.70431,43.8821],[11.70542,43.88198],[11.70595,43.88173],[11.70618,43.8815],[11.70617,43.88138],[11.70583,43.88125],[11.70582,43.881],[11.70595,43.88075],[11.70623,43.88045],[11.70636,43.88019],[11.70635,43.87983],[11.70655,43.87981],[11.70675,43.8799],[11.70685,43.88003],[11.70685,43.88013],[11.70663,43.88036],[11.70665,43.88047],[11.70684,43.88062],[11.7072,43.8807],[11.70732,43.88084],[11.70733,43.88101],[11.70716,43.88144],[11.7068,43.88201],[11.70663,43.88212],[11.70617,43.88229],[11.70606,43.88257],[11.7062,43.88275],[11.70681,43.88331],[11.7069,43.88348],[11.70697,43.88384],[11.70704,43.88392],[11.70738,43.88419],[11.7077,43.88458],[11.70834,43.88485],[11.70851,43.88524]],[[11.66445,43.89159],[11.66563,43.89189]],[[11.66563,43.89189],[11.6669,43.89218],[11.66728,43.89218],[11.66779,43.89209]],[[11.62094,43.92388],[11.62139,43.92369],[11.62216,43.92383],[11.62304,43.92376],[11.624,43.9239]],[[11.624,43.9239],[11.62427,43.9239],[11.62495,43.92368],[11.62554,43.9236]],[[11.65724,43.90061],[11.6582,43.89988],[11.65842,43.89984],[11.65887,43.8999]],[[11.65887,43.8999],[11.65934,43.89997],[11.66032,43.89972],[11.66096,43.89948]],[[11.66115,43.89893],[11.66126,43.89841],[11.66152,43.89816],[11.66152,43.89803],[11.66128,43.89771],[11.66051,43.89735],[11.66025,43.89718],[11.66022,43.89703]],[[11.66022,43.89703],[11.66059,43.8966],[11.66084,43.89644],[11.66157,43.89617],[11.66163,43.89604],[11.66156,43.89594],[11.66115,43.8957]]]}},{"type":"Feature","properties":{"s":"SP 97","t":"provinciale","n":"S.P. DI CARDETOLE (N. 97)"},"geometry":{"type":"MultiLineString","coordinates":[[[11.35882,43.94623],[11.35885,43.94608],[11.35898,43.94598],[11.35931,43.94598]],[[11.35933,43.94636],[11.35943,43.94626],[11.35944,43.94615],[11.35931,43.94598]],[[11.3601,43.94518],[11.35931,43.94598]],[[11.3604,43.9446],[11.3601,43.94518]],[[11.35933,43.94636],[11.35903,43.94639],[11.35889,43.94633],[11.35882,43.94623]],[[11.34847,43.94723],[11.35378,43.94635],[11.35726,43.94607],[11.35839,43.94622],[11.35882,43.94623]],[[11.33987,43.95063],[11.34041,43.95019],[11.34078,43.94995],[11.34119,43.94976],[11.34167,43.9496]],[[11.33987,43.95063],[11.34041,43.95019],[11.34078,43.94995],[11.34119,43.94976],[11.34167,43.9496]],[[11.33987,43.95063],[11.34041,43.95019],[11.34078,43.94995],[11.34119,43.94976],[11.34167,43.9496]],[[11.33987,43.95063],[11.34041,43.95019],[11.34078,43.94995],[11.34119,43.94976],[11.34167,43.9496]],[[11.34167,43.9496],[11.34294,43.9493],[11.34361,43.94901]],[[11.34361,43.94901],[11.34399,43.9488],[11.34498,43.94812],[11.34569,43.94777],[11.34662,43.94754],[11.34847,43.94723]],[[11.31487,43.95401],[11.31416,43.95338],[11.31362,43.95309],[11.31179,43.95268]],[[11.332,43.95379],[11.33491,43.95296],[11.33578,43.95267]],[[11.32622,43.95587],[11.32487,43.95569],[11.32334,43.95555],[11.3212,43.95582]],[[11.32769,43.95573],[11.327,43.95584]],[[11.327,43.95584],[11.32622,43.95587]],[[11.33578,43.95267],[11.33866,43.9514]],[[11.33866,43.9514],[11.33937,43.95101],[11.33987,43.95063]],[[11.33866,43.9514],[11.33937,43.95101],[11.33987,43.95063]],[[11.33866,43.9514],[11.33937,43.95101],[11.33987,43.95063]],[[11.33866,43.9514],[11.33937,43.95101],[11.33987,43.95063]],[[11.32769,43.95573],[11.32961,43.95514],[11.332,43.95379]],[[11.3212,43.95582],[11.31944,43.95611]],[[11.31179,43.95268],[11.31154,43.95271]],[[11.31179,43.95268],[11.31158,43.95255]],[[11.31944,43.95611],[11.31841,43.95622],[11.31775,43.95615],[11.31715,43.95594],[11.31662,43.95562]],[[11.31662,43.95562],[11.31487,43.95401]]]}},{"type":"Feature","properties":{"s":"SP 97BIS","t":"provinciale","n":"S.P. BIS DI CARDETOLE (N. 97BIS)"},"geometry":{"type":"MultiLineString","coordinates":[[[11.32725,43.963],[11.32666,43.96351]],[[11.32961,43.96071],[11.32981,43.96071],[11.32994,43.9608]],[[11.3299,43.96046],[11.32961,43.96071]],[[11.3299,43.96046],[11.32994,43.9608]],[[11.32918,43.9612],[11.32946,43.96088]],[[11.32918,43.9612],[11.32972,43.96106]],[[11.32946,43.96088],[11.3295,43.96078],[11.32961,43.96071]],[[11.32728,43.95718],[11.32745,43.95714],[11.3275,43.957]],[[11.32714,43.95697],[11.32713,43.95709],[11.32728,43.95718]],[[11.3275,43.957],[11.32733,43.95689],[11.32714,43.95697]],[[11.32972,43.96106],[11.32954,43.96101],[11.32946,43.96088]],[[11.32994,43.9608],[11.32992,43.96098],[11.32972,43.96106]],[[11.3299,43.96046],[11.33028,43.95961],[11.33037,43.95928],[11.33036,43.95903],[11.3302,43.95874],[11.33009,43.95862],[11.32973,43.9584],[11.32784,43.95744]],[[11.32918,43.9612],[11.32725,43.963]],[[11.32784,43.95744],[11.32728,43.95718]],[[11.32784,43.95744],[11.3275,43.957]],[[11.32714,43.95697],[11.32694,43.95627]],[[11.32694,43.95627],[11.32691,43.95597],[11.327,43.95584]],[[11.327,43.95584],[11.32717,43.95599],[11.32728,43.95625]],[[11.32728,43.95625],[11.32739,43.95602],[11.32769,43.95573]],[[11.32622,43.95587],[11.32673,43.95608],[11.32694,43.95627]],[[11.3275,43.957],[11.32728,43.95625]]]}},{"type":"Feature","properties":{"s":"SP 9TER","t":"provinciale","n":"S.P. DEL RABBI E DEL CAVALLINO (N.9TER)"},"geometry":{"type":"MultiLineString","coordinates":[[[11.65848,43.92904],[11.65868,43.92892],[11.65937,43.92826],[11.65953,43.92765],[11.65988,43.92708],[11.66065,43.92662],[11.66102,43.92595],[11.66155,43.92544],[11.66152,43.92524],[11.66131,43.92494],[11.66133,43.92477],[11.66141,43.92461]],[[11.66226,43.92528],[11.66217,43.92556],[11.66225,43.92591],[11.66223,43.92619],[11.66228,43.92628],[11.66276,43.92643],[11.66338,43.92675],[11.664,43.92673],[11.66473,43.92683],[11.66508,43.92707],[11.6658,43.9272],[11.66596,43.9273],[11.66601,43.92745],[11.66563,43.92782],[11.66559,43.9279],[11.66561,43.92797],[11.66604,43.92811],[11.66641,43.92836],[11.66689,43.92836],[11.66734,43.92854],[11.6676,43.92845],[11.66862,43.92766],[11.6687,43.92746],[11.66857,43.92694],[11.66865,43.92678],[11.66964,43.92624],[11.66971,43.92579],[11.66992,43.92558],[11.67012,43.92551],[11.67108,43.92541],[11.6718,43.92574],[11.67195,43.92576],[11.6721,43.92572],[11.67241,43.92544],[11.6726,43.92536],[11.67344,43.92544],[11.67354,43.92547],[11.67367,43.92561],[11.67387,43.92603],[11.67389,43.92628],[11.67376,43.92673],[11.67381,43.92692],[11.67405,43.92701],[11.67506,43.92705],[11.67624,43.92677],[11.67708,43.92638],[11.67807,43.926],[11.67901,43.92577],[11.67923,43.92568],[11.67966,43.92536],[11.67977,43.92533]],[[11.67977,43.92533],[11.67996,43.92545],[11.67989,43.92558],[11.67946,43.92602],[11.67875,43.92653],[11.67809,43.92741],[11.67818,43.92778],[11.67856,43.92863],[11.67853,43.9289],[11.67856,43.929],[11.67905,43.92941],[11.67913,43.92957],[11.67913,43.92974],[11.67901,43.92986],[11.67866,43.92992],[11.67855,43.92998],[11.67837,43.93032],[11.67818,43.93038],[11.67721,43.93023],[11.67663,43.93006],[11.67636,43.9301],[11.67627,43.9302],[11.67628,43.93031],[11.67655,43.93071],[11.67642,43.93096],[11.67649,43.93106],[11.67662,43.93111],[11.67735,43.93106],[11.67802,43.93131],[11.67923,43.93105],[11.68034,43.93093],[11.68139,43.93066],[11.68187,43.93067],[11.68246,43.9308],[11.68303,43.93109],[11.68348,43.93125],[11.68374,43.93129],[11.68411,43.93124],[11.68433,43.93128],[11.68452,43.93138],[11.68477,43.93169],[11.68511,43.93182],[11.68538,43.93184],[11.68673,43.93171],[11.68781,43.93187],[11.68814,43.93199],[11.6883,43.9321],[11.68831,43.93224],[11.68812,43.93257],[11.68766,43.93297],[11.68746,43.93303],[11.6871,43.93331],[11.68693,43.93338],[11.68632,43.93337],[11.68597,43.93352],[11.68558,43.9343],[11.68563,43.9345],[11.68579,43.93468]],[[11.66141,43.92461],[11.66159,43.92427],[11.66157,43.92384],[11.66172,43.92375],[11.6619,43.92382],[11.66202,43.92415],[11.66214,43.92477],[11.66226,43.92512],[11.66226,43.92528]],[[11.68579,43.93468],[11.68586,43.93477]],[[11.64274,43.93186],[11.64298,43.93181],[11.64339,43.93199],[11.64354,43.93199],[11.64425,43.93178],[11.64433,43.93169],[11.64441,43.93124],[11.64453,43.93111],[11.64462,43.93108],[11.64484,43.93107],[11.64534,43.93116],[11.64593,43.93109],[11.64612,43.93115],[11.64617,43.93121],[11.64625,43.93158],[11.64653,43.93188],[11.64672,43.93188],[11.64711,43.93165],[11.64756,43.93169],[11.64808,43.93192],[11.64826,43.93223],[11.64836,43.9323],[11.64891,43.93253],[11.64916,43.93243],[11.64969,43.93197],[11.64977,43.93183],[11.64966,43.93168],[11.64912,43.93148],[11.64872,43.93093],[11.64871,43.93073],[11.64921,43.93033],[11.64962,43.93012],[11.64982,43.92978],[11.64997,43.92966],[11.65161,43.92924],[11.65199,43.92891],[11.65259,43.92892],[11.65332,43.92857],[11.65366,43.92848],[11.65389,43.92849],[11.65398,43.92853],[11.65462,43.9294],[11.6548,43.92954],[11.65494,43.92957],[11.65665,43.92928],[11.65777,43.92924],[11.65848,43.92904]]]}},{"type":"Feature","properties":{"s":"SR 302","t":"regionale","n":"S.R. BRISIGHELLESE RAVENNATE (N. 302)"},"geometry":{"type":"MultiLineString","coordinates":[[[11.3567,43.89651],[11.35646,43.89732]],[[11.35646,43.89732],[11.35643,43.89763]],[[11.37528,43.94571],[11.37697,43.94489],[11.37737,43.94478],[11.37822,43.94464]],[[11.3864,43.9458],[11.38672,43.94605]],[[11.38672,43.94605],[11.38688,43.94638]],[[11.36777,43.94837],[11.37287,43.94686],[11.37528,43.94571]],[[11.36488,43.94826],[11.3653,43.94842],[11.36651,43.94865],[11.36692,43.94862],[11.36777,43.94837]],[[11.39064,43.95637],[11.3908,43.95645]],[[11.3908,43.95645],[11.39076,43.95632]],[[11.3916,43.95755],[11.39151,43.95741]],[[11.39179,43.95781],[11.3916,43.95755]],[[11.39202,43.95814],[11.39179,43.95781]],[[11.39217,43.95832],[11.39202,43.95814]],[[11.39222,43.95837],[11.39217,43.95832]],[[11.3924,43.95853],[11.39222,43.95837]],[[11.40065,43.9706],[11.40062,43.97016],[11.40051,43.9698],[11.40028,43.96939],[11.3999,43.96901],[11.39918,43.96843],[11.39889,43.96804],[11.39836,43.96711],[11.39733,43.96602],[11.39717,43.96572],[11.39693,43.96481]],[[11.4069,43.98203],[11.40694,43.98294]],[[11.42095,43.99556],[11.42108,43.99579]],[[11.42088,43.99579],[11.42095,43.99556]],[[11.42098,43.9959],[11.42075,43.99601]],[[11.42463,43.99989],[11.42418,43.99989],[11.42382,43.99975],[11.42269,43.99871]],[[11.43237,44.00577],[11.43164,44.00526]],[[11.43262,44.00594],[11.43237,44.00577]],[[11.4335,44.00658],[11.43262,44.00594]],[[11.43662,44.00996],[11.43655,44.00975]],[[11.43701,44.0103],[11.43674,44.01011],[11.43662,44.00996]],[[11.4374,44.01059],[11.43701,44.0103]],[[11.44052,44.01299],[11.43984,44.01283],[11.43964,44.01274],[11.43947,44.01234],[11.43863,44.01196],[11.4374,44.01059]],[[11.4437,44.01465],[11.44332,44.01457],[11.44311,44.0144],[11.44313,44.01424],[11.44345,44.0137],[11.44343,44.01355],[11.44332,44.01342],[11.44261,44.01322],[11.44185,44.01317],[11.44126,44.01304],[11.44052,44.01299]],[[11.46824,44.03159],[11.46774,44.03132],[11.46754,44.03131],[11.4673,44.03138],[11.46672,44.03186],[11.4666,44.03186],[11.46648,44.03177],[11.46642,44.03157],[11.46669,44.03129],[11.46667,44.03117],[11.466,44.03093],[11.46562,44.03052],[11.46548,44.03044]],[[11.469,44.03193],[11.46824,44.03159]],[[11.46644,44.03334],[11.4666,44.03327],[11.46685,44.03303],[11.46735,44.03285],[11.46782,44.03262],[11.46856,44.03258],[11.46865,44.0325],[11.4688,44.03216],[11.46901,44.03202],[11.469,44.03193]],[[11.37822,43.94464],[11.38119,43.94422]],[[11.42088,43.99579],[11.42089,43.99586],[11.42098,43.9959]],[[11.42098,43.9959],[11.42107,43.99586],[11.42108,43.99579]],[[11.42108,43.99579],[11.42097,43.99574],[11.42088,43.99579]],[[11.38874,43.95297],[11.38856,43.95271]],[[11.40355,43.9759],[11.40378,43.97632],[11.40509,43.97735]],[[11.39338,43.95944],[11.39343,43.95913],[11.39335,43.95897],[11.3924,43.95853]],[[11.38679,43.95028],[11.38656,43.95045],[11.38654,43.95066]],[[11.39693,43.96481],[11.39656,43.9628],[11.3964,43.9625],[11.39572,43.96164]],[[11.40065,43.9706],[11.4008,43.97092],[11.40184,43.97216],[11.40213,43.97275],[11.40288,43.97466],[11.40355,43.9759]],[[11.40694,43.98294],[11.40701,43.98313],[11.40775,43.98429]],[[11.40509,43.97735],[11.40553,43.97784],[11.4062,43.97898]],[[11.4062,43.97898],[11.40666,43.98008],[11.40686,43.98144],[11.4069,43.98203]],[[11.41062,43.98717],[11.41396,43.98921],[11.41617,43.99078]],[[11.42269,43.99871],[11.42223,43.99833],[11.42153,43.99801],[11.42128,43.99781]],[[11.42864,44.00362],[11.42833,44.00353],[11.42804,44.00335],[11.42786,44.003],[11.42784,44.00269],[11.42736,44.00234],[11.42714,44.00178],[11.42665,44.00123],[11.4264,44.00074],[11.4258,43.99987],[11.42546,43.99972],[11.42527,43.9997],[11.42463,43.99989]],[[11.35568,43.89388],[11.35683,43.89469],[11.35691,43.8948],[11.35678,43.89531],[11.35688,43.89586],[11.3567,43.89651]],[[11.39572,43.96164],[11.39483,43.96057],[11.39459,43.96044],[11.39344,43.95999],[11.39332,43.95977],[11.39338,43.95944]],[[11.41617,43.99078],[11.4177,43.99191]],[[11.38688,43.94638],[11.38679,43.95028]],[[11.4177,43.99191],[11.42051,43.99403],[11.42073,43.99433],[11.42085,43.99463],[11.42095,43.99556]],[[11.48383,44.03873],[11.48402,44.03873],[11.48461,44.03855],[11.48568,44.03883],[11.48642,44.03882],[11.48687,44.03898],[11.4871,44.03897],[11.48757,44.03883],[11.48805,44.03893],[11.48814,44.03891],[11.4884,44.03871],[11.48917,44.03877],[11.48951,44.03871],[11.48979,44.03856],[11.48985,44.03849],[11.48985,44.03822],[11.49,44.03805],[11.49032,44.0379],[11.49081,44.03779],[11.49089,44.03787],[11.49081,44.03818],[11.49088,44.03832],[11.49134,44.03845],[11.4916,44.03863],[11.49219,44.03859],[11.49325,44.03864],[11.49328,44.03871],[11.49311,44.0389],[11.49314,44.03906],[11.4933,44.03916],[11.49379,44.03921],[11.49391,44.03929],[11.49401,44.03945],[11.49416,44.03956],[11.49434,44.03954],[11.49449,44.03939],[11.49465,44.03936],[11.49529,44.03941],[11.49562,44.03969],[11.4958,44.03978],[11.49601,44.03975],[11.49646,44.03958],[11.49684,44.03959],[11.49689,44.03967],[11.49686,44.03973],[11.49658,44.04003],[11.49657,44.04035],[11.49694,44.04056],[11.49729,44.04054],[11.49831,44.04024],[11.49867,44.04002],[11.49876,44.03987],[11.49876,44.0397],[11.49852,44.03925],[11.49855,44.03916],[11.49912,44.03906],[11.49974,44.03945],[11.50007,44.03954],[11.50029,44.03954],[11.50044,44.03943],[11.50043,44.03907],[11.5005,44.03888],[11.50064,44.03882],[11.50138,44.03878],[11.50192,44.03841],[11.50266,44.0383],[11.50333,44.0381],[11.50344,44.03797],[11.50346,44.03779],[11.50353,44.03769],[11.50407,44.03745],[11.50432,44.03728],[11.50436,44.03711],[11.50425,44.03668],[11.50427,44.03656],[11.50445,44.03642],[11.50514,44.03603],[11.50536,44.03583],[11.50543,44.03568],[11.50543,44.03522],[11.50566,44.03498],[11.50592,44.0349],[11.50618,44.03492],[11.50654,44.03505],[11.5069,44.0353],[11.50722,44.03534],[11.50753,44.03522],[11.50798,44.03491],[11.5084,44.03484],[11.50853,44.03492],[11.50852,44.03531],[11.50857,44.03547],[11.50896,44.03581],[11.50904,44.03591],[11.50903,44.036],[11.50833,44.03677],[11.50829,44.0373],[11.50809,44.03773],[11.50797,44.0379],[11.5077,44.0381],[11.50686,44.03829],[11.50617,44.03866],[11.50603,44.03879],[11.50601,44.03887],[11.50606,44.03892],[11.50626,44.03897],[11.50764,44.03902],[11.50853,44.03933],[11.50925,44.03923],[11.51061,44.03941],[11.51172,44.03933],[11.51272,44.03935],[11.51319,44.03927],[11.51431,44.03888],[11.51514,44.0385],[11.51577,44.0381]],[[11.51577,44.0381],[11.51605,44.0379],[11.5169,44.037],[11.51724,44.03687],[11.51899,44.03642],[11.51916,44.0363],[11.51948,44.03591],[11.5197,44.03579],[11.51986,44.03579],[11.51998,44.03587],[11.52011,44.0361],[11.52033,44.03618],[11.52047,44.03617]],[[11.39151,43.95741],[11.3908,43.95645]],[[11.42947,44.00377],[11.42864,44.00362]],[[11.35703,43.94172],[11.35856,43.94273],[11.35926,43.94361],[11.35999,43.9443],[11.3604,43.9446]],[[11.52047,44.03617],[11.52065,44.03611],[11.52079,44.03598],[11.52117,44.03541],[11.52195,44.03494],[11.52281,44.03481],[11.52302,44.03473],[11.52391,44.03397],[11.52419,44.03393],[11.5248,44.03426],[11.52502,44.03428],[11.52524,44.03424],[11.52554,44.03387],[11.5257,44.03334],[11.52581,44.03317],[11.52611,44.03287],[11.52654,44.03265],[11.52681,44.03265],[11.52789,44.03293],[11.52859,44.03299],[11.52944,44.03293],[11.53015,44.03257],[11.53041,44.0325],[11.53103,44.03273]],[[11.52047,44.03617],[11.52065,44.03611],[11.52079,44.03598],[11.52117,44.03541],[11.52195,44.03494],[11.52281,44.03481],[11.52302,44.03473],[11.52391,44.03397],[11.52419,44.03393],[11.5248,44.03426],[11.52502,44.03428],[11.52524,44.03424],[11.52554,44.03387],[11.5257,44.03334],[11.52581,44.03317],[11.52611,44.03287],[11.52654,44.03265],[11.52681,44.03265],[11.52789,44.03293],[11.52859,44.03299],[11.52944,44.03293],[11.53015,44.03257],[11.53041,44.0325],[11.53103,44.03273]],[[11.52047,44.03617],[11.52065,44.03611],[11.52079,44.03598],[11.52117,44.03541],[11.52195,44.03494],[11.52281,44.03481],[11.52302,44.03473],[11.52391,44.03397],[11.52419,44.03393],[11.5248,44.03426],[11.52502,44.03428],[11.52524,44.03424],[11.52554,44.03387],[11.5257,44.03334],[11.52581,44.03317],[11.52611,44.03287],[11.52654,44.03265],[11.52681,44.03265],[11.52789,44.03293],[11.52859,44.03299],[11.52944,44.03293],[11.53015,44.03257],[11.53041,44.0325],[11.53103,44.03273]],[[11.52047,44.03617],[11.52065,44.03611],[11.52079,44.03598],[11.52117,44.03541],[11.52195,44.03494],[11.52281,44.03481],[11.52302,44.03473],[11.52391,44.03397],[11.52419,44.03393],[11.5248,44.03426],[11.52502,44.03428],[11.52524,44.03424],[11.52554,44.03387],[11.5257,44.03334],[11.52581,44.03317],[11.52611,44.03287],[11.52654,44.03265],[11.52681,44.03265],[11.52789,44.03293],[11.52859,44.03299],[11.52944,44.03293],[11.53015,44.03257],[11.53041,44.0325],[11.53103,44.03273]],[[11.35405,43.89103],[11.35486,43.89128],[11.35506,43.8914],[11.35518,43.89154],[11.35525,43.89176],[11.35527,43.89202],[11.35508,43.89302],[11.3551,43.89347],[11.35526,43.89369],[11.35568,43.89388]],[[11.35405,43.89103],[11.35486,43.89128],[11.35506,43.8914],[11.35518,43.89154],[11.35525,43.89176],[11.35527,43.89202],[11.35508,43.89302],[11.3551,43.89347],[11.35526,43.89369],[11.35568,43.89388]],[[11.35405,43.89103],[11.35486,43.89128],[11.35506,43.8914],[11.35518,43.89154],[11.35525,43.89176],[11.35527,43.89202],[11.35508,43.89302],[11.3551,43.89347],[11.35526,43.89369],[11.35568,43.89388]],[[11.35405,43.89103],[11.35486,43.89128],[11.35506,43.8914],[11.35518,43.89154],[11.35525,43.89176],[11.35527,43.89202],[11.35508,43.89302],[11.3551,43.89347],[11.35526,43.89369],[11.35568,43.89388]],[[11.4437,44.01465],[11.44402,44.01472],[11.44457,44.01494],[11.44611,44.01531],[11.4467,44.01578],[11.44721,44.01606],[11.44728,44.01625],[11.44733,44.01661],[11.44709,44.01694],[11.44707,44.01709],[11.44757,44.01771],[11.44759,44.01782],[11.44741,44.01815],[11.44743,44.0184],[11.44767,44.01858],[11.44839,44.01871],[11.44861,44.01884],[11.44872,44.0191],[11.44902,44.0195],[11.44899,44.02023],[11.44904,44.0204],[11.44918,44.02053],[11.44962,44.0207],[11.45006,44.02113],[11.45027,44.02118],[11.45085,44.02109],[11.45172,44.02059],[11.45196,44.0205],[11.45248,44.02051],[11.45274,44.02056],[11.45282,44.02067],[11.45283,44.0212],[11.45295,44.02146],[11.45307,44.02199],[11.45345,44.02293],[11.45367,44.02313],[11.45431,44.02341],[11.45516,44.02408],[11.45528,44.02425],[11.45539,44.02469],[11.45551,44.02483],[11.45571,44.02491],[11.45607,44.02494],[11.45693,44.02484],[11.45721,44.02487],[11.45731,44.02494],[11.45735,44.02504],[11.45736,44.02531],[11.45742,44.02548],[11.45767,44.02564],[11.45801,44.02565],[11.45842,44.02542],[11.45854,44.02543],[11.45853,44.02596],[11.45857,44.02613],[11.45902,44.02666],[11.45918,44.0271],[11.45931,44.02723],[11.46002,44.0273],[11.46026,44.0274],[11.46071,44.02804],[11.46124,44.02827],[11.46165,44.02861],[11.46208,44.02881],[11.4622,44.02917],[11.46234,44.02929],[11.46267,44.02937],[11.46327,44.02932],[11.46332,44.02937],[11.46338,44.02955],[11.46351,44.0297],[11.46382,44.02979],[11.46466,44.02969],[11.4648,44.03001],[11.46499,44.03023],[11.46548,44.03044]],[[11.47734,44.04072],[11.47776,44.04065],[11.47795,44.04056],[11.478,44.04049],[11.47798,44.04023],[11.47829,44.04013],[11.47856,44.04019],[11.47875,44.04052],[11.47896,44.04057],[11.47982,44.04062],[11.48031,44.04053],[11.48079,44.04057],[11.4812,44.04042],[11.48186,44.03988],[11.48211,44.03957],[11.48278,44.03916],[11.48282,44.03902],[11.48272,44.03888],[11.48238,44.03863],[11.48195,44.03844],[11.4816,44.03819],[11.4814,44.03816],[11.481,44.0383],[11.48082,44.03827],[11.4808,44.03815],[11.48095,44.03802],[11.48107,44.03798],[11.48183,44.03787],[11.48197,44.03791],[11.48234,44.03815],[11.48306,44.03828],[11.48383,44.03873]],[[11.42128,43.99781],[11.42125,43.99763],[11.42132,43.99713],[11.42126,43.99693],[11.42112,43.9968],[11.42067,43.99655],[11.42056,43.99642],[11.42055,43.99629],[11.42075,43.99601]],[[11.42075,43.99601],[11.42088,43.99579]],[[11.40775,43.98429],[11.40818,43.9849],[11.40901,43.98573],[11.40971,43.98655],[11.41,43.98678],[11.41062,43.98717]],[[11.39232,43.9556],[11.39135,43.9548]],[[11.39135,43.9548],[11.3905,43.95394]],[[11.3905,43.95394],[11.39015,43.95379]],[[11.39015,43.95379],[11.38925,43.95355]],[[11.38925,43.95355],[11.38911,43.95344]],[[11.38911,43.95344],[11.38874,43.95297]],[[11.38856,43.95271],[11.38831,43.95237]],[[11.38831,43.95237],[11.3879,43.95183]],[[11.38734,43.95196],[11.38741,43.9519],[11.38765,43.95183],[11.3879,43.95183]],[[11.38688,43.95123],[11.38734,43.95196]],[[11.38654,43.95066],[11.38688,43.95123]],[[11.36089,43.94546],[11.36097,43.94589],[11.36117,43.94627],[11.36147,43.94665],[11.36165,43.94681],[11.36187,43.94691],[11.36285,43.94704],[11.36322,43.94716],[11.36355,43.94736],[11.36407,43.94784],[11.36488,43.94826]],[[11.3604,43.9446],[11.36083,43.94475],[11.36094,43.94484],[11.36096,43.94503],[11.36089,43.94546]],[[11.38119,43.94422],[11.38338,43.9439],[11.38382,43.94393],[11.38404,43.94404],[11.3864,43.9458]],[[11.35836,43.89782],[11.35848,43.8975],[11.35848,43.89695],[11.35856,43.89686],[11.35869,43.89685],[11.35884,43.89694],[11.35954,43.89765],[11.35965,43.89782],[11.35965,43.89808],[11.35928,43.89871],[11.35914,43.89887],[11.35758,43.89962],[11.35724,43.89986],[11.35704,43.90017],[11.35686,43.90079],[11.35653,43.90117],[11.35651,43.90161],[11.35639,43.90205],[11.3563,43.90267],[11.35645,43.90309],[11.35686,43.90366],[11.35691,43.90403],[11.35684,43.90421],[11.35645,43.90479],[11.35624,43.90491],[11.35536,43.90524],[11.35412,43.90564],[11.35379,43.90589],[11.35352,43.90629],[11.35345,43.90663],[11.35346,43.90943],[11.35354,43.90977],[11.35388,43.91064],[11.3539,43.91083],[11.35383,43.91119],[11.35335,43.9123]],[[11.46644,44.03334],[11.46589,44.03356],[11.46576,44.03356],[11.46549,44.03351],[11.46512,44.03328],[11.46492,44.03327],[11.46484,44.03331],[11.46478,44.03348],[11.46453,44.03357],[11.46438,44.03351],[11.46433,44.03342],[11.46435,44.03308],[11.46423,44.03306],[11.46412,44.03318],[11.46409,44.03335],[11.46427,44.03397],[11.46421,44.03406],[11.46376,44.03425],[11.4636,44.03437],[11.46353,44.03452],[11.46357,44.03464],[11.46378,44.03468],[11.46472,44.03447],[11.46512,44.0342],[11.46525,44.03419],[11.46536,44.03426],[11.46568,44.03464],[11.46598,44.03476],[11.46626,44.03463],[11.46665,44.03428],[11.46738,44.03407],[11.46744,44.03414],[11.46745,44.03423],[11.46715,44.03481],[11.46718,44.03488],[11.46737,44.03493],[11.46835,44.03481],[11.46906,44.03465],[11.46926,44.03458],[11.46958,44.03434],[11.46977,44.03435],[11.46984,44.03442],[11.4697,44.03476],[11.46969,44.03493],[11.47033,44.03559],[11.46988,44.03674],[11.46958,44.03723],[11.46959,44.03748],[11.4699,44.03774],[11.47,44.03777],[11.47023,44.03776],[11.47033,44.03773],[11.47072,44.03738],[11.47102,44.03721],[11.47142,44.03705],[11.47164,44.03708],[11.47194,44.03749],[11.4722,44.03769],[11.47221,44.0378],[11.47214,44.03797],[11.47215,44.03814],[11.4724,44.03856],[11.47244,44.03929],[11.47237,44.03938],[11.47205,44.03953],[11.47198,44.03969],[11.47214,44.03974],[11.47251,44.03975],[11.47286,44.03987],[11.47307,44.03989],[11.47386,44.03949],[11.47398,44.03935],[11.474,44.03927],[11.47391,44.03886],[11.47428,44.03854],[11.47433,44.03838],[11.47432,44.03811],[11.47445,44.03784],[11.47466,44.03771],[11.47506,44.03769],[11.4752,44.03772],[11.47527,44.03784],[11.4752,44.03838],[11.47527,44.03863],[11.47574,44.03903],[11.47628,44.03928],[11.47634,44.03937],[11.47639,44.03964],[11.47651,44.0399],[11.47655,44.04051],[11.47682,44.04066],[11.47734,44.04072]],[[11.42957,44.00368],[11.42947,44.00377]],[[11.42947,44.00377],[11.42951,44.00382],[11.42963,44.00384]],[[11.42963,44.00384],[11.42971,44.00381],[11.42971,44.00373],[11.42957,44.00368]],[[11.43164,44.00526],[11.43032,44.00433]],[[11.43032,44.00433],[11.42963,44.00384]],[[11.34978,43.92184],[11.34976,43.92207],[11.34992,43.9226],[11.34988,43.92288],[11.34976,43.92314],[11.34953,43.92346],[11.34912,43.92379],[11.3491,43.92395],[11.34923,43.92408],[11.35019,43.92478],[11.35057,43.92515],[11.35117,43.92584],[11.35125,43.92602],[11.35127,43.9262],[11.3512,43.92755],[11.35115,43.92783],[11.35094,43.92826],[11.35033,43.92923],[11.35035,43.93012],[11.35062,43.93072],[11.35069,43.93126],[11.35066,43.93155],[11.35051,43.93171],[11.34899,43.93289],[11.3486,43.93344],[11.34857,43.9337],[11.34862,43.93387],[11.3492,43.93496],[11.3492,43.93507],[11.34912,43.93516],[11.34819,43.93535],[11.34764,43.93552],[11.34628,43.93565],[11.34561,43.93584],[11.34538,43.93601],[11.34511,43.9364],[11.34497,43.93674],[11.34502,43.937],[11.34568,43.93866],[11.34639,43.93953],[11.34674,43.93977],[11.34704,43.93985],[11.34822,43.93991],[11.34957,43.94014],[11.35032,43.94019],[11.35146,43.94034],[11.35183,43.94032],[11.3527,43.94014],[11.3531,43.94015],[11.35514,43.94065],[11.35569,43.94091],[11.35703,43.94172]],[[11.35335,43.9123],[11.35322,43.91274],[11.35332,43.91363],[11.35317,43.91416],[11.35326,43.9147],[11.35298,43.91549],[11.3527,43.91609],[11.35264,43.91634],[11.35272,43.91659],[11.35321,43.91722],[11.35335,43.91856]],[[11.35335,43.91856],[11.35338,43.91921],[11.35323,43.91947],[11.35296,43.91967],[11.35243,43.91992],[11.35105,43.92034],[11.35075,43.92048],[11.35041,43.92084],[11.34978,43.92184]],[[11.35643,43.89763],[11.35647,43.89783]],[[11.35647,43.89783],[11.35655,43.89796],[11.35673,43.8981],[11.35716,43.89818],[11.35755,43.89817],[11.35803,43.89808],[11.35825,43.89795],[11.35836,43.89782]],[[11.43655,44.00975],[11.43637,44.00935],[11.43569,44.00844],[11.43545,44.0082]],[[11.43545,44.0082],[11.43485,44.00769]],[[11.43485,44.00769],[11.43476,44.00762]],[[11.43476,44.00762],[11.4335,44.00658]],[[11.60934,44.07295],[11.61014,44.07375]],[[11.61014,44.07375],[11.61054,44.07411]],[[11.61054,44.07411],[11.61111,44.07463]],[[11.63943,44.09453],[11.6402,44.0948]],[[11.6402,44.0948],[11.64301,44.09597]],[[11.64301,44.09597],[11.64414,44.09644],[11.64529,44.09677],[11.6457,44.09699],[11.64635,44.09742]],[[11.66517,44.10715],[11.66695,44.10926],[11.6695,44.11099],[11.67125,44.11201],[11.67283,44.11257],[11.67524,44.11301],[11.67658,44.11365],[11.67683,44.11406],[11.6772,44.11487],[11.67726,44.11516],[11.67723,44.11548]],[[11.6385,44.09422],[11.63943,44.09453]],[[11.61111,44.07463],[11.61153,44.07502]],[[11.61153,44.07502],[11.6115,44.07512],[11.61155,44.07537],[11.61198,44.07574],[11.61255,44.07617],[11.61279,44.07629],[11.61339,44.07646]],[[11.61277,44.07544],[11.61315,44.07541]],[[11.61338,44.07627],[11.61339,44.07646]],[[11.61339,44.07646],[11.61348,44.0765],[11.61363,44.0769]],[[11.61363,44.0769],[11.61368,44.07707]],[[11.61368,44.07707],[11.61377,44.07731]],[[11.61377,44.07731],[11.61396,44.07769]],[[11.61553,44.0782],[11.61567,44.07824]],[[11.61567,44.07824],[11.61607,44.07835]],[[11.61607,44.07835],[11.61647,44.07847]],[[11.54373,44.03441],[11.54352,44.03409],[11.5434,44.034],[11.54324,44.034],[11.54227,44.0346]],[[11.54453,44.03546],[11.54429,44.03502],[11.54373,44.03441]],[[11.54517,44.0357],[11.54467,44.03557],[11.54453,44.03546]],[[11.54819,44.04096],[11.54811,44.03941],[11.54834,44.03788]],[[11.54834,44.03788],[11.54826,44.0376],[11.54785,44.03724],[11.54666,44.0367]],[[11.54819,44.04096],[11.54782,44.04234],[11.54783,44.04251],[11.54801,44.04304],[11.5479,44.04367],[11.54792,44.04375],[11.54818,44.04405]],[[11.60105,44.06535],[11.60153,44.06531]],[[11.6007,44.0654],[11.60105,44.06535]],[[11.60515,44.06878],[11.60687,44.07075]],[[11.60687,44.07075],[11.60763,44.07129]],[[11.60763,44.07129],[11.60825,44.07174],[11.60854,44.07205]],[[11.65442,44.10065],[11.65955,44.10298]],[[11.65955,44.10298],[11.66062,44.10344],[11.66164,44.10378]],[[11.63787,44.09332],[11.63835,44.09406],[11.6385,44.09422]],[[11.63507,44.09047],[11.63598,44.09159]],[[11.63598,44.09159],[11.63629,44.09192],[11.63738,44.0928],[11.63787,44.09332]],[[11.62751,44.08738],[11.62823,44.08785],[11.6296,44.08846]],[[11.61368,44.07707],[11.61346,44.07712]],[[11.61339,44.07646],[11.61333,44.07653],[11.61324,44.07681],[11.61326,44.07694],[11.61346,44.07712]],[[11.61346,44.07712],[11.61377,44.07731]],[[11.60854,44.07205],[11.60891,44.07248]],[[11.61489,44.07795],[11.61553,44.0782]],[[11.60407,44.06762],[11.60515,44.06878]],[[11.59346,44.0634],[11.59486,44.06345],[11.59582,44.06358],[11.59625,44.06373],[11.59715,44.06447],[11.59776,44.06481],[11.6007,44.0654]],[[11.5908,44.06262],[11.59119,44.06294],[11.59152,44.06309],[11.59346,44.0634]],[[11.5792,44.06106],[11.57959,44.06111],[11.58033,44.06144],[11.5808,44.06153],[11.58141,44.06152],[11.58213,44.0614],[11.58278,44.06118],[11.5831,44.06102],[11.58327,44.06089],[11.58357,44.0605],[11.58447,44.05964],[11.58495,44.05936],[11.58526,44.05927],[11.5855,44.05937],[11.58565,44.0596],[11.5856,44.06112],[11.58564,44.06131],[11.58591,44.06173],[11.58622,44.06193],[11.58648,44.06197],[11.58687,44.06194],[11.5876,44.0618]],[[11.5876,44.0618],[11.58902,44.06148],[11.58959,44.06158],[11.58976,44.06168],[11.5908,44.06262]],[[11.66164,44.10378],[11.66206,44.10399],[11.66345,44.10527],[11.66517,44.10715]],[[11.61252,44.07539],[11.61277,44.07544]],[[11.55492,44.05828],[11.55502,44.05857],[11.55521,44.05866],[11.55593,44.05883],[11.55722,44.05986]],[[11.55492,44.05828],[11.55502,44.05857],[11.55521,44.05866],[11.55593,44.05883],[11.55722,44.05986]],[[11.55492,44.05828],[11.55502,44.05857],[11.55521,44.05866],[11.55593,44.05883],[11.55722,44.05986]],[[11.55492,44.05828],[11.55502,44.05857],[11.55521,44.05866],[11.55593,44.05883],[11.55722,44.05986]],[[11.61153,44.07502],[11.61201,44.07526],[11.61252,44.07539]],[[11.61826,44.07942],[11.61996,44.0811],[11.62187,44.08264],[11.62213,44.08273]],[[11.64635,44.09742],[11.64737,44.09806],[11.65107,44.09917],[11.65442,44.10065]],[[11.60153,44.06531],[11.60169,44.06538],[11.60358,44.06709],[11.60407,44.06762]],[[11.62213,44.08273],[11.62253,44.08273]],[[11.61647,44.07847],[11.61687,44.07862]],[[11.61315,44.07541],[11.61338,44.07627]],[[11.62253,44.08273],[11.62293,44.08286],[11.62502,44.08416],[11.6271,44.08694],[11.62751,44.08738]],[[11.6296,44.08846],[11.62982,44.08853],[11.63018,44.08855],[11.63155,44.08843],[11.63181,44.08846],[11.6325,44.08869],[11.63403,44.08932],[11.6345,44.08977],[11.63507,44.09047]],[[11.61396,44.07769],[11.61489,44.07795]],[[11.54227,44.0346],[11.54208,44.03469],[11.54173,44.03475],[11.54085,44.03472],[11.54052,44.03463],[11.54026,44.03444],[11.54001,44.03435],[11.53843,44.03464],[11.53696,44.03449],[11.53647,44.03461],[11.53617,44.03491],[11.53599,44.035],[11.53516,44.03515],[11.53444,44.03504],[11.53404,44.03482],[11.53323,44.03513],[11.53259,44.03569],[11.53206,44.03605],[11.53173,44.03608],[11.5315,44.03596],[11.53119,44.03544],[11.53118,44.03528],[11.53145,44.0351],[11.53144,44.03498],[11.53133,44.03482],[11.53134,44.03475],[11.53197,44.03451],[11.53205,44.03442],[11.53209,44.03422],[11.53199,44.03413],[11.53162,44.03405],[11.53144,44.03397],[11.53139,44.03373],[11.5315,44.03347],[11.53116,44.03308],[11.5311,44.03282],[11.53103,44.03273]],[[11.54227,44.0346],[11.54208,44.03469],[11.54173,44.03475],[11.54085,44.03472],[11.54052,44.03463],[11.54026,44.03444],[11.54001,44.03435],[11.53843,44.03464],[11.53696,44.03449],[11.53647,44.03461],[11.53617,44.03491],[11.53599,44.035],[11.53516,44.03515],[11.53444,44.03504],[11.53404,44.03482],[11.53323,44.03513],[11.53259,44.03569],[11.53206,44.03605],[11.53173,44.03608],[11.5315,44.03596],[11.53119,44.03544],[11.53118,44.03528],[11.53145,44.0351],[11.53144,44.03498],[11.53133,44.03482],[11.53134,44.03475],[11.53197,44.03451],[11.53205,44.03442],[11.53209,44.03422],[11.53199,44.03413],[11.53162,44.03405],[11.53144,44.03397],[11.53139,44.03373],[11.5315,44.03347],[11.53116,44.03308],[11.5311,44.03282],[11.53103,44.03273]],[[11.54227,44.0346],[11.54208,44.03469],[11.54173,44.03475],[11.54085,44.03472],[11.54052,44.03463],[11.54026,44.03444],[11.54001,44.03435],[11.53843,44.03464],[11.53696,44.03449],[11.53647,44.03461],[11.53617,44.03491],[11.53599,44.035],[11.53516,44.03515],[11.53444,44.03504],[11.53404,44.03482],[11.53323,44.03513],[11.53259,44.03569],[11.53206,44.03605],[11.53173,44.03608],[11.5315,44.03596],[11.53119,44.03544],[11.53118,44.03528],[11.53145,44.0351],[11.53144,44.03498],[11.53133,44.03482],[11.53134,44.03475],[11.53197,44.03451],[11.53205,44.03442],[11.53209,44.03422],[11.53199,44.03413],[11.53162,44.03405],[11.53144,44.03397],[11.53139,44.03373],[11.5315,44.03347],[11.53116,44.03308],[11.5311,44.03282],[11.53103,44.03273]],[[11.54227,44.0346],[11.54208,44.03469],[11.54173,44.03475],[11.54085,44.03472],[11.54052,44.03463],[11.54026,44.03444],[11.54001,44.03435],[11.53843,44.03464],[11.53696,44.03449],[11.53647,44.03461],[11.53617,44.03491],[11.53599,44.035],[11.53516,44.03515],[11.53444,44.03504],[11.53404,44.03482],[11.53323,44.03513],[11.53259,44.03569],[11.53206,44.03605],[11.53173,44.03608],[11.5315,44.03596],[11.53119,44.03544],[11.53118,44.03528],[11.53145,44.0351],[11.53144,44.03498],[11.53133,44.03482],[11.53134,44.03475],[11.53197,44.03451],[11.53205,44.03442],[11.53209,44.03422],[11.53199,44.03413],[11.53162,44.03405],[11.53144,44.03397],[11.53139,44.03373],[11.5315,44.03347],[11.53116,44.03308],[11.5311,44.03282],[11.53103,44.03273]],[[11.67723,44.11548],[11.67707,44.11677],[11.67712,44.11705],[11.67759,44.11759],[11.67934,44.11875],[11.67947,44.11889],[11.67955,44.11924]],[[11.54818,44.04405],[11.54803,44.04425],[11.54778,44.04445],[11.54767,44.0447],[11.54742,44.04491],[11.54734,44.04506],[11.54743,44.0452],[11.54791,44.04563],[11.54807,44.04606],[11.54872,44.04662],[11.54875,44.04673],[11.54867,44.047],[11.54821,44.04803],[11.5481,44.04847],[11.54809,44.04873],[11.54824,44.04896],[11.54852,44.04912],[11.54884,44.04924],[11.54969,44.04939],[11.54982,44.04944],[11.5499,44.04954],[11.54981,44.04991],[11.54956,44.05013],[11.54906,44.05039],[11.54876,44.05077],[11.54865,44.05102],[11.54868,44.05127],[11.54888,44.05169],[11.54936,44.05216],[11.54877,44.05303],[11.54882,44.05336],[11.54903,44.05356],[11.54935,44.05366],[11.54959,44.05368],[11.55071,44.0536],[11.55128,44.05373],[11.55133,44.05378],[11.55134,44.05389],[11.55118,44.0545],[11.55128,44.05475],[11.55143,44.05487],[11.55165,44.05495],[11.55188,44.05499],[11.55226,44.05496],[11.5524,44.05502],[11.55258,44.05527],[11.55332,44.0566],[11.55351,44.05683],[11.55386,44.05706],[11.55457,44.05725],[11.55468,44.05733],[11.55492,44.05828]],[[11.54818,44.04405],[11.54803,44.04425],[11.54778,44.04445],[11.54767,44.0447],[11.54742,44.04491],[11.54734,44.04506],[11.54743,44.0452],[11.54791,44.04563],[11.54807,44.04606],[11.54872,44.04662],[11.54875,44.04673],[11.54867,44.047],[11.54821,44.04803],[11.5481,44.04847],[11.54809,44.04873],[11.54824,44.04896],[11.54852,44.04912],[11.54884,44.04924],[11.54969,44.04939],[11.54982,44.04944],[11.5499,44.04954],[11.54981,44.04991],[11.54956,44.05013],[11.54906,44.05039],[11.54876,44.05077],[11.54865,44.05102],[11.54868,44.05127],[11.54888,44.05169],[11.54936,44.05216],[11.54877,44.05303],[11.54882,44.05336],[11.54903,44.05356],[11.54935,44.05366],[11.54959,44.05368],[11.55071,44.0536],[11.55128,44.05373],[11.55133,44.05378],[11.55134,44.05389],[11.55118,44.0545],[11.55128,44.05475],[11.55143,44.05487],[11.55165,44.05495],[11.55188,44.05499],[11.55226,44.05496],[11.5524,44.05502],[11.55258,44.05527],[11.55332,44.0566],[11.55351,44.05683],[11.55386,44.05706],[11.55457,44.05725],[11.55468,44.05733],[11.55492,44.05828]],[[11.54818,44.04405],[11.54803,44.04425],[11.54778,44.04445],[11.54767,44.0447],[11.54742,44.04491],[11.54734,44.04506],[11.54743,44.0452],[11.54791,44.04563],[11.54807,44.04606],[11.54872,44.04662],[11.54875,44.04673],[11.54867,44.047],[11.54821,44.04803],[11.5481,44.04847],[11.54809,44.04873],[11.54824,44.04896],[11.54852,44.04912],[11.54884,44.04924],[11.54969,44.04939],[11.54982,44.04944],[11.5499,44.04954],[11.54981,44.04991],[11.54956,44.05013],[11.54906,44.05039],[11.54876,44.05077],[11.54865,44.05102],[11.54868,44.05127],[11.54888,44.05169],[11.54936,44.05216],[11.54877,44.05303],[11.54882,44.05336],[11.54903,44.05356],[11.54935,44.05366],[11.54959,44.05368],[11.55071,44.0536],[11.55128,44.05373],[11.55133,44.05378],[11.55134,44.05389],[11.55118,44.0545],[11.55128,44.05475],[11.55143,44.05487],[11.55165,44.05495],[11.55188,44.05499],[11.55226,44.05496],[11.5524,44.05502],[11.55258,44.05527],[11.55332,44.0566],[11.55351,44.05683],[11.55386,44.05706],[11.55457,44.05725],[11.55468,44.05733],[11.55492,44.05828]],[[11.54818,44.04405],[11.54803,44.04425],[11.54778,44.04445],[11.54767,44.0447],[11.54742,44.04491],[11.54734,44.04506],[11.54743,44.0452],[11.54791,44.04563],[11.54807,44.04606],[11.54872,44.04662],[11.54875,44.04673],[11.54867,44.047],[11.54821,44.04803],[11.5481,44.04847],[11.54809,44.04873],[11.54824,44.04896],[11.54852,44.04912],[11.54884,44.04924],[11.54969,44.04939],[11.54982,44.04944],[11.5499,44.04954],[11.54981,44.04991],[11.54956,44.05013],[11.54906,44.05039],[11.54876,44.05077],[11.54865,44.05102],[11.54868,44.05127],[11.54888,44.05169],[11.54936,44.05216],[11.54877,44.05303],[11.54882,44.05336],[11.54903,44.05356],[11.54935,44.05366],[11.54959,44.05368],[11.55071,44.0536],[11.55128,44.05373],[11.55133,44.05378],[11.55134,44.05389],[11.55118,44.0545],[11.55128,44.05475],[11.55143,44.05487],[11.55165,44.05495],[11.55188,44.05499],[11.55226,44.05496],[11.5524,44.05502],[11.55258,44.05527],[11.55332,44.0566],[11.55351,44.05683],[11.55386,44.05706],[11.55457,44.05725],[11.55468,44.05733],[11.55492,44.05828]],[[11.67955,44.11924],[11.67962,44.11959],[11.67926,44.12263],[11.67873,44.1233]],[[11.55722,44.05986],[11.55734,44.06],[11.55738,44.06046],[11.55745,44.06062],[11.55807,44.06104],[11.55858,44.06154],[11.55892,44.06153],[11.55914,44.06133],[11.55939,44.06126],[11.55991,44.06124],[11.56032,44.0613]],[[11.55722,44.05986],[11.55734,44.06],[11.55738,44.06046],[11.55745,44.06062],[11.55807,44.06104],[11.55858,44.06154],[11.55892,44.06153],[11.55914,44.06133],[11.55939,44.06126],[11.55991,44.06124],[11.56032,44.0613]],[[11.55722,44.05986],[11.55734,44.06],[11.55738,44.06046],[11.55745,44.06062],[11.55807,44.06104],[11.55858,44.06154],[11.55892,44.06153],[11.55914,44.06133],[11.55939,44.06126],[11.55991,44.06124],[11.56032,44.0613]],[[11.55722,44.05986],[11.55734,44.06],[11.55738,44.06046],[11.55745,44.06062],[11.55807,44.06104],[11.55858,44.06154],[11.55892,44.06153],[11.55914,44.06133],[11.55939,44.06126],[11.55991,44.06124],[11.56032,44.0613]],[[11.56032,44.0613],[11.5608,44.06155],[11.56114,44.06165],[11.56371,44.062],[11.56395,44.06198],[11.56414,44.0619],[11.56426,44.06177],[11.56435,44.0615],[11.56443,44.06141],[11.56478,44.06129],[11.56518,44.06129],[11.56563,44.06145],[11.56611,44.06154],[11.56695,44.06141],[11.56856,44.06152],[11.56914,44.06139],[11.56957,44.06095],[11.56969,44.0609],[11.57068,44.06076],[11.57119,44.06077],[11.572,44.06101],[11.57355,44.06129],[11.5736,44.06133],[11.57368,44.0616],[11.57388,44.06167],[11.5741,44.06166],[11.57448,44.06144],[11.57577,44.06107],[11.57716,44.06106],[11.5782,44.06135],[11.57841,44.06129],[11.57869,44.0611],[11.5792,44.06106]],[[11.56032,44.0613],[11.5608,44.06155],[11.56114,44.06165],[11.56371,44.062],[11.56395,44.06198],[11.56414,44.0619],[11.56426,44.06177],[11.56435,44.0615],[11.56443,44.06141],[11.56478,44.06129],[11.56518,44.06129],[11.56563,44.06145],[11.56611,44.06154],[11.56695,44.06141],[11.56856,44.06152],[11.56914,44.06139],[11.56957,44.06095],[11.56969,44.0609],[11.57068,44.06076],[11.57119,44.06077],[11.572,44.06101],[11.57355,44.06129],[11.5736,44.06133],[11.57368,44.0616],[11.57388,44.06167],[11.5741,44.06166],[11.57448,44.06144],[11.57577,44.06107],[11.57716,44.06106],[11.5782,44.06135],[11.57841,44.06129],[11.57869,44.0611],[11.5792,44.06106]],[[11.56032,44.0613],[11.5608,44.06155],[11.56114,44.06165],[11.56371,44.062],[11.56395,44.06198],[11.56414,44.0619],[11.56426,44.06177],[11.56435,44.0615],[11.56443,44.06141],[11.56478,44.06129],[11.56518,44.06129],[11.56563,44.06145],[11.56611,44.06154],[11.56695,44.06141],[11.56856,44.06152],[11.56914,44.06139],[11.56957,44.06095],[11.56969,44.0609],[11.57068,44.06076],[11.57119,44.06077],[11.572,44.06101],[11.57355,44.06129],[11.5736,44.06133],[11.57368,44.0616],[11.57388,44.06167],[11.5741,44.06166],[11.57448,44.06144],[11.57577,44.06107],[11.57716,44.06106],[11.5782,44.06135],[11.57841,44.06129],[11.57869,44.0611],[11.5792,44.06106]],[[11.56032,44.0613],[11.5608,44.06155],[11.56114,44.06165],[11.56371,44.062],[11.56395,44.06198],[11.56414,44.0619],[11.56426,44.06177],[11.56435,44.0615],[11.56443,44.06141],[11.56478,44.06129],[11.56518,44.06129],[11.56563,44.06145],[11.56611,44.06154],[11.56695,44.06141],[11.56856,44.06152],[11.56914,44.06139],[11.56957,44.06095],[11.56969,44.0609],[11.57068,44.06076],[11.57119,44.06077],[11.572,44.06101],[11.57355,44.06129],[11.5736,44.06133],[11.57368,44.0616],[11.57388,44.06167],[11.5741,44.06166],[11.57448,44.06144],[11.57577,44.06107],[11.57716,44.06106],[11.5782,44.06135],[11.57841,44.06129],[11.57869,44.0611],[11.5792,44.06106]],[[11.54666,44.0367],[11.546,44.03625]],[[11.546,44.03625],[11.54557,44.03591],[11.54517,44.0357]],[[11.61687,44.07862],[11.61778,44.07908]],[[11.61778,44.07908],[11.61826,44.07942]],[[11.60891,44.07248],[11.60913,44.07271]],[[11.60913,44.07271],[11.60934,44.07295]],[[11.35125,43.88562],[11.35069,43.88463],[11.34976,43.88391],[11.34963,43.88374],[11.34932,43.88257]],[[11.35125,43.88562],[11.35069,43.88463],[11.34976,43.88391],[11.34963,43.88374],[11.34932,43.88257]],[[11.35125,43.88562],[11.35069,43.88463],[11.34976,43.88391],[11.34963,43.88374],[11.34932,43.88257]],[[11.35125,43.88562],[11.35069,43.88463],[11.34976,43.88391],[11.34963,43.88374],[11.34932,43.88257]],[[11.35405,43.89103],[11.35383,43.89088],[11.35372,43.8907],[11.35366,43.89016],[11.35352,43.88982],[11.353,43.88922],[11.3521,43.88859],[11.35181,43.88818],[11.35177,43.8879],[11.35201,43.88702],[11.35196,43.88686],[11.35169,43.88656],[11.35154,43.88631],[11.35125,43.88571],[11.35125,43.88562]],[[11.35405,43.89103],[11.35383,43.89088],[11.35372,43.8907],[11.35366,43.89016],[11.35352,43.88982],[11.353,43.88922],[11.3521,43.88859],[11.35181,43.88818],[11.35177,43.8879],[11.35201,43.88702],[11.35196,43.88686],[11.35169,43.88656],[11.35154,43.88631],[11.35125,43.88571],[11.35125,43.88562]],[[11.35405,43.89103],[11.35383,43.89088],[11.35372,43.8907],[11.35366,43.89016],[11.35352,43.88982],[11.353,43.88922],[11.3521,43.88859],[11.35181,43.88818],[11.35177,43.8879],[11.35201,43.88702],[11.35196,43.88686],[11.35169,43.88656],[11.35154,43.88631],[11.35125,43.88571],[11.35125,43.88562]],[[11.35405,43.89103],[11.35383,43.89088],[11.35372,43.8907],[11.35366,43.89016],[11.35352,43.88982],[11.353,43.88922],[11.3521,43.88859],[11.35181,43.88818],[11.35177,43.8879],[11.35201,43.88702],[11.35196,43.88686],[11.35169,43.88656],[11.35154,43.88631],[11.35125,43.88571],[11.35125,43.88562]],[[11.34047,43.86486],[11.3407,43.86517],[11.34141,43.86557],[11.34169,43.86585]],[[11.34047,43.86486],[11.3407,43.86517],[11.34141,43.86557],[11.34169,43.86585]],[[11.34047,43.86486],[11.3407,43.86517],[11.34141,43.86557],[11.34169,43.86585]],[[11.34047,43.86486],[11.3407,43.86517],[11.34141,43.86557],[11.34169,43.86585]],[[11.34932,43.88257],[11.34843,43.88201],[11.34822,43.88196],[11.34759,43.88193],[11.34724,43.88181],[11.347,43.88159],[11.34668,43.88119],[11.34627,43.88035],[11.34558,43.87972]],[[11.34932,43.88257],[11.34843,43.88201],[11.34822,43.88196],[11.34759,43.88193],[11.34724,43.88181],[11.347,43.88159],[11.34668,43.88119],[11.34627,43.88035],[11.34558,43.87972]],[[11.34932,43.88257],[11.34843,43.88201],[11.34822,43.88196],[11.34759,43.88193],[11.34724,43.88181],[11.347,43.88159],[11.34668,43.88119],[11.34627,43.88035],[11.34558,43.87972]],[[11.34932,43.88257],[11.34843,43.88201],[11.34822,43.88196],[11.34759,43.88193],[11.34724,43.88181],[11.347,43.88159],[11.34668,43.88119],[11.34627,43.88035],[11.34558,43.87972]],[[11.34315,43.87474],[11.34327,43.87379],[11.34338,43.87343],[11.34387,43.87291],[11.34421,43.87224],[11.34423,43.8719],[11.34412,43.87117],[11.34425,43.87028],[11.34417,43.87003],[11.3439,43.86963],[11.3438,43.86936],[11.34383,43.86811],[11.34329,43.86763],[11.34169,43.86585]],[[11.34315,43.87474],[11.34327,43.87379],[11.34338,43.87343],[11.34387,43.87291],[11.34421,43.87224],[11.34423,43.8719],[11.34412,43.87117],[11.34425,43.87028],[11.34417,43.87003],[11.3439,43.86963],[11.3438,43.86936],[11.34383,43.86811],[11.34329,43.86763],[11.34169,43.86585]],[[11.34315,43.87474],[11.34327,43.87379],[11.34338,43.87343],[11.34387,43.87291],[11.34421,43.87224],[11.34423,43.8719],[11.34412,43.87117],[11.34425,43.87028],[11.34417,43.87003],[11.3439,43.86963],[11.3438,43.86936],[11.34383,43.86811],[11.34329,43.86763],[11.34169,43.86585]],[[11.34315,43.87474],[11.34327,43.87379],[11.34338,43.87343],[11.34387,43.87291],[11.34421,43.87224],[11.34423,43.8719],[11.34412,43.87117],[11.34425,43.87028],[11.34417,43.87003],[11.3439,43.86963],[11.3438,43.86936],[11.34383,43.86811],[11.34329,43.86763],[11.34169,43.86585]],[[11.34315,43.87474],[11.34327,43.87379],[11.34338,43.87343],[11.34387,43.87291],[11.34421,43.87224],[11.34423,43.8719],[11.34412,43.87117],[11.34425,43.87028],[11.34417,43.87003],[11.3439,43.86963],[11.3438,43.86936],[11.34383,43.86811],[11.34329,43.86763],[11.34169,43.86585]],[[11.34315,43.87474],[11.34327,43.87379],[11.34338,43.87343],[11.34387,43.87291],[11.34421,43.87224],[11.34423,43.8719],[11.34412,43.87117],[11.34425,43.87028],[11.34417,43.87003],[11.3439,43.86963],[11.3438,43.86936],[11.34383,43.86811],[11.34329,43.86763],[11.34169,43.86585]],[[11.34315,43.87474],[11.34327,43.87379],[11.34338,43.87343],[11.34387,43.87291],[11.34421,43.87224],[11.34423,43.8719],[11.34412,43.87117],[11.34425,43.87028],[11.34417,43.87003],[11.3439,43.86963],[11.3438,43.86936],[11.34383,43.86811],[11.34329,43.86763],[11.34169,43.86585]],[[11.34315,43.87474],[11.34327,43.87379],[11.34338,43.87343],[11.34387,43.87291],[11.34421,43.87224],[11.34423,43.8719],[11.34412,43.87117],[11.34425,43.87028],[11.34417,43.87003],[11.3439,43.86963],[11.3438,43.86936],[11.34383,43.86811],[11.34329,43.86763],[11.34169,43.86585]],[[11.34315,43.87474],[11.34327,43.87379],[11.34338,43.87343],[11.34387,43.87291],[11.34421,43.87224],[11.34423,43.8719],[11.34412,43.87117],[11.34425,43.87028],[11.34417,43.87003],[11.3439,43.86963],[11.3438,43.86936],[11.34383,43.86811],[11.34329,43.86763],[11.34169,43.86585]],[[11.34558,43.87972],[11.34455,43.87922],[11.34441,43.87905],[11.34435,43.87878],[11.34438,43.87842],[11.34405,43.87746],[11.34393,43.8763],[11.34322,43.87515],[11.34316,43.87497],[11.34315,43.87474]],[[11.34558,43.87972],[11.34455,43.87922],[11.34441,43.87905],[11.34435,43.87878],[11.34438,43.87842],[11.34405,43.87746],[11.34393,43.8763],[11.34322,43.87515],[11.34316,43.87497],[11.34315,43.87474]],[[11.34558,43.87972],[11.34455,43.87922],[11.34441,43.87905],[11.34435,43.87878],[11.34438,43.87842],[11.34405,43.87746],[11.34393,43.8763],[11.34322,43.87515],[11.34316,43.87497],[11.34315,43.87474]],[[11.34558,43.87972],[11.34455,43.87922],[11.34441,43.87905],[11.34435,43.87878],[11.34438,43.87842],[11.34405,43.87746],[11.34393,43.8763],[11.34322,43.87515],[11.34316,43.87497],[11.34315,43.87474]]]}},{"type":"Feature","properties":{"s":"SR 69","t":"regionale","n":"S.R. DI VAL D'ARNO (N. 69)"},"geometry":{"type":"MultiLineString","coordinates":[[[11.47036,43.75669],[11.47071,43.75599],[11.47124,43.75551],[11.47125,43.75536],[11.47113,43.75496]],[[11.47157,43.75109],[11.47055,43.75179]],[[11.46135,43.76505],[11.46182,43.76457],[11.4624,43.76413],[11.46326,43.76362],[11.46416,43.76327]],[[11.47029,43.74101],[11.47027,43.74077],[11.47071,43.74042],[11.47085,43.74013]],[[11.47036,43.75669],[11.47028,43.75704],[11.47026,43.75772],[11.4702,43.75785]],[[11.45475,43.77292],[11.45329,43.77327],[11.45204,43.77378]],[[11.46074,43.76628],[11.46078,43.76592],[11.46135,43.76505]],[[11.47085,43.74013],[11.471,43.73978],[11.47103,43.73955]],[[11.47085,43.74013],[11.471,43.73978],[11.47103,43.73955]],[[11.47085,43.74013],[11.471,43.73978],[11.47103,43.73955]],[[11.47085,43.74013],[11.471,43.73978],[11.47103,43.73955]],[[11.47042,43.74422],[11.47024,43.74372],[11.47028,43.74353],[11.47037,43.74338]],[[11.45112,43.77416],[11.45166,43.77395]],[[11.45166,43.77395],[11.45204,43.77378]],[[11.47037,43.74338],[11.47048,43.74315],[11.47031,43.74266],[11.47044,43.74194]],[[11.47044,43.74194],[11.47049,43.74165]],[[11.46578,43.76218],[11.46416,43.76327]],[[11.4702,43.75785],[11.46985,43.75808],[11.46859,43.75858],[11.46795,43.75863],[11.4673,43.75844],[11.46704,43.75852],[11.46696,43.75874],[11.467,43.75912],[11.46659,43.76061],[11.46641,43.76148],[11.46632,43.76163],[11.46578,43.76218]],[[11.47029,43.74101],[11.4705,43.74148],[11.47049,43.74165]],[[11.4562,43.77222],[11.45678,43.77224]],[[11.45584,43.77231],[11.4562,43.77222]],[[11.45584,43.77231],[11.45502,43.77275]],[[11.45502,43.77275],[11.45475,43.77292]],[[11.47113,43.75496],[11.47096,43.75447],[11.47062,43.75389],[11.47066,43.75345],[11.47047,43.75234],[11.47055,43.75179]],[[11.44955,43.77459],[11.44897,43.7748]],[[11.47157,43.75109],[11.47172,43.75093],[11.47174,43.75085],[11.47161,43.7504],[11.4716,43.75],[11.47183,43.74923],[11.47214,43.74864],[11.47218,43.74832],[11.47211,43.74811],[11.47172,43.74766],[11.47147,43.74728],[11.47111,43.74629],[11.47062,43.74538],[11.47058,43.74475],[11.47042,43.74422]],[[11.45112,43.77416],[11.45038,43.77434]],[[11.45038,43.77434],[11.44955,43.77459]],[[11.45678,43.77224],[11.45727,43.77224],[11.45764,43.77208],[11.45876,43.77108],[11.45924,43.77059],[11.45928,43.77041],[11.45907,43.76959],[11.45916,43.76927],[11.45964,43.76851],[11.46031,43.76805],[11.46076,43.76743]],[[11.46079,43.76718],[11.46074,43.76628]],[[11.46076,43.76743],[11.46065,43.76739],[11.46061,43.76729],[11.46068,43.76721],[11.46079,43.76718]],[[11.46079,43.76718],[11.4609,43.76722],[11.46096,43.76732]],[[11.46096,43.76732],[11.46088,43.76741],[11.46076,43.76743]]]}},{"type":"Feature","properties":{"s":"SR 70","t":"regionale","n":"S.R. DELLA CONSUMA (N.70)"},"geometry":{"type":"MultiLineString","coordinates":[[[11.47566,43.77375],[11.47522,43.77344]],[[11.47085,43.7694],[11.47104,43.7694],[11.4712,43.76947],[11.47175,43.76991],[11.47225,43.77067],[11.47272,43.77101],[11.47276,43.77117]],[[11.46466,43.77066],[11.46433,43.77073]],[[11.46433,43.77073],[11.46374,43.77075]],[[11.54383,43.7952],[11.54314,43.79532]],[[11.54314,43.79532],[11.54239,43.79538],[11.54122,43.79524],[11.5409,43.79525]],[[11.5409,43.79525],[11.53996,43.79535],[11.53975,43.79533]],[[11.53975,43.79533],[11.53938,43.79519]],[[11.53398,43.79301],[11.53366,43.79301]],[[11.59351,43.77963],[11.59294,43.77965],[11.59263,43.77952],[11.59248,43.77936],[11.59241,43.77921],[11.5924,43.77895],[11.59267,43.77839]],[[11.59032,43.77824],[11.59153,43.77836],[11.5924,43.77817],[11.59261,43.77824],[11.59267,43.77839]],[[11.59032,43.77824],[11.58974,43.77839]],[[11.58974,43.77839],[11.58946,43.77867],[11.58896,43.77887],[11.58849,43.77897],[11.58785,43.77894],[11.58724,43.77899],[11.58691,43.77911],[11.58666,43.77931]],[[11.5042,43.78467],[11.505,43.7848]],[[11.50747,43.78519],[11.50717,43.78514]],[[11.5042,43.78467],[11.50326,43.7845],[11.50252,43.7846]],[[11.4986,43.78437],[11.4981,43.78406],[11.49789,43.78388]],[[11.4986,43.78437],[11.49914,43.78452]],[[11.49914,43.78452],[11.49948,43.78446]],[[11.50252,43.7846],[11.5021,43.78467],[11.50179,43.78464],[11.50089,43.78431],[11.50059,43.78426],[11.49948,43.78446]],[[11.46755,43.77029],[11.46792,43.77032]],[[11.46792,43.77032],[11.46839,43.77036]],[[11.4726,43.77189],[11.47262,43.77165],[11.47276,43.77117]],[[11.59697,43.78125],[11.59673,43.78114]],[[11.47522,43.77344],[11.47356,43.77303],[11.4727,43.77223],[11.47261,43.77205],[11.4726,43.77189]],[[11.48269,43.78019],[11.48146,43.77951],[11.48129,43.77939],[11.48115,43.77919]],[[11.47835,43.77634],[11.47789,43.77622],[11.47723,43.77579],[11.47632,43.77438],[11.47566,43.77375]],[[11.46374,43.77075],[11.46271,43.77069]],[[11.46271,43.77069],[11.46209,43.77067],[11.462,43.77072],[11.46174,43.7711]],[[11.53366,43.79301],[11.53295,43.79296],[11.53131,43.79305],[11.5308,43.79312],[11.53057,43.79304],[11.5303,43.79261]],[[11.5243,43.79219],[11.52399,43.79237],[11.52289,43.79278],[11.52266,43.7928],[11.52245,43.79276]],[[11.56273,43.79016],[11.56253,43.79013]],[[11.56273,43.79016],[11.56253,43.79013]],[[11.56273,43.79016],[11.56253,43.79013]],[[11.56273,43.79016],[11.56253,43.79013]],[[11.56253,43.79013],[11.56204,43.79004],[11.56157,43.79004],[11.56111,43.79012],[11.56088,43.79021]],[[11.56253,43.79013],[11.56204,43.79004],[11.56157,43.79004],[11.56111,43.79012],[11.56088,43.79021]],[[11.56253,43.79013],[11.56204,43.79004],[11.56157,43.79004],[11.56111,43.79012],[11.56088,43.79021]],[[11.56253,43.79013],[11.56204,43.79004],[11.56157,43.79004],[11.56111,43.79012],[11.56088,43.79021]],[[11.56088,43.79021],[11.56047,43.79037],[11.5591,43.79066],[11.55875,43.79083],[11.55846,43.79105],[11.55798,43.79165],[11.55788,43.79171],[11.55763,43.79175],[11.55719,43.7917],[11.557,43.79182],[11.55672,43.79216],[11.55656,43.79219],[11.55624,43.79215],[11.55563,43.79172],[11.55535,43.79164],[11.55516,43.79167],[11.5549,43.79182],[11.55458,43.79215],[11.55344,43.79281],[11.55305,43.7931],[11.55283,43.79312],[11.55129,43.79297]],[[11.56088,43.79021],[11.56047,43.79037],[11.5591,43.79066],[11.55875,43.79083],[11.55846,43.79105],[11.55798,43.79165],[11.55788,43.79171],[11.55763,43.79175],[11.55719,43.7917],[11.557,43.79182],[11.55672,43.79216],[11.55656,43.79219],[11.55624,43.79215],[11.55563,43.79172],[11.55535,43.79164],[11.55516,43.79167],[11.5549,43.79182],[11.55458,43.79215],[11.55344,43.79281],[11.55305,43.7931],[11.55283,43.79312],[11.55129,43.79297]],[[11.56088,43.79021],[11.56047,43.79037],[11.5591,43.79066],[11.55875,43.79083],[11.55846,43.79105],[11.55798,43.79165],[11.55788,43.79171],[11.55763,43.79175],[11.55719,43.7917],[11.557,43.79182],[11.55672,43.79216],[11.55656,43.79219],[11.55624,43.79215],[11.55563,43.79172],[11.55535,43.79164],[11.55516,43.79167],[11.5549,43.79182],[11.55458,43.79215],[11.55344,43.79281],[11.55305,43.7931],[11.55283,43.79312],[11.55129,43.79297]],[[11.56088,43.79021],[11.56047,43.79037],[11.5591,43.79066],[11.55875,43.79083],[11.55846,43.79105],[11.55798,43.79165],[11.55788,43.79171],[11.55763,43.79175],[11.55719,43.7917],[11.557,43.79182],[11.55672,43.79216],[11.55656,43.79219],[11.55624,43.79215],[11.55563,43.79172],[11.55535,43.79164],[11.55516,43.79167],[11.5549,43.79182],[11.55458,43.79215],[11.55344,43.79281],[11.55305,43.7931],[11.55283,43.79312],[11.55129,43.79297]],[[11.55129,43.79297],[11.55095,43.79293]],[[11.55095,43.79293],[11.5505,43.79289]],[[11.5505,43.79289],[11.54938,43.79301],[11.5485,43.793],[11.54786,43.79309],[11.54765,43.79321],[11.5475,43.79341],[11.54741,43.79441],[11.54727,43.79463],[11.54675,43.79472],[11.54589,43.79474],[11.5448,43.79504],[11.54383,43.7952]],[[11.5857,43.77962],[11.58557,43.7797],[11.58533,43.78008],[11.58438,43.78078],[11.58374,43.78087],[11.58359,43.78097],[11.5835,43.78124],[11.58313,43.7813]],[[11.5857,43.77962],[11.58557,43.7797],[11.58533,43.78008],[11.58438,43.78078],[11.58374,43.78087],[11.58359,43.78097],[11.5835,43.78124],[11.58313,43.7813]],[[11.5857,43.77962],[11.58557,43.7797],[11.58533,43.78008],[11.58438,43.78078],[11.58374,43.78087],[11.58359,43.78097],[11.5835,43.78124],[11.58313,43.7813]],[[11.5857,43.77962],[11.58557,43.7797],[11.58533,43.78008],[11.58438,43.78078],[11.58374,43.78087],[11.58359,43.78097],[11.5835,43.78124],[11.58313,43.7813]],[[11.58666,43.77931],[11.58655,43.77932],[11.58618,43.77957],[11.5857,43.77962]],[[11.58666,43.77931],[11.58655,43.77932],[11.58618,43.77957],[11.5857,43.77962]],[[11.58666,43.77931],[11.58655,43.77932],[11.58618,43.77957],[11.5857,43.77962]],[[11.58666,43.77931],[11.58655,43.77932],[11.58618,43.77957],[11.5857,43.77962]],[[11.51324,43.79219],[11.51334,43.79236],[11.51355,43.79248],[11.51385,43.79247],[11.5141,43.7924],[11.51423,43.79229],[11.51451,43.79175],[11.51521,43.79115],[11.51543,43.7911],[11.51562,43.79118],[11.51648,43.79183],[11.51721,43.79258],[11.51808,43.79319],[11.51868,43.79352],[11.51897,43.79347],[11.5193,43.79326],[11.5199,43.79274],[11.52026,43.79261],[11.52203,43.79269],[11.52245,43.79276]],[[11.51324,43.79219],[11.51334,43.79236],[11.51355,43.79248],[11.51385,43.79247],[11.5141,43.7924],[11.51423,43.79229],[11.51451,43.79175],[11.51521,43.79115],[11.51543,43.7911],[11.51562,43.79118],[11.51648,43.79183],[11.51721,43.79258],[11.51808,43.79319],[11.51868,43.79352],[11.51897,43.79347],[11.5193,43.79326],[11.5199,43.79274],[11.52026,43.79261],[11.52203,43.79269],[11.52245,43.79276]],[[11.51324,43.79219],[11.51334,43.79236],[11.51355,43.79248],[11.51385,43.79247],[11.5141,43.7924],[11.51423,43.79229],[11.51451,43.79175],[11.51521,43.79115],[11.51543,43.7911],[11.51562,43.79118],[11.51648,43.79183],[11.51721,43.79258],[11.51808,43.79319],[11.51868,43.79352],[11.51897,43.79347],[11.5193,43.79326],[11.5199,43.79274],[11.52026,43.79261],[11.52203,43.79269],[11.52245,43.79276]],[[11.51324,43.79219],[11.51334,43.79236],[11.51355,43.79248],[11.51385,43.79247],[11.5141,43.7924],[11.51423,43.79229],[11.51451,43.79175],[11.51521,43.79115],[11.51543,43.7911],[11.51562,43.79118],[11.51648,43.79183],[11.51721,43.79258],[11.51808,43.79319],[11.51868,43.79352],[11.51897,43.79347],[11.5193,43.79326],[11.5199,43.79274],[11.52026,43.79261],[11.52203,43.79269],[11.52245,43.79276]],[[11.50717,43.78514],[11.50562,43.7849]],[[11.50562,43.7849],[11.505,43.7848]],[[11.59673,43.78114],[11.59641,43.78093]],[[11.53827,43.79443],[11.53795,43.79446],[11.53778,43.79442],[11.53697,43.79387],[11.53554,43.79336],[11.53509,43.79323],[11.53398,43.79301]],[[11.51177,43.78779],[11.51086,43.78706]],[[11.48631,43.78122],[11.48584,43.78115],[11.48538,43.78093],[11.48405,43.78049],[11.48305,43.78039],[11.48269,43.78019]],[[11.49789,43.78388],[11.49772,43.78377],[11.49749,43.78373],[11.49657,43.78401],[11.49623,43.78403],[11.49568,43.78397],[11.4948,43.78373],[11.4943,43.78368],[11.49404,43.7836],[11.49303,43.78279],[11.49194,43.78277],[11.49083,43.78256],[11.49032,43.78235]],[[11.46174,43.7711],[11.46142,43.77161],[11.46108,43.77242],[11.46086,43.77257],[11.46,43.77282]],[[11.51086,43.78706],[11.50948,43.78595],[11.50921,43.78578]],[[11.50921,43.78578],[11.50829,43.78542],[11.50747,43.78519]],[[11.4562,43.77222],[11.4561,43.77236],[11.45611,43.77244]],[[11.45584,43.77231],[11.45611,43.77244]],[[11.45611,43.77244],[11.45635,43.77254]],[[11.45635,43.77254],[11.45604,43.77253]],[[11.45604,43.77253],[11.45589,43.77247],[11.45584,43.77231]],[[11.45604,43.77253],[11.45553,43.77257],[11.45502,43.77275]],[[11.57279,43.78718],[11.57307,43.78707],[11.57382,43.78656],[11.57458,43.78622],[11.57517,43.78569],[11.57582,43.78546],[11.57655,43.7854],[11.57821,43.78497],[11.57841,43.78476],[11.57856,43.78433],[11.57871,43.78415],[11.57889,43.78401],[11.57938,43.78385],[11.5795,43.78376],[11.57995,43.78307],[11.58021,43.78292],[11.58074,43.78276],[11.58158,43.78224],[11.58201,43.78145],[11.58231,43.78135],[11.58313,43.7813]],[[11.57279,43.78718],[11.57307,43.78707],[11.57382,43.78656],[11.57458,43.78622],[11.57517,43.78569],[11.57582,43.78546],[11.57655,43.7854],[11.57821,43.78497],[11.57841,43.78476],[11.57856,43.78433],[11.57871,43.78415],[11.57889,43.78401],[11.57938,43.78385],[11.5795,43.78376],[11.57995,43.78307],[11.58021,43.78292],[11.58074,43.78276],[11.58158,43.78224],[11.58201,43.78145],[11.58231,43.78135],[11.58313,43.7813]],[[11.57279,43.78718],[11.57307,43.78707],[11.57382,43.78656],[11.57458,43.78622],[11.57517,43.78569],[11.57582,43.78546],[11.57655,43.7854],[11.57821,43.78497],[11.57841,43.78476],[11.57856,43.78433],[11.57871,43.78415],[11.57889,43.78401],[11.57938,43.78385],[11.5795,43.78376],[11.57995,43.78307],[11.58021,43.78292],[11.58074,43.78276],[11.58158,43.78224],[11.58201,43.78145],[11.58231,43.78135],[11.58313,43.7813]],[[11.57279,43.78718],[11.57307,43.78707],[11.57382,43.78656],[11.57458,43.78622],[11.57517,43.78569],[11.57582,43.78546],[11.57655,43.7854],[11.57821,43.78497],[11.57841,43.78476],[11.57856,43.78433],[11.57871,43.78415],[11.57889,43.78401],[11.57938,43.78385],[11.5795,43.78376],[11.57995,43.78307],[11.58021,43.78292],[11.58074,43.78276],[11.58158,43.78224],[11.58201,43.78145],[11.58231,43.78135],[11.58313,43.7813]],[[11.46565,43.7704],[11.46466,43.77066]],[[11.46755,43.77029],[11.46597,43.77035]],[[11.46597,43.77035],[11.46597,43.77041],[11.46587,43.77048],[11.46578,43.77049],[11.46565,43.7704]],[[11.53938,43.79519],[11.53878,43.79449],[11.53861,43.79442],[11.53827,43.79443]],[[11.46,43.77282],[11.45975,43.77291],[11.45905,43.77289],[11.45824,43.77305],[11.45732,43.77269],[11.45691,43.77259],[11.45635,43.77254]],[[11.49032,43.78235],[11.48949,43.78139],[11.48875,43.78101],[11.48856,43.78095],[11.48827,43.78093],[11.48749,43.78109],[11.48631,43.78122]],[[11.46839,43.77036],[11.46983,43.77044],[11.47027,43.77044],[11.47045,43.77039],[11.47061,43.77029],[11.47068,43.77015],[11.47067,43.76958],[11.47075,43.76944],[11.47085,43.7694]],[[11.5303,43.79261],[11.53005,43.7923],[11.5296,43.79205],[11.52887,43.79202],[11.52781,43.79163],[11.52702,43.79185],[11.52644,43.7918],[11.52546,43.7921],[11.52525,43.79209],[11.5248,43.79195],[11.52458,43.79195],[11.52443,43.79202],[11.5243,43.79219]],[[11.48115,43.77919],[11.4808,43.77865],[11.48035,43.77835],[11.47929,43.77776],[11.47898,43.77655],[11.47885,43.77647],[11.47835,43.77634]],[[11.51177,43.78779],[11.51304,43.78873],[11.51322,43.78892],[11.5133,43.7892],[11.51329,43.7897],[11.51291,43.79109],[11.51324,43.79219]],[[11.51177,43.78779],[11.51304,43.78873],[11.51322,43.78892],[11.5133,43.7892],[11.51329,43.7897],[11.51291,43.79109],[11.51324,43.79219]],[[11.51177,43.78779],[11.51304,43.78873],[11.51322,43.78892],[11.5133,43.7892],[11.51329,43.7897],[11.51291,43.79109],[11.51324,43.79219]],[[11.51177,43.78779],[11.51304,43.78873],[11.51322,43.78892],[11.5133,43.7892],[11.51329,43.7897],[11.51291,43.79109],[11.51324,43.79219]],[[11.59641,43.78093],[11.59605,43.78058]],[[11.59605,43.78058],[11.59536,43.77995],[11.595,43.77975],[11.59389,43.7796],[11.59351,43.77963]],[[11.57279,43.78718],[11.57143,43.78737],[11.57071,43.78761],[11.57017,43.78796],[11.56991,43.78805],[11.56898,43.78819],[11.56781,43.78826],[11.56714,43.78872],[11.56617,43.78912],[11.56547,43.7897],[11.56519,43.78986],[11.56364,43.79018],[11.56273,43.79016]],[[11.57279,43.78718],[11.57143,43.78737],[11.57071,43.78761],[11.57017,43.78796],[11.56991,43.78805],[11.56898,43.78819],[11.56781,43.78826],[11.56714,43.78872],[11.56617,43.78912],[11.56547,43.7897],[11.56519,43.78986],[11.56364,43.79018],[11.56273,43.79016]],[[11.57279,43.78718],[11.57143,43.78737],[11.57071,43.78761],[11.57017,43.78796],[11.56991,43.78805],[11.56898,43.78819],[11.56781,43.78826],[11.56714,43.78872],[11.56617,43.78912],[11.56547,43.7897],[11.56519,43.78986],[11.56364,43.79018],[11.56273,43.79016]],[[11.57279,43.78718],[11.57143,43.78737],[11.57071,43.78761],[11.57017,43.78796],[11.56991,43.78805],[11.56898,43.78819],[11.56781,43.78826],[11.56714,43.78872],[11.56617,43.78912],[11.56547,43.7897],[11.56519,43.78986],[11.56364,43.79018],[11.56273,43.79016]],[[11.46565,43.7704],[11.46565,43.77035],[11.46578,43.77026]],[[11.46578,43.77026],[11.46593,43.77029],[11.46597,43.77035]]]}},{"type":"Feature","properties":{"s":"SS 306","t":"statale","n":"S.S. 306"},"geometry":{"type":"MultiLineString","coordinates":[[[11.59581,44.18499],[11.59443,44.18283],[11.59368,44.18154],[11.59356,44.18075],[11.59364,44.1799],[11.59359,44.17892],[11.59363,44.1788],[11.59399,44.1785],[11.59409,44.17836],[11.59403,44.17812],[11.59388,44.17797],[11.5934,44.17767],[11.59261,44.17701],[11.59244,44.1767],[11.59234,44.1763],[11.5918,44.17563],[11.59175,44.17427],[11.59116,44.1732],[11.59104,44.17302],[11.59085,44.17287],[11.59056,44.17274],[11.59023,44.17264],[11.58967,44.17259],[11.58884,44.17202],[11.58743,44.17126],[11.58722,44.17092],[11.58699,44.17027],[11.58694,44.1699],[11.58698,44.16947],[11.58708,44.16921],[11.58736,44.16885],[11.58864,44.16677],[11.58887,44.16632],[11.58912,44.16475],[11.58909,44.16437],[11.58813,44.1614]]]}},{"type":"Feature","properties":{"s":"SS 65","t":"statale","n":"S.S. DELLA FUTA (N.65)"},"geometry":{"type":"MultiLineString","coordinates":[[[11.29674,43.96484],[11.29624,43.96485]],[[11.2993,43.96496],[11.29674,43.96484]],[[11.2993,43.96496],[11.29674,43.96484]],[[11.2993,43.96496],[11.29674,43.96484]],[[11.2993,43.96496],[11.29674,43.96484]],[[11.29624,43.96485],[11.29531,43.9657]],[[11.29531,43.9657],[11.29472,43.96638]],[[11.29472,43.96638],[11.29277,43.96857]],[[11.29277,43.96857],[11.29217,43.96924]],[[11.29217,43.96924],[11.29159,43.96991]],[[11.29159,43.96991],[11.28908,43.97274]],[[11.28908,43.97274],[11.28881,43.97287]],[[11.28859,43.97293],[11.28881,43.97287]],[[11.28881,43.97287],[11.2891,43.97295]],[[11.28908,43.97274],[11.2891,43.97295]],[[11.28859,43.97293],[11.28845,43.97307]],[[11.2891,43.97295],[11.2892,43.97309],[11.28919,43.97326]],[[11.28852,43.97331],[11.28845,43.97307]],[[11.28852,43.97331],[11.28878,43.97342]],[[11.28919,43.97326],[11.28903,43.97338],[11.28878,43.97342]],[[11.28854,43.97354],[11.28852,43.97331]],[[11.28878,43.97342],[11.28854,43.97354]],[[11.28847,43.97847],[11.28847,43.97882]],[[11.28847,43.97882],[11.28835,43.97981]],[[11.28835,43.97981],[11.28805,43.98045]],[[11.28805,43.98045],[11.28757,43.98104]],[[11.27392,43.98478],[11.27339,43.98512]],[[11.27339,43.98512],[11.27357,43.98517],[11.27367,43.98529]],[[11.27367,43.98529],[11.27392,43.98478]],[[11.27279,43.98567],[11.27286,43.98548],[11.27306,43.98527],[11.27339,43.98512]],[[11.27367,43.98529],[11.27352,43.9858]],[[11.27315,43.98591],[11.27293,43.98585],[11.27279,43.98567]],[[11.27352,43.9858],[11.27315,43.98591]],[[11.27315,43.98591],[11.27327,43.98594],[11.27347,43.9861]],[[11.27352,43.9858],[11.27347,43.9861]],[[11.27347,43.9861],[11.27344,43.98635]],[[11.27318,43.98812],[11.27302,43.98847],[11.27252,43.98926],[11.27117,43.99076],[11.27068,43.99128],[11.27045,43.99145]],[[11.26917,43.99173],[11.26907,43.99198],[11.26923,43.9923]],[[11.26923,43.9923],[11.2693,43.99252],[11.26929,43.99262],[11.26903,43.99307]],[[11.26939,44.00011],[11.26973,44.00178],[11.26969,44.00197],[11.2693,44.00233],[11.2692,44.00257],[11.26919,44.00273],[11.26963,44.00386]],[[11.26915,44.01586],[11.27,44.01557],[11.27026,44.01543],[11.27044,44.01526],[11.27058,44.01499],[11.27069,44.01459],[11.2702,44.01351],[11.27013,44.01332],[11.27014,44.01314]],[[11.26915,44.01586],[11.26904,44.01597],[11.26893,44.01618],[11.26884,44.01653],[11.26889,44.01683],[11.26966,44.01773],[11.26973,44.01789],[11.26972,44.01806],[11.26954,44.01838],[11.26924,44.01877],[11.26906,44.01914],[11.26894,44.01958],[11.26873,44.01993],[11.26809,44.02056],[11.26791,44.02154],[11.26745,44.02234],[11.26734,44.02335],[11.26719,44.02361],[11.26634,44.0242],[11.26601,44.02459],[11.26593,44.02508],[11.26538,44.02549],[11.26475,44.02608],[11.26446,44.02624],[11.26375,44.02649]],[[11.26375,44.02649],[11.26374,44.02671],[11.26388,44.02706],[11.26394,44.02749],[11.26383,44.02766],[11.26363,44.0278],[11.26286,44.02803],[11.26268,44.02819],[11.26259,44.0284],[11.26232,44.02863],[11.26194,44.0288],[11.26121,44.02904],[11.26093,44.02931],[11.26072,44.0299],[11.26074,44.03013],[11.26106,44.03108]],[[11.26106,44.03108],[11.26168,44.03303]],[[11.26168,44.03303],[11.26181,44.03348]],[[11.26181,44.03348],[11.26223,44.03485]],[[11.26278,44.0363],[11.26274,44.03605],[11.26223,44.03485]],[[11.26278,44.0363],[11.26258,44.03681]],[[11.25944,44.04747],[11.25992,44.04793],[11.26048,44.04832],[11.26097,44.04883]],[[11.26097,44.04883],[11.26108,44.04904]],[[11.26122,44.0506],[11.26118,44.05071]],[[11.26059,44.05264],[11.26064,44.0528]],[[11.2684,44.06775],[11.26828,44.06764],[11.26801,44.067],[11.2675,44.06656],[11.2674,44.06641],[11.26722,44.06565],[11.26694,44.06504]],[[11.2714,44.07282],[11.27031,44.0728]],[[11.27322,44.07413],[11.27372,44.07395],[11.27407,44.07395],[11.27495,44.07452],[11.27529,44.07504],[11.27617,44.07542],[11.27681,44.07585],[11.27699,44.0759],[11.27758,44.07579],[11.27846,44.07592],[11.2799,44.07582],[11.28019,44.07583],[11.28043,44.07591],[11.28057,44.07603],[11.28069,44.07625],[11.28076,44.07654],[11.28087,44.07677],[11.2812,44.07708],[11.28142,44.07742],[11.28192,44.07849]],[[11.27322,44.07413],[11.27372,44.07395],[11.27407,44.07395],[11.27495,44.07452],[11.27529,44.07504],[11.27617,44.07542],[11.27681,44.07585],[11.27699,44.0759],[11.27758,44.07579],[11.27846,44.07592],[11.2799,44.07582],[11.28019,44.07583],[11.28043,44.07591],[11.28057,44.07603],[11.28069,44.07625],[11.28076,44.07654],[11.28087,44.07677],[11.2812,44.07708],[11.28142,44.07742],[11.28192,44.07849]],[[11.27322,44.07413],[11.27372,44.07395],[11.27407,44.07395],[11.27495,44.07452],[11.27529,44.07504],[11.27617,44.07542],[11.27681,44.07585],[11.27699,44.0759],[11.27758,44.07579],[11.27846,44.07592],[11.2799,44.07582],[11.28019,44.07583],[11.28043,44.07591],[11.28057,44.07603],[11.28069,44.07625],[11.28076,44.07654],[11.28087,44.07677],[11.2812,44.07708],[11.28142,44.07742],[11.28192,44.07849]],[[11.27322,44.07413],[11.27372,44.07395],[11.27407,44.07395],[11.27495,44.07452],[11.27529,44.07504],[11.27617,44.07542],[11.27681,44.07585],[11.27699,44.0759],[11.27758,44.07579],[11.27846,44.07592],[11.2799,44.07582],[11.28019,44.07583],[11.28043,44.07591],[11.28057,44.07603],[11.28069,44.07625],[11.28076,44.07654],[11.28087,44.07677],[11.2812,44.07708],[11.28142,44.07742],[11.28192,44.07849]],[[11.28854,43.97354],[11.28815,43.97464],[11.28807,43.97535],[11.28808,43.97598],[11.28843,43.97797],[11.28847,43.97847]],[[11.26963,44.00386],[11.27041,44.00497],[11.27044,44.00517],[11.27035,44.00575],[11.27149,44.00768],[11.27166,44.0083],[11.27146,44.009],[11.27123,44.00944],[11.27117,44.00965],[11.27117,44.00995],[11.27132,44.01073],[11.27128,44.01102],[11.27117,44.01122],[11.27096,44.01138],[11.27052,44.01224],[11.27014,44.01314]],[[11.26838,43.99548],[11.26829,43.99595],[11.26832,43.99608],[11.26879,43.99654],[11.26887,43.99668],[11.26895,43.99687],[11.26893,43.99737]],[[11.26903,43.99307],[11.26889,43.99379],[11.26891,43.99451],[11.26884,43.99496],[11.26876,43.99509],[11.26849,43.9953],[11.26838,43.99548]],[[11.26917,43.99173],[11.26936,43.99162],[11.27,43.99159],[11.27045,43.99145]],[[11.27344,43.98635],[11.27328,43.98769],[11.27318,43.98812]],[[11.28757,43.98104],[11.28704,43.9815],[11.28652,43.98186],[11.28538,43.98235],[11.28435,43.98257],[11.28356,43.98268],[11.28067,43.98276],[11.2801,43.98282],[11.27519,43.98391],[11.27478,43.98409],[11.27435,43.98436],[11.27392,43.98478]],[[11.26893,43.99737],[11.26891,43.99808],[11.26939,44.00011]],[[11.25894,44.04329],[11.25879,44.04419],[11.25838,44.04551]],[[11.25906,44.04253],[11.25894,44.04329]],[[11.26038,44.04119],[11.26023,44.04158],[11.25999,44.04184],[11.25906,44.04253]],[[11.27011,44.07093],[11.26989,44.07065],[11.26983,44.07049],[11.27003,44.0698],[11.27015,44.0691],[11.27014,44.06862],[11.26978,44.06818],[11.26952,44.06805],[11.2684,44.06775]],[[11.27027,44.07111],[11.27011,44.07093]],[[11.28192,44.07849],[11.28205,44.07886],[11.28192,44.08056],[11.28178,44.08099],[11.2816,44.08132],[11.28092,44.08192],[11.28089,44.08207],[11.28099,44.08228],[11.28119,44.08241],[11.2824,44.08248],[11.28319,44.08281],[11.28334,44.08289],[11.28338,44.08297],[11.2833,44.08303],[11.28313,44.08302],[11.28245,44.08283],[11.28181,44.08278],[11.28171,44.08283],[11.28154,44.08308],[11.2811,44.08321],[11.28104,44.08331],[11.28146,44.0841],[11.28177,44.08428],[11.2818,44.08437],[11.28175,44.08448],[11.28126,44.08456],[11.28108,44.08498],[11.28115,44.08506],[11.28137,44.08513],[11.28146,44.08522],[11.28168,44.08587],[11.28206,44.08603],[11.28205,44.08618],[11.28191,44.08627],[11.2816,44.0863],[11.28153,44.08636],[11.28154,44.08646],[11.28181,44.08669],[11.28182,44.0868],[11.28168,44.08691],[11.28154,44.08695],[11.28113,44.08693]],[[11.28192,44.07849],[11.28205,44.07886],[11.28192,44.08056],[11.28178,44.08099],[11.2816,44.08132],[11.28092,44.08192],[11.28089,44.08207],[11.28099,44.08228],[11.28119,44.08241],[11.2824,44.08248],[11.28319,44.08281],[11.28334,44.08289],[11.28338,44.08297],[11.2833,44.08303],[11.28313,44.08302],[11.28245,44.08283],[11.28181,44.08278],[11.28171,44.08283],[11.28154,44.08308],[11.2811,44.08321],[11.28104,44.08331],[11.28146,44.0841],[11.28177,44.08428],[11.2818,44.08437],[11.28175,44.08448],[11.28126,44.08456],[11.28108,44.08498],[11.28115,44.08506],[11.28137,44.08513],[11.28146,44.08522],[11.28168,44.08587],[11.28206,44.08603],[11.28205,44.08618],[11.28191,44.08627],[11.2816,44.0863],[11.28153,44.08636],[11.28154,44.08646],[11.28181,44.08669],[11.28182,44.0868],[11.28168,44.08691],[11.28154,44.08695],[11.28113,44.08693]],[[11.28192,44.07849],[11.28205,44.07886],[11.28192,44.08056],[11.28178,44.08099],[11.2816,44.08132],[11.28092,44.08192],[11.28089,44.08207],[11.28099,44.08228],[11.28119,44.08241],[11.2824,44.08248],[11.28319,44.08281],[11.28334,44.08289],[11.28338,44.08297],[11.2833,44.08303],[11.28313,44.08302],[11.28245,44.08283],[11.28181,44.08278],[11.28171,44.08283],[11.28154,44.08308],[11.2811,44.08321],[11.28104,44.08331],[11.28146,44.0841],[11.28177,44.08428],[11.2818,44.08437],[11.28175,44.08448],[11.28126,44.08456],[11.28108,44.08498],[11.28115,44.08506],[11.28137,44.08513],[11.28146,44.08522],[11.28168,44.08587],[11.28206,44.08603],[11.28205,44.08618],[11.28191,44.08627],[11.2816,44.0863],[11.28153,44.08636],[11.28154,44.08646],[11.28181,44.08669],[11.28182,44.0868],[11.28168,44.08691],[11.28154,44.08695],[11.28113,44.08693]],[[11.28192,44.07849],[11.28205,44.07886],[11.28192,44.08056],[11.28178,44.08099],[11.2816,44.08132],[11.28092,44.08192],[11.28089,44.08207],[11.28099,44.08228],[11.28119,44.08241],[11.2824,44.08248],[11.28319,44.08281],[11.28334,44.08289],[11.28338,44.08297],[11.2833,44.08303],[11.28313,44.08302],[11.28245,44.08283],[11.28181,44.08278],[11.28171,44.08283],[11.28154,44.08308],[11.2811,44.08321],[11.28104,44.08331],[11.28146,44.0841],[11.28177,44.08428],[11.2818,44.08437],[11.28175,44.08448],[11.28126,44.08456],[11.28108,44.08498],[11.28115,44.08506],[11.28137,44.08513],[11.28146,44.08522],[11.28168,44.08587],[11.28206,44.08603],[11.28205,44.08618],[11.28191,44.08627],[11.2816,44.0863],[11.28153,44.08636],[11.28154,44.08646],[11.28181,44.08669],[11.28182,44.0868],[11.28168,44.08691],[11.28154,44.08695],[11.28113,44.08693]],[[11.26118,44.05071],[11.26066,44.05215],[11.26059,44.05264]],[[11.26108,44.04904],[11.26131,44.04984],[11.26122,44.0506]],[[11.27031,44.0728],[11.27013,44.07283],[11.27002,44.07294],[11.27001,44.0731]],[[11.26176,44.05444],[11.26243,44.05617],[11.26276,44.0565],[11.2628,44.05665],[11.26272,44.05682],[11.26249,44.05711],[11.26242,44.05727],[11.26243,44.05746],[11.26256,44.05774],[11.26299,44.05829],[11.26306,44.0585],[11.26299,44.05943],[11.26299,44.06077]],[[11.27001,44.0731],[11.2701,44.07331],[11.27024,44.07348],[11.27073,44.07385],[11.27096,44.07393],[11.27137,44.07404],[11.27222,44.07413],[11.27284,44.07417],[11.27322,44.07413]],[[11.27001,44.0731],[11.2701,44.07331],[11.27024,44.07348],[11.27073,44.07385],[11.27096,44.07393],[11.27137,44.07404],[11.27222,44.07413],[11.27284,44.07417],[11.27322,44.07413]],[[11.27001,44.0731],[11.2701,44.07331],[11.27024,44.07348],[11.27073,44.07385],[11.27096,44.07393],[11.27137,44.07404],[11.27222,44.07413],[11.27284,44.07417],[11.27322,44.07413]],[[11.27001,44.0731],[11.2701,44.07331],[11.27024,44.07348],[11.27073,44.07385],[11.27096,44.07393],[11.27137,44.07404],[11.27222,44.07413],[11.27284,44.07417],[11.27322,44.07413]],[[11.30033,43.9643],[11.29956,43.96487],[11.2993,43.96496]],[[11.30033,43.9643],[11.29956,43.96487],[11.2993,43.96496]],[[11.30033,43.9643],[11.29956,43.96487],[11.2993,43.96496]],[[11.30033,43.9643],[11.29956,43.96487],[11.2993,43.96496]],[[11.26258,44.03681],[11.26076,44.04001],[11.26038,44.04119]],[[11.25838,44.04551],[11.25818,44.0459],[11.25813,44.04614],[11.25819,44.04631],[11.25901,44.04698],[11.25944,44.04747]],[[11.26064,44.0528],[11.26145,44.05371],[11.26176,44.05444]],[[11.27027,44.07111],[11.27036,44.07129],[11.27118,44.07185],[11.27172,44.07246],[11.27173,44.07257],[11.27168,44.0727],[11.2714,44.07282]],[[11.28113,44.08693],[11.28088,44.08693]],[[11.28113,44.08693],[11.28088,44.08693]],[[11.28113,44.08693],[11.28088,44.08693]],[[11.28113,44.08693],[11.28088,44.08693]],[[11.26694,44.06504],[11.26693,44.06448],[11.26688,44.06435],[11.26665,44.06415],[11.26572,44.06358],[11.26458,44.06311],[11.26404,44.06246],[11.26344,44.06156]],[[11.26344,44.06156],[11.2631,44.06105],[11.26299,44.06077]],[[11.28034,44.10419],[11.28123,44.10492],[11.28325,44.10623]],[[11.32785,44.16113],[11.32743,44.16101],[11.3259,44.1604],[11.32409,44.15988]],[[11.32451,44.15275],[11.32578,44.1512],[11.32588,44.15074],[11.32588,44.14975],[11.32593,44.14959],[11.32646,44.14905],[11.32741,44.14831],[11.32751,44.14812],[11.32749,44.14799]],[[11.33239,44.164],[11.33214,44.16387]],[[11.28875,44.1183],[11.28841,44.11792],[11.28813,44.11772],[11.2879,44.11764],[11.28694,44.11748],[11.2867,44.1173],[11.28666,44.11715],[11.28679,44.11694],[11.28824,44.11638],[11.28836,44.11621],[11.28836,44.11601],[11.28827,44.11583],[11.2881,44.11568],[11.28697,44.11529],[11.28657,44.11498],[11.28647,44.11482],[11.28622,44.11403],[11.28514,44.11241],[11.285,44.11152],[11.28462,44.11095]],[[11.33373,44.19414],[11.33391,44.19383],[11.33425,44.19356],[11.33441,44.19336]],[[11.33441,44.19336],[11.33436,44.19329],[11.33377,44.19296],[11.33358,44.19276],[11.33362,44.1925],[11.33372,44.19223]],[[11.33026,44.16286],[11.33009,44.16282],[11.32976,44.16259],[11.32961,44.16189],[11.32948,44.16163],[11.32933,44.16147],[11.32899,44.16133],[11.32785,44.16113]],[[11.33126,44.16292],[11.33107,44.16283],[11.33026,44.16286]],[[11.33214,44.16387],[11.33186,44.16365],[11.33126,44.16292]],[[11.33613,44.1655],[11.33514,44.16537]],[[11.33514,44.16537],[11.33489,44.16527],[11.3343,44.16487]],[[11.30832,44.13666],[11.3077,44.13634],[11.30701,44.13613],[11.3065,44.13585]],[[11.3065,44.13585],[11.30629,44.1356]],[[11.30629,44.1356],[11.3061,44.13485]],[[11.3061,44.13485],[11.30601,44.13452],[11.30586,44.13428]],[[11.30586,44.13428],[11.30544,44.1339],[11.3049,44.13382]],[[11.3049,44.13382],[11.30476,44.13374],[11.30468,44.13359],[11.30489,44.13329],[11.30499,44.13302],[11.30506,44.13238],[11.30493,44.13211],[11.30443,44.13148]],[[11.30949,44.13787],[11.30921,44.13779]],[[11.31772,44.13884],[11.31631,44.13848],[11.31569,44.13841],[11.31431,44.13835],[11.31283,44.13846],[11.31234,44.13822],[11.31212,44.13817],[11.31134,44.13832],[11.31109,44.13832]],[[11.31109,44.13832],[11.31007,44.13799],[11.30949,44.13787]],[[11.28355,44.10846],[11.28373,44.10813],[11.28377,44.10795],[11.28381,44.10695],[11.28373,44.10668],[11.28362,44.10651],[11.28325,44.10623]],[[11.28462,44.11095],[11.28429,44.11053]],[[11.28429,44.11053],[11.28404,44.11022]],[[11.28404,44.11022],[11.28363,44.10963]],[[11.28363,44.10963],[11.28353,44.10927]],[[11.28353,44.10927],[11.28347,44.10881],[11.28355,44.10846]],[[11.30025,44.12268],[11.29885,44.1221],[11.29836,44.12198],[11.29636,44.12203],[11.29614,44.12198],[11.29588,44.12183],[11.29573,44.12158],[11.29556,44.12143],[11.29477,44.12098],[11.294,44.12069],[11.29344,44.12028]],[[11.33373,44.19414],[11.33362,44.19467],[11.33372,44.19548],[11.33341,44.19636],[11.33337,44.19662],[11.33338,44.19707],[11.33318,44.19751],[11.33314,44.1977]],[[11.3343,44.16487],[11.33384,44.16462],[11.33303,44.16443],[11.33239,44.164]],[[11.27641,44.09429],[11.27551,44.09482],[11.27535,44.09513],[11.27532,44.09531],[11.27536,44.09594],[11.27496,44.09716],[11.27498,44.09742],[11.27529,44.09849],[11.27506,44.09897],[11.27505,44.09995],[11.2751,44.10011],[11.27529,44.10032],[11.27583,44.1007],[11.27603,44.10094],[11.27607,44.10113],[11.27596,44.10149],[11.27596,44.10166],[11.27612,44.10188],[11.27641,44.10203],[11.27696,44.10221],[11.27796,44.10232],[11.27815,44.10246],[11.27894,44.10326],[11.27981,44.10378],[11.28034,44.10419]],[[11.33362,44.18701],[11.33366,44.18668],[11.33378,44.18645],[11.33427,44.18618],[11.33441,44.18601],[11.33435,44.18521],[11.33494,44.18442],[11.33527,44.18373],[11.33521,44.18274],[11.3354,44.18232],[11.33553,44.18168],[11.33543,44.1815],[11.33506,44.18115],[11.33495,44.1809],[11.33496,44.1801],[11.3351,44.17976],[11.33529,44.17943],[11.33548,44.17922],[11.33569,44.17917],[11.33632,44.17917],[11.33656,44.17908],[11.33674,44.17894],[11.33679,44.17884],[11.33677,44.17873],[11.33628,44.17832],[11.33616,44.17808],[11.3363,44.17776],[11.33657,44.17746],[11.33683,44.17728],[11.33702,44.17721],[11.33749,44.17729],[11.33788,44.17722],[11.33808,44.17709],[11.3382,44.17692],[11.33817,44.17672],[11.33771,44.17598],[11.33748,44.17575],[11.33687,44.17546],[11.33663,44.17515],[11.33659,44.17501],[11.33667,44.17474],[11.33735,44.17389],[11.33751,44.17376],[11.33804,44.17353],[11.33823,44.17339],[11.33838,44.1731],[11.33838,44.17283],[11.33829,44.17269]],[[11.32016,44.1387],[11.3192,44.13879],[11.31772,44.13884]],[[11.30921,44.13779],[11.30909,44.13769],[11.30832,44.13666]],[[11.29344,44.12028],[11.2925,44.11949],[11.29208,44.11929],[11.29158,44.11919],[11.29008,44.11919],[11.28971,44.11917],[11.2895,44.11911],[11.28934,44.11899],[11.28875,44.1183]],[[11.30443,44.13148],[11.30402,44.13027],[11.30367,44.12951],[11.30364,44.12914],[11.30354,44.12906],[11.30297,44.12887],[11.30271,44.12869],[11.30251,44.12848],[11.30219,44.12792]],[[11.33829,44.17269],[11.33734,44.17228],[11.33659,44.1722],[11.33626,44.17209],[11.33509,44.17158],[11.33412,44.171],[11.33303,44.17079],[11.3327,44.17068],[11.33256,44.17056],[11.33254,44.17032]],[[11.33254,44.17032],[11.33291,44.16926],[11.33282,44.16882],[11.33252,44.16794],[11.33251,44.16778],[11.3333,44.16724],[11.3335,44.16717],[11.33373,44.16719],[11.33448,44.16752],[11.33463,44.16753],[11.33476,44.16748],[11.33603,44.16602],[11.3362,44.16566],[11.33613,44.1655]],[[11.32409,44.15988],[11.32374,44.15961],[11.32336,44.15904],[11.32289,44.15863],[11.32271,44.15837],[11.32267,44.15814],[11.32275,44.1579],[11.32327,44.15739],[11.3234,44.15713],[11.32343,44.15694],[11.32318,44.15625],[11.3232,44.15607],[11.32329,44.15592],[11.3235,44.1557],[11.324,44.15543],[11.32454,44.15494],[11.32505,44.15467],[11.32517,44.1545],[11.32516,44.15422],[11.32505,44.15395],[11.32454,44.15333],[11.32447,44.15317],[11.32444,44.15291],[11.32451,44.15275]],[[11.32749,44.14799],[11.32719,44.14744],[11.32718,44.14672],[11.32665,44.14581],[11.3266,44.14546],[11.32664,44.14529],[11.32677,44.14505],[11.32701,44.14486],[11.32733,44.14472],[11.3275,44.14457],[11.32754,44.14447],[11.32752,44.14428],[11.32717,44.14352],[11.32721,44.14281],[11.32744,44.14231],[11.3285,44.14098],[11.32859,44.1408],[11.32856,44.14069],[11.32847,44.14061],[11.32824,44.14052],[11.32799,44.14048],[11.32771,44.14051],[11.3275,44.14062],[11.32701,44.14115],[11.32683,44.14125],[11.32661,44.1413],[11.32543,44.14103],[11.32421,44.14124],[11.32361,44.14122],[11.32185,44.14057],[11.32173,44.14043],[11.32166,44.14008],[11.32152,44.13981],[11.32083,44.13929],[11.32034,44.13876],[11.32016,44.1387]],[[11.33372,44.19223],[11.33399,44.19165],[11.33439,44.19119],[11.33463,44.19052]],[[11.33463,44.19052],[11.33481,44.18996],[11.33479,44.18976],[11.3346,44.18962],[11.33362,44.18923],[11.33334,44.18907],[11.33318,44.18883],[11.33285,44.18816],[11.33283,44.1879],[11.3329,44.18765],[11.33303,44.18751],[11.33351,44.18722],[11.3336,44.18713],[11.33362,44.18701]],[[11.27825,44.09345],[11.27839,44.09287],[11.27849,44.09273],[11.27868,44.09264],[11.27973,44.09236],[11.27995,44.09224],[11.28009,44.09207],[11.28062,44.09117],[11.28115,44.09065],[11.28116,44.09045],[11.28108,44.0901],[11.28144,44.08932],[11.28144,44.08899],[11.28136,44.08876],[11.28133,44.08821],[11.28127,44.08805],[11.28112,44.0879],[11.2807,44.08765],[11.28042,44.08736],[11.28049,44.08717],[11.28088,44.08693]],[[11.27825,44.09345],[11.27839,44.09287],[11.27849,44.09273],[11.27868,44.09264],[11.27973,44.09236],[11.27995,44.09224],[11.28009,44.09207],[11.28062,44.09117],[11.28115,44.09065],[11.28116,44.09045],[11.28108,44.0901],[11.28144,44.08932],[11.28144,44.08899],[11.28136,44.08876],[11.28133,44.08821],[11.28127,44.08805],[11.28112,44.0879],[11.2807,44.08765],[11.28042,44.08736],[11.28049,44.08717],[11.28088,44.08693]],[[11.27825,44.09345],[11.27839,44.09287],[11.27849,44.09273],[11.27868,44.09264],[11.27973,44.09236],[11.27995,44.09224],[11.28009,44.09207],[11.28062,44.09117],[11.28115,44.09065],[11.28116,44.09045],[11.28108,44.0901],[11.28144,44.08932],[11.28144,44.08899],[11.28136,44.08876],[11.28133,44.08821],[11.28127,44.08805],[11.28112,44.0879],[11.2807,44.08765],[11.28042,44.08736],[11.28049,44.08717],[11.28088,44.08693]],[[11.27825,44.09345],[11.27839,44.09287],[11.27849,44.09273],[11.27868,44.09264],[11.27973,44.09236],[11.27995,44.09224],[11.28009,44.09207],[11.28062,44.09117],[11.28115,44.09065],[11.28116,44.09045],[11.28108,44.0901],[11.28144,44.08932],[11.28144,44.08899],[11.28136,44.08876],[11.28133,44.08821],[11.28127,44.08805],[11.28112,44.0879],[11.2807,44.08765],[11.28042,44.08736],[11.28049,44.08717],[11.28088,44.08693]],[[11.30219,44.12792],[11.302,44.12765],[11.30108,44.1268],[11.30075,44.12633],[11.30069,44.12607],[11.3007,44.12562],[11.30055,44.12491],[11.30057,44.12464],[11.3008,44.12404],[11.30083,44.12376],[11.30068,44.12304],[11.30056,44.12287],[11.30025,44.12268]],[[11.27825,44.09345],[11.27822,44.09352],[11.27801,44.09365],[11.27697,44.09412],[11.27663,44.09414]],[[11.27663,44.09414],[11.27662,44.09423],[11.27641,44.09429]],[[11.27633,44.09403],[11.27646,44.094],[11.2766,44.09404],[11.27663,44.09414]],[[11.27641,44.09429],[11.27629,44.09425],[11.27624,44.09417]],[[11.27624,44.09417],[11.27625,44.09408],[11.27633,44.09403]],[[11.33314,44.1977],[11.33319,44.19808]],[[11.33319,44.19808],[11.33327,44.19847],[11.33325,44.19866],[11.33286,44.19898]],[[11.33286,44.19898],[11.33201,44.19955],[11.33149,44.19961],[11.33133,44.19968],[11.33129,44.19974]],[[11.28964,43.83718],[11.28894,43.83972],[11.28884,43.83988]],[[11.28964,43.83718],[11.28894,43.83972],[11.28884,43.83988]],[[11.28964,43.83718],[11.28894,43.83972],[11.28884,43.83988]],[[11.28964,43.83718],[11.28894,43.83972],[11.28884,43.83988]],[[11.28964,43.83718],[11.28894,43.83972],[11.28884,43.83988]],[[11.28964,43.83718],[11.28894,43.83972],[11.28884,43.83988]],[[11.28964,43.83718],[11.28894,43.83972],[11.28884,43.83988]],[[11.28964,43.83718],[11.28894,43.83972],[11.28884,43.83988]],[[11.28964,43.83718],[11.28894,43.83972],[11.28884,43.83988]],[[11.28954,43.84299],[11.28912,43.8422],[11.28882,43.84148],[11.28885,43.84083],[11.28875,43.84013],[11.28884,43.83988]],[[11.28954,43.84299],[11.28912,43.8422],[11.28882,43.84148],[11.28885,43.84083],[11.28875,43.84013],[11.28884,43.83988]],[[11.28954,43.84299],[11.28912,43.8422],[11.28882,43.84148],[11.28885,43.84083],[11.28875,43.84013],[11.28884,43.83988]],[[11.28954,43.84299],[11.28912,43.8422],[11.28882,43.84148],[11.28885,43.84083],[11.28875,43.84013],[11.28884,43.83988]],[[11.28994,43.84373],[11.28954,43.84299]],[[11.28994,43.84373],[11.28954,43.84299]],[[11.28994,43.84373],[11.28954,43.84299]],[[11.28994,43.84373],[11.28954,43.84299]],[[11.29066,43.84564],[11.29058,43.84527]],[[11.29173,43.84786],[11.29088,43.84618],[11.29066,43.84564]],[[11.29101,43.87345],[11.29086,43.8732],[11.29078,43.87295]],[[11.28283,43.89683],[11.28297,43.89645],[11.28521,43.89264],[11.28566,43.89212],[11.28592,43.89194],[11.28623,43.8918]],[[11.29183,43.87475],[11.29176,43.87462]],[[11.28623,43.8918],[11.28642,43.89152],[11.28664,43.89133],[11.28683,43.89123],[11.28776,43.891],[11.28805,43.89076],[11.28811,43.89029],[11.28827,43.88986],[11.2883,43.88967],[11.28798,43.88889],[11.288,43.88863],[11.28817,43.8883],[11.28883,43.88765],[11.28893,43.88747],[11.28891,43.88692],[11.2886,43.88642],[11.28853,43.88608],[11.28862,43.88564],[11.28911,43.88397],[11.28915,43.88368],[11.2891,43.88358],[11.28853,43.8831],[11.28844,43.88294],[11.28839,43.88269],[11.28899,43.88048]],[[11.29058,43.84527],[11.29055,43.84512]],[[11.29078,43.87295],[11.2908,43.87269],[11.29111,43.87211]],[[11.29111,43.87211],[11.29151,43.87134],[11.2915,43.87106],[11.29143,43.8707]],[[11.28292,43.91676],[11.283,43.91693]],[[11.283,43.91693],[11.28317,43.91727],[11.28339,43.91754],[11.28465,43.91851],[11.28481,43.91873],[11.28498,43.91925],[11.28495,43.92006],[11.28502,43.9203],[11.28532,43.92075],[11.28577,43.92118],[11.28823,43.92271],[11.28861,43.92335],[11.28866,43.92395],[11.28854,43.92447],[11.2886,43.92465],[11.28893,43.92515],[11.28983,43.92606]],[[11.283,43.91693],[11.28317,43.91727],[11.28339,43.91754],[11.28465,43.91851],[11.28481,43.91873],[11.28498,43.91925],[11.28495,43.92006],[11.28502,43.9203],[11.28532,43.92075],[11.28577,43.92118],[11.28823,43.92271],[11.28861,43.92335],[11.28866,43.92395],[11.28854,43.92447],[11.2886,43.92465],[11.28893,43.92515],[11.28983,43.92606]],[[11.283,43.91693],[11.28317,43.91727],[11.28339,43.91754],[11.28465,43.91851],[11.28481,43.91873],[11.28498,43.91925],[11.28495,43.92006],[11.28502,43.9203],[11.28532,43.92075],[11.28577,43.92118],[11.28823,43.92271],[11.28861,43.92335],[11.28866,43.92395],[11.28854,43.92447],[11.2886,43.92465],[11.28893,43.92515],[11.28983,43.92606]],[[11.283,43.91693],[11.28317,43.91727],[11.28339,43.91754],[11.28465,43.91851],[11.28481,43.91873],[11.28498,43.91925],[11.28495,43.92006],[11.28502,43.9203],[11.28532,43.92075],[11.28577,43.92118],[11.28823,43.92271],[11.28861,43.92335],[11.28866,43.92395],[11.28854,43.92447],[11.2886,43.92465],[11.28893,43.92515],[11.28983,43.92606]],[[11.2829,43.89717],[11.28283,43.89683]],[[11.30084,43.86254],[11.30012,43.8622]],[[11.29121,43.87374],[11.29101,43.87345]],[[11.2916,43.87593],[11.29189,43.87529],[11.29191,43.87501],[11.29183,43.87475]],[[11.29176,43.87462],[11.29121,43.87374]],[[11.29901,43.86136],[11.29856,43.86094],[11.29831,43.86045],[11.29781,43.85759],[11.29769,43.85741],[11.29723,43.8571],[11.29636,43.85612],[11.29619,43.8559],[11.2961,43.85565],[11.29607,43.85503],[11.29616,43.8546],[11.29644,43.85422],[11.29719,43.85375],[11.29743,43.85352],[11.29753,43.85334],[11.29756,43.85315],[11.29748,43.85277],[11.29735,43.8526],[11.29707,43.8524],[11.29651,43.8522],[11.29633,43.8521],[11.29618,43.85197],[11.29588,43.85156],[11.29525,43.85125],[11.29499,43.85108],[11.29466,43.85051],[11.29422,43.84995],[11.29404,43.84981],[11.29331,43.84947],[11.29295,43.84904],[11.29234,43.84853],[11.29173,43.84786]],[[11.29143,43.8707],[11.2914,43.87026],[11.29147,43.86973],[11.29165,43.86953],[11.29304,43.86915],[11.29446,43.86826],[11.29517,43.86765],[11.296,43.86755],[11.29625,43.86747],[11.29648,43.86723],[11.29721,43.8659],[11.29754,43.86552],[11.29778,43.86533],[11.29808,43.86527],[11.29868,43.86541],[11.29883,43.86541],[11.29897,43.86534],[11.29961,43.86445],[11.30095,43.86293],[11.301,43.86272],[11.30084,43.86254]],[[11.28899,43.88048],[11.28897,43.87994],[11.28913,43.87943],[11.28943,43.87905],[11.29029,43.87841],[11.29043,43.87825],[11.29136,43.87684],[11.2916,43.87593]],[[11.29037,43.8446],[11.28994,43.84373]],[[11.29037,43.8446],[11.28994,43.84373]],[[11.29037,43.8446],[11.28994,43.84373]],[[11.29037,43.8446],[11.28994,43.84373]],[[11.29055,43.84512],[11.29037,43.8446]],[[11.30012,43.8622],[11.29921,43.86151]],[[11.29921,43.86151],[11.29901,43.86136]],[[11.28258,43.90535],[11.28269,43.90507],[11.28308,43.90455]],[[11.28308,43.90455],[11.28316,43.90369],[11.28313,43.90283],[11.28305,43.90238],[11.28258,43.90118]],[[11.28277,43.90053],[11.28304,43.9002],[11.28311,43.90003],[11.28325,43.89932],[11.28362,43.89827],[11.28361,43.89807],[11.28352,43.89789],[11.2829,43.89717]],[[11.28258,43.90118],[11.28259,43.90093]],[[11.28259,43.90093],[11.28266,43.9007],[11.28277,43.90053]],[[11.28292,43.91676],[11.28294,43.91639]],[[11.28294,43.91639],[11.28297,43.91621]],[[11.28297,43.91621],[11.28302,43.91605],[11.28402,43.91453],[11.28403,43.91426],[11.28386,43.91357],[11.28371,43.91321],[11.28325,43.91241],[11.28303,43.91207],[11.28263,43.91187],[11.28211,43.91144],[11.28181,43.91086],[11.28178,43.9106],[11.28183,43.9103],[11.2822,43.90915],[11.28248,43.9057],[11.28258,43.90535]],[[11.30245,43.96193],[11.30216,43.96209],[11.30194,43.96234],[11.30177,43.96311],[11.30163,43.9633],[11.30033,43.9643]],[[11.30245,43.96193],[11.30216,43.96209],[11.30194,43.96234],[11.30177,43.96311],[11.30163,43.9633],[11.30033,43.9643]],[[11.30245,43.96193],[11.30216,43.96209],[11.30194,43.96234],[11.30177,43.96311],[11.30163,43.9633],[11.30033,43.9643]],[[11.30245,43.96193],[11.30216,43.96209],[11.30194,43.96234],[11.30177,43.96311],[11.30163,43.9633],[11.30033,43.9643]],[[11.30552,43.9407],[11.30657,43.94114]],[[11.30657,43.94114],[11.30807,43.94205],[11.30834,43.94231],[11.30849,43.94255],[11.30873,43.94336],[11.30979,43.94535],[11.30988,43.94564]],[[11.31058,43.95248],[11.31093,43.95267]],[[11.3114,43.95214],[11.31117,43.95235]],[[11.3114,43.95214],[11.31148,43.95241]],[[11.31093,43.95267],[11.31114,43.95282]],[[11.31143,43.95279],[11.31154,43.95271]],[[11.31158,43.95255],[11.31148,43.95241]],[[11.31117,43.95235],[11.311,43.95242]],[[11.311,43.95242],[11.31092,43.95253],[11.31093,43.95267]],[[11.31114,43.95282],[11.31143,43.95279]],[[11.31154,43.95271],[11.31158,43.95255]],[[11.31148,43.95241],[11.31135,43.95235],[11.31117,43.95235]],[[11.3059,43.95511],[11.30573,43.95557]],[[11.30573,43.95557],[11.3061,43.95613],[11.30619,43.95648],[11.30594,43.95882],[11.30567,43.95946]],[[11.30567,43.95946],[11.30521,43.96018],[11.30506,43.96037],[11.30483,43.96054]],[[11.30483,43.96054],[11.30362,43.96125]],[[11.30362,43.96125],[11.30288,43.96168]],[[11.31058,43.95248],[11.30823,43.95209],[11.30777,43.95209],[11.30752,43.95219],[11.30732,43.95231],[11.30715,43.95249],[11.3064,43.95349],[11.30631,43.95426],[11.3059,43.95511]],[[11.31149,43.94913],[11.31155,43.94927],[11.31156,43.95028],[11.31147,43.95083],[11.3114,43.95214]],[[11.31085,43.94776],[11.31149,43.94913]],[[11.30288,43.96168],[11.30245,43.96193]],[[11.29575,43.93402],[11.29812,43.93539],[11.30015,43.93635]],[[11.29172,43.9312],[11.29257,43.93186]],[[11.29257,43.93186],[11.29432,43.93318],[11.29575,43.93402]],[[11.30015,43.93635],[11.30064,43.93658],[11.30142,43.93714],[11.30169,43.93741],[11.30334,43.9395],[11.30358,43.93973],[11.30389,43.93998],[11.30552,43.9407]],[[11.30988,43.94564],[11.31021,43.94657],[11.31054,43.94726],[11.31085,43.94776]],[[11.31058,43.95248],[11.311,43.95242]],[[11.28983,43.92606],[11.29061,43.92689],[11.29073,43.92722],[11.29072,43.92749],[11.29007,43.92896],[11.29009,43.9292],[11.29048,43.92993],[11.29085,43.93046],[11.29129,43.9309],[11.29172,43.9312]],[[11.28983,43.92606],[11.29061,43.92689],[11.29073,43.92722],[11.29072,43.92749],[11.29007,43.92896],[11.29009,43.9292],[11.29048,43.92993],[11.29085,43.93046],[11.29129,43.9309],[11.29172,43.9312]],[[11.28983,43.92606],[11.29061,43.92689],[11.29073,43.92722],[11.29072,43.92749],[11.29007,43.92896],[11.29009,43.9292],[11.29048,43.92993],[11.29085,43.93046],[11.29129,43.9309],[11.29172,43.9312]],[[11.28983,43.92606],[11.29061,43.92689],[11.29073,43.92722],[11.29072,43.92749],[11.29007,43.92896],[11.29009,43.9292],[11.29048,43.92993],[11.29085,43.93046],[11.29129,43.9309],[11.29172,43.9312]]]}},{"type":"Feature","properties":{"s":"SS 67","t":"statale","n":"S.S. TOSCO-ROMAGNOLA (N. 67)"},"geometry":{"type":"MultiLineString","coordinates":[[[11.52317,43.89149],[11.5232,43.89098]],[[11.5232,43.89098],[11.52331,43.8903]],[[11.52331,43.8903],[11.52412,43.88981],[11.52428,43.88977]],[[11.52428,43.88977],[11.52473,43.89098]],[[11.52467,43.89114],[11.52534,43.89134]],[[11.52467,43.89114],[11.52473,43.89098]],[[11.52553,43.88735],[11.52565,43.88685],[11.52593,43.88606],[11.52641,43.88487],[11.52665,43.88446],[11.52716,43.88395],[11.5282,43.88328]],[[11.52622,43.89196],[11.52644,43.89197]],[[11.52622,43.89196],[11.52638,43.89178]],[[11.52638,43.89178],[11.52659,43.89188]],[[11.52644,43.89197],[11.52689,43.89203]],[[11.52659,43.89188],[11.52689,43.89203]],[[11.52937,43.87824],[11.52937,43.87797],[11.52954,43.87675],[11.52989,43.8757],[11.52996,43.87528],[11.52985,43.87467],[11.52916,43.87357],[11.52913,43.87344],[11.52915,43.87326],[11.52951,43.87225]],[[11.52937,43.87824],[11.52953,43.87875],[11.52921,43.87941],[11.5292,43.87958],[11.52956,43.88025],[11.5296,43.88045],[11.52959,43.88066]],[[11.52951,43.87225],[11.53017,43.87054],[11.53021,43.87038],[11.53019,43.87018]],[[11.53001,43.8684],[11.52971,43.86923],[11.52971,43.8694],[11.53013,43.86999],[11.53019,43.87018]],[[11.53001,43.8684],[11.53002,43.86793]],[[11.53002,43.86793],[11.52995,43.86699],[11.53001,43.86656]],[[11.5308,43.86433],[11.53085,43.86395]],[[11.53085,43.86395],[11.53108,43.86339],[11.53113,43.86305]],[[11.53111,43.86273],[11.53113,43.86305]],[[11.53111,43.86273],[11.53113,43.86305]],[[11.53111,43.86273],[11.53113,43.86305]],[[11.53111,43.86273],[11.53113,43.86305]],[[11.53111,43.86273],[11.53113,43.86305]],[[11.53111,43.86273],[11.53113,43.86305]],[[11.53111,43.86273],[11.53113,43.86305]],[[11.53111,43.86273],[11.53113,43.86305]],[[11.53111,43.86273],[11.53113,43.86305]],[[11.55121,43.90058],[11.55039,43.90035],[11.54998,43.90017],[11.54879,43.89926],[11.54856,43.89905],[11.54837,43.89877],[11.5482,43.89806],[11.54805,43.8978],[11.54778,43.8976],[11.54722,43.8974]],[[11.55464,43.90586],[11.55414,43.90547],[11.55372,43.90493],[11.55333,43.9028],[11.55323,43.90252],[11.55256,43.90166],[11.55227,43.90136],[11.55142,43.9007],[11.55121,43.90058]],[[11.55494,43.90608],[11.55464,43.90586]],[[11.55494,43.90608],[11.55637,43.90717],[11.55653,43.90742],[11.55651,43.90797],[11.55676,43.90813]],[[11.52534,43.89134],[11.52551,43.89139]],[[11.52528,43.89187],[11.52622,43.89196]],[[11.52421,43.89179],[11.52528,43.89187]],[[11.55676,43.90813],[11.55765,43.90858],[11.55785,43.90875],[11.5579,43.90891],[11.55776,43.90938],[11.55777,43.90954],[11.55794,43.90987],[11.55838,43.91029],[11.55917,43.91072],[11.56053,43.91115],[11.56097,43.91134],[11.56127,43.9115],[11.56151,43.91173]],[[11.55676,43.90813],[11.55765,43.90858],[11.55785,43.90875],[11.5579,43.90891],[11.55776,43.90938],[11.55777,43.90954],[11.55794,43.90987],[11.55838,43.91029],[11.55917,43.91072],[11.56053,43.91115],[11.56097,43.91134],[11.56127,43.9115],[11.56151,43.91173]],[[11.55676,43.90813],[11.55765,43.90858],[11.55785,43.90875],[11.5579,43.90891],[11.55776,43.90938],[11.55777,43.90954],[11.55794,43.90987],[11.55838,43.91029],[11.55917,43.91072],[11.56053,43.91115],[11.56097,43.91134],[11.56127,43.9115],[11.56151,43.91173]],[[11.55676,43.90813],[11.55765,43.90858],[11.55785,43.90875],[11.5579,43.90891],[11.55776,43.90938],[11.55777,43.90954],[11.55794,43.90987],[11.55838,43.91029],[11.55917,43.91072],[11.56053,43.91115],[11.56097,43.91134],[11.56127,43.9115],[11.56151,43.91173]],[[11.52551,43.89139],[11.52597,43.89152],[11.52638,43.89178]],[[11.52428,43.88977],[11.52495,43.88893]],[[11.52495,43.88893],[11.52533,43.88818],[11.52553,43.88735]],[[11.5282,43.88328],[11.52856,43.88294],[11.52915,43.88192]],[[11.52915,43.88192],[11.52955,43.88105],[11.52959,43.88066]],[[11.53001,43.86656],[11.53036,43.86566]],[[11.53036,43.86566],[11.53078,43.86497],[11.53081,43.86453]],[[11.53081,43.86453],[11.5308,43.86433]],[[11.52689,43.89203],[11.52775,43.89222],[11.52862,43.89235],[11.52962,43.89238],[11.53095,43.89235]],[[11.53095,43.89235],[11.53213,43.89225],[11.53353,43.89276],[11.5351,43.8929],[11.53611,43.8933],[11.53662,43.89392]],[[11.53662,43.89392],[11.53687,43.89403],[11.53937,43.89457],[11.54145,43.89481]],[[11.54145,43.89481],[11.54237,43.89492],[11.54296,43.89512]],[[11.54296,43.89512],[11.54355,43.89535],[11.54389,43.89557],[11.54402,43.89571],[11.54441,43.89639],[11.5446,43.89654],[11.54722,43.8974]],[[11.52405,43.89179],[11.52421,43.89179]],[[11.52317,43.89149],[11.52335,43.89164]],[[11.52335,43.89164],[11.52355,43.89173],[11.52405,43.89179]],[[11.44164,43.77101],[11.44237,43.77114],[11.44671,43.77151],[11.44741,43.77167],[11.44821,43.77195],[11.44871,43.77216],[11.44918,43.77245]],[[11.44164,43.77101],[11.44237,43.77114],[11.44671,43.77151],[11.44741,43.77167],[11.44821,43.77195],[11.44871,43.77216],[11.44918,43.77245]],[[11.44164,43.77101],[11.44237,43.77114],[11.44671,43.77151],[11.44741,43.77167],[11.44821,43.77195],[11.44871,43.77216],[11.44918,43.77245]],[[11.44164,43.77101],[11.44237,43.77114],[11.44671,43.77151],[11.44741,43.77167],[11.44821,43.77195],[11.44871,43.77216],[11.44918,43.77245]],[[11.46393,43.79253],[11.4644,43.79173],[11.46453,43.79159]],[[11.46393,43.79253],[11.4644,43.79173],[11.46453,43.79159]],[[11.46393,43.79253],[11.4644,43.79173],[11.46453,43.79159]],[[11.46393,43.79253],[11.4644,43.79173],[11.46453,43.79159]],[[11.45164,43.77378],[11.45204,43.77378]],[[11.45164,43.77378],[11.45166,43.77395]],[[11.45145,43.77384],[11.45166,43.77395]],[[11.45145,43.77384],[11.45138,43.77396],[11.45112,43.77416]],[[11.45137,43.77376],[11.4512,43.77354],[11.45108,43.77349],[11.45076,43.77347],[11.45065,43.77352],[11.45049,43.77367],[11.45049,43.774]],[[11.45149,43.77366],[11.45068,43.77314],[11.45029,43.77314],[11.44997,43.77327],[11.44979,43.77345],[11.44977,43.77358],[11.44981,43.7737],[11.44991,43.77381],[11.45055,43.77417]],[[11.44918,43.77245],[11.44948,43.77267],[11.45003,43.77324],[11.4502,43.77348]],[[11.4502,43.77348],[11.45049,43.774]],[[11.45049,43.774],[11.45055,43.77417]],[[11.45055,43.77417],[11.45066,43.77473]],[[11.45646,43.78335],[11.45736,43.78371],[11.45801,43.78423],[11.45839,43.78468]],[[11.45839,43.78468],[11.45947,43.78553],[11.45982,43.78575],[11.46016,43.78595],[11.46147,43.78651]],[[11.45403,43.7822],[11.45358,43.78232],[11.45304,43.78209],[11.45219,43.7816]],[[11.45166,43.78098],[11.45192,43.78133],[11.45219,43.7816]],[[11.45219,43.7816],[11.45274,43.78202],[11.45316,43.78226],[11.45365,43.78248],[11.45424,43.78267]],[[11.45424,43.78267],[11.45583,43.78311]],[[11.45583,43.78311],[11.45646,43.78335]],[[11.45761,43.78395],[11.4572,43.78371],[11.45594,43.78341],[11.45537,43.78308],[11.45445,43.78279],[11.45424,43.78267]],[[11.45164,43.77378],[11.45149,43.77366]],[[11.45149,43.77366],[11.45078,43.77295],[11.45049,43.77282],[11.44966,43.77263],[11.44918,43.77245]],[[11.45145,43.77384],[11.45137,43.77376]],[[11.45137,43.77376],[11.4512,43.7737],[11.45048,43.7737],[11.44992,43.77352],[11.44957,43.77321],[11.44938,43.77276],[11.44918,43.77245]],[[11.46453,43.79159],[11.46484,43.79099],[11.46499,43.79035],[11.46495,43.78936]],[[11.45403,43.7822],[11.45399,43.78234],[11.45403,43.78246],[11.45415,43.78254],[11.45564,43.78301],[11.45583,43.78311]],[[11.46343,43.78747],[11.46431,43.78792],[11.46461,43.78815],[11.46475,43.78832],[11.46488,43.78862],[11.46495,43.78936]],[[11.46343,43.78747],[11.46431,43.78792],[11.46461,43.78815],[11.46475,43.78832],[11.46488,43.78862],[11.46495,43.78936]],[[11.46343,43.78747],[11.46431,43.78792],[11.46461,43.78815],[11.46475,43.78832],[11.46488,43.78862],[11.46495,43.78936]],[[11.46343,43.78747],[11.46431,43.78792],[11.46461,43.78815],[11.46475,43.78832],[11.46488,43.78862],[11.46495,43.78936]],[[11.46147,43.78651],[11.4623,43.78688],[11.46343,43.78747]],[[11.46147,43.78651],[11.4623,43.78688],[11.46343,43.78747]],[[11.46147,43.78651],[11.4623,43.78688],[11.46343,43.78747]],[[11.46147,43.78651],[11.4623,43.78688],[11.46343,43.78747]],[[11.46147,43.78651],[11.4608,43.7863],[11.4602,43.78621],[11.45854,43.78613],[11.45835,43.78608]],[[11.46147,43.78651],[11.4608,43.7863],[11.4602,43.78621],[11.45854,43.78613],[11.45835,43.78608]],[[11.46147,43.78651],[11.4608,43.7863],[11.4602,43.78621],[11.45854,43.78613],[11.45835,43.78608]],[[11.46147,43.78651],[11.4608,43.7863],[11.4602,43.78621],[11.45854,43.78613],[11.45835,43.78608]],[[11.45066,43.77473],[11.45076,43.77528],[11.45077,43.77625],[11.45086,43.77699],[11.45106,43.77953],[11.45113,43.77989],[11.45137,43.7805],[11.45166,43.78098]],[[11.43869,43.77002],[11.439,43.77013]],[[11.39099,43.79155],[11.39043,43.79206],[11.39004,43.7923],[11.38953,43.7927]],[[11.393,43.79017],[11.39314,43.79007]],[[11.39252,43.79119],[11.39259,43.79113],[11.39285,43.79038]],[[11.43732,43.7696],[11.43757,43.76968]],[[11.43869,43.77002],[11.43757,43.76968]],[[11.41694,43.77421],[11.41715,43.77392],[11.41746,43.77368]],[[11.41746,43.77368],[11.41732,43.7737],[11.41647,43.77413]],[[11.41639,43.77518],[11.41686,43.77471]],[[11.41639,43.77518],[11.41639,43.77493],[11.41631,43.77469]],[[11.439,43.77013],[11.43856,43.77016],[11.43837,43.77025],[11.43827,43.77039],[11.4383,43.77071]],[[11.43818,43.77074],[11.43799,43.77006],[11.43757,43.76968]],[[11.43869,43.77002],[11.43868,43.76985],[11.43885,43.76975]],[[11.44066,43.7706],[11.44042,43.77036],[11.43956,43.76999]],[[11.43956,43.76999],[11.4393,43.76989]],[[11.43956,43.76999],[11.43944,43.7701]],[[11.4393,43.76989],[11.43896,43.76975],[11.43885,43.76975]],[[11.43732,43.7696],[11.43756,43.76955],[11.43818,43.76955],[11.43872,43.76964],[11.43885,43.7697],[11.43885,43.76975]],[[11.39285,43.79038],[11.393,43.79017]],[[11.404,43.78354],[11.40275,43.78425],[11.40096,43.78506],[11.39984,43.78563]],[[11.39252,43.79119],[11.39229,43.79127],[11.39153,43.7913]],[[11.39153,43.7913],[11.39123,43.79139],[11.39099,43.79155]],[[11.38635,43.79264],[11.38486,43.79231]],[[11.39314,43.79007],[11.39359,43.78968],[11.39453,43.78836]],[[11.38953,43.7927],[11.38875,43.79291]],[[11.38875,43.79291],[11.38836,43.793]],[[11.38836,43.793],[11.38758,43.79292],[11.38635,43.79264]],[[11.41631,43.77469],[11.41652,43.77476],[11.41686,43.77471]],[[11.41686,43.77471],[11.41706,43.77455]],[[11.41706,43.77455],[11.41706,43.77433]],[[11.41706,43.77433],[11.41694,43.77421]],[[11.41694,43.77421],[11.41681,43.77415],[11.41647,43.77413]],[[11.41647,43.77413],[11.41622,43.77425]],[[11.41622,43.77425],[11.41616,43.7744],[11.4162,43.77461]],[[11.4162,43.77461],[11.41631,43.77469]],[[11.439,43.77013],[11.44072,43.77074],[11.44164,43.77101]],[[11.439,43.77013],[11.44072,43.77074],[11.44164,43.77101]],[[11.439,43.77013],[11.44072,43.77074],[11.44164,43.77101]],[[11.439,43.77013],[11.44072,43.77074],[11.44164,43.77101]],[[11.39791,43.78622],[11.39807,43.78626]],[[11.41855,43.77335],[11.4178,43.77353],[11.41746,43.77368]],[[11.39788,43.78648],[11.39762,43.78657]],[[11.398,43.78646],[11.39788,43.78648]],[[11.39788,43.78648],[11.39773,43.7864]],[[11.39773,43.7864],[11.39762,43.78657]],[[11.39762,43.78657],[11.3966,43.78697]],[[11.39851,43.78621],[11.3981,43.78639]],[[11.39807,43.78626],[11.39851,43.78621]],[[11.39851,43.78621],[11.39984,43.78563]],[[11.39773,43.7864],[11.39773,43.78631]],[[11.39773,43.78631],[11.39791,43.78622]],[[11.39807,43.78626],[11.3981,43.78639]],[[11.3981,43.78639],[11.398,43.78646]],[[11.38486,43.79231],[11.38457,43.79216]],[[11.43944,43.7701],[11.43909,43.77052],[11.43886,43.77062],[11.43841,43.77069]],[[11.43841,43.77069],[11.4383,43.77071]],[[11.4383,43.77071],[11.43818,43.77074]],[[11.43944,43.7701],[11.43942,43.77003]],[[11.43942,43.77003],[11.43956,43.76999]],[[11.43942,43.77003],[11.4393,43.76989]],[[11.3966,43.78697],[11.39537,43.78748],[11.3951,43.78763],[11.39496,43.78774],[11.39453,43.78836]],[[11.40586,43.78266],[11.40517,43.78303],[11.404,43.78354]],[[11.41855,43.77335],[11.42782,43.77116],[11.42959,43.7707],[11.432,43.76984],[11.43303,43.76956],[11.43424,43.76937],[11.43529,43.76933],[11.43588,43.76937],[11.43732,43.7696]],[[11.40586,43.78266],[11.40631,43.78241],[11.40647,43.78226],[11.40713,43.78129],[11.40841,43.77989],[11.40862,43.77973],[11.41006,43.77922],[11.41137,43.7784],[11.41299,43.77751],[11.41558,43.77641],[11.4159,43.77604],[11.41639,43.77518]],[[11.38457,43.79216],[11.38417,43.79181],[11.3839,43.79072],[11.38361,43.79025],[11.38354,43.79017],[11.38336,43.79009],[11.38293,43.79007]],[[11.38457,43.79216],[11.38417,43.79181],[11.3839,43.79072],[11.38361,43.79025],[11.38354,43.79017],[11.38336,43.79009],[11.38293,43.79007]],[[11.38457,43.79216],[11.38417,43.79181],[11.3839,43.79072],[11.38361,43.79025],[11.38354,43.79017],[11.38336,43.79009],[11.38293,43.79007]],[[11.38457,43.79216],[11.38417,43.79181],[11.3839,43.79072],[11.38361,43.79025],[11.38354,43.79017],[11.38336,43.79009],[11.38293,43.79007]],[[11.38293,43.79007],[11.38227,43.79008],[11.38196,43.78998],[11.37997,43.78821],[11.37889,43.78749],[11.37839,43.78705],[11.37699,43.78658]],[[11.38293,43.79007],[11.38227,43.79008],[11.38196,43.78998],[11.37997,43.78821],[11.37889,43.78749],[11.37839,43.78705],[11.37699,43.78658]],[[11.38293,43.79007],[11.38227,43.79008],[11.38196,43.78998],[11.37997,43.78821],[11.37889,43.78749],[11.37839,43.78705],[11.37699,43.78658]],[[11.38293,43.79007],[11.38227,43.79008],[11.38196,43.78998],[11.37997,43.78821],[11.37889,43.78749],[11.37839,43.78705],[11.37699,43.78658]],[[11.46342,43.79345],[11.46393,43.79253]],[[11.46342,43.79345],[11.46393,43.79253]],[[11.46342,43.79345],[11.46393,43.79253]],[[11.46342,43.79345],[11.46393,43.79253]],[[11.49893,43.83741],[11.49886,43.83755]],[[11.48608,43.82301],[11.48602,43.8229]],[[11.49948,43.84323],[11.49945,43.84377]],[[11.49945,43.84377],[11.49942,43.84416]],[[11.5007,43.83956],[11.50032,43.83826],[11.50017,43.8379],[11.50009,43.83782],[11.49921,43.83756]],[[11.49853,43.83671],[11.49858,43.83469]],[[11.49858,43.83469],[11.49859,43.83428]],[[11.49859,43.83428],[11.4986,43.83387]],[[11.49862,43.8328],[11.4986,43.83229],[11.49843,43.83167],[11.4978,43.83049],[11.49725,43.82999],[11.49567,43.82876]],[[11.48799,43.82669],[11.48782,43.82658]],[[11.48665,43.82419],[11.48643,43.82375]],[[11.48574,43.82232],[11.4857,43.82224]],[[11.4857,43.82224],[11.4856,43.82204]],[[11.48145,43.81494],[11.48118,43.81472]],[[11.48118,43.81472],[11.48088,43.81448]],[[11.48359,43.81776],[11.48295,43.81645]],[[11.51648,43.85063],[11.51716,43.85148],[11.51774,43.85202]],[[11.51648,43.85063],[11.51716,43.85148],[11.51774,43.85202]],[[11.51648,43.85063],[11.51716,43.85148],[11.51774,43.85202]],[[11.51648,43.85063],[11.51716,43.85148],[11.51774,43.85202]],[[11.49933,43.84521],[11.49932,43.84539]],[[11.50131,43.84766],[11.50195,43.84822],[11.50267,43.8486]],[[11.47297,43.80795],[11.4704,43.80588],[11.47007,43.80551],[11.4698,43.80483],[11.46964,43.80256]],[[11.47364,43.80867],[11.47336,43.80832],[11.47297,43.80795]],[[11.4986,43.83387],[11.49862,43.8328]],[[11.48602,43.8229],[11.48574,43.82232]],[[11.48693,43.82479],[11.48665,43.82419]],[[11.52469,43.85734],[11.52588,43.858],[11.52803,43.85931]],[[11.52469,43.85734],[11.52588,43.858],[11.52803,43.85931]],[[11.52469,43.85734],[11.52588,43.858],[11.52803,43.85931]],[[11.52469,43.85734],[11.52588,43.858],[11.52803,43.85931]],[[11.49152,43.82726],[11.49104,43.8271],[11.49055,43.82725]],[[11.49567,43.82876],[11.49508,43.82841],[11.49436,43.82817]],[[11.49436,43.82817],[11.49348,43.82795]],[[11.49348,43.82795],[11.49327,43.82786]],[[11.49327,43.82786],[11.49247,43.82759]],[[11.48738,43.82576],[11.48693,43.82479]],[[11.48771,43.82641],[11.48738,43.82576]],[[11.52113,43.85659],[11.52168,43.85675],[11.52423,43.85717],[11.52469,43.85734]],[[11.52113,43.85659],[11.52168,43.85675],[11.52423,43.85717],[11.52469,43.85734]],[[11.52113,43.85659],[11.52168,43.85675],[11.52423,43.85717],[11.52469,43.85734]],[[11.52113,43.85659],[11.52168,43.85675],[11.52423,43.85717],[11.52469,43.85734]],[[11.49857,43.8371],[11.49853,43.83671]],[[11.49824,43.8375],[11.49819,43.83735],[11.49829,43.83718],[11.49857,43.8371]],[[11.53111,43.86273],[11.53109,43.8625],[11.53096,43.8621]],[[11.53111,43.86273],[11.53109,43.8625],[11.53096,43.8621]],[[11.53111,43.86273],[11.53109,43.8625],[11.53096,43.8621]],[[11.53111,43.86273],[11.53109,43.8625],[11.53096,43.8621]],[[11.53111,43.86273],[11.53109,43.8625],[11.53096,43.8621]],[[11.53111,43.86273],[11.53109,43.8625],[11.53096,43.8621]],[[11.53111,43.86273],[11.53109,43.8625],[11.53096,43.8621]],[[11.53111,43.86273],[11.53109,43.8625],[11.53096,43.8621]],[[11.53111,43.86273],[11.53109,43.8625],[11.53096,43.8621]],[[11.49857,43.8371],[11.49886,43.8372]],[[11.49886,43.8372],[11.49893,43.83741]],[[11.51931,43.8539],[11.51944,43.85417],[11.51968,43.85496],[11.51976,43.85512],[11.51987,43.85522]],[[11.51774,43.85202],[11.51799,43.85227],[11.51867,43.85314]],[[11.51867,43.85314],[11.51931,43.8539]],[[11.51987,43.85522],[11.52009,43.85538],[11.52083,43.85633],[11.52113,43.85659]],[[11.52861,43.85977],[11.52803,43.85931]],[[11.52899,43.8602],[11.52861,43.85977]],[[11.53059,43.86165],[11.52964,43.86095],[11.52899,43.8602]],[[11.53096,43.8621],[11.53091,43.862]],[[11.53091,43.862],[11.53083,43.86187],[11.53059,43.86165]],[[11.50267,43.8486],[11.50404,43.84932],[11.50545,43.84984]],[[11.50545,43.84984],[11.50565,43.84992]],[[11.46964,43.80256],[11.46961,43.80232],[11.46949,43.80213],[11.46789,43.80127],[11.46577,43.79988],[11.46318,43.79829],[11.46269,43.79794],[11.46198,43.79719],[11.46187,43.79698],[11.46177,43.79652],[11.46165,43.79571],[11.46167,43.7954],[11.46189,43.79508],[11.46321,43.79376],[11.46342,43.79345]],[[11.46964,43.80256],[11.46961,43.80232],[11.46949,43.80213],[11.46789,43.80127],[11.46577,43.79988],[11.46318,43.79829],[11.46269,43.79794],[11.46198,43.79719],[11.46187,43.79698],[11.46177,43.79652],[11.46165,43.79571],[11.46167,43.7954],[11.46189,43.79508],[11.46321,43.79376],[11.46342,43.79345]],[[11.46964,43.80256],[11.46961,43.80232],[11.46949,43.80213],[11.46789,43.80127],[11.46577,43.79988],[11.46318,43.79829],[11.46269,43.79794],[11.46198,43.79719],[11.46187,43.79698],[11.46177,43.79652],[11.46165,43.79571],[11.46167,43.7954],[11.46189,43.79508],[11.46321,43.79376],[11.46342,43.79345]],[[11.46964,43.80256],[11.46961,43.80232],[11.46949,43.80213],[11.46789,43.80127],[11.46577,43.79988],[11.46318,43.79829],[11.46269,43.79794],[11.46198,43.79719],[11.46187,43.79698],[11.46177,43.79652],[11.46165,43.79571],[11.46167,43.7954],[11.46189,43.79508],[11.46321,43.79376],[11.46342,43.79345]],[[11.48088,43.81448],[11.47929,43.81309]],[[11.49893,43.83741],[11.49921,43.83756]],[[11.47929,43.81309],[11.47776,43.81178],[11.47535,43.81022],[11.47421,43.80939],[11.47407,43.80927],[11.47364,43.80867]],[[11.47929,43.81309],[11.47776,43.81178],[11.47535,43.81022],[11.47421,43.80939],[11.47407,43.80927],[11.47364,43.80867]],[[11.47929,43.81309],[11.47776,43.81178],[11.47535,43.81022],[11.47421,43.80939],[11.47407,43.80927],[11.47364,43.80867]],[[11.47929,43.81309],[11.47776,43.81178],[11.47535,43.81022],[11.47421,43.80939],[11.47407,43.80927],[11.47364,43.80867]],[[11.48295,43.81645],[11.48264,43.81599]],[[11.48943,43.82714],[11.48921,43.82706]],[[11.48921,43.82706],[11.4891,43.82703]],[[11.4891,43.82703],[11.48799,43.82669]],[[11.49886,43.83755],[11.49867,43.83763],[11.49841,43.83761]],[[11.49921,43.83756],[11.49886,43.83755]],[[11.49055,43.82725],[11.49014,43.82734]],[[11.49014,43.82734],[11.48943,43.82714]],[[11.5007,43.83956],[11.5008,43.84013],[11.50069,43.8404],[11.49984,43.84139],[11.49972,43.84163],[11.49954,43.84234],[11.49948,43.84323]],[[11.50565,43.84992],[11.50671,43.85025],[11.51004,43.8505],[11.51236,43.85025],[11.5136,43.84983],[11.51472,43.84972],[11.51546,43.84986],[11.51592,43.85002],[11.5161,43.85015],[11.51648,43.85063]],[[11.50565,43.84992],[11.50671,43.85025],[11.51004,43.8505],[11.51236,43.85025],[11.5136,43.84983],[11.51472,43.84972],[11.51546,43.84986],[11.51592,43.85002],[11.5161,43.85015],[11.51648,43.85063]],[[11.50565,43.84992],[11.50671,43.85025],[11.51004,43.8505],[11.51236,43.85025],[11.5136,43.84983],[11.51472,43.84972],[11.51546,43.84986],[11.51592,43.85002],[11.5161,43.85015],[11.51648,43.85063]],[[11.50565,43.84992],[11.50671,43.85025],[11.51004,43.8505],[11.51236,43.85025],[11.5136,43.84983],[11.51472,43.84972],[11.51546,43.84986],[11.51592,43.85002],[11.5161,43.85015],[11.51648,43.85063]],[[11.49942,43.84416],[11.4994,43.84445]],[[11.4994,43.84445],[11.49933,43.84521]],[[11.48643,43.82375],[11.48626,43.82338]],[[11.48626,43.82338],[11.48608,43.82301]],[[11.49841,43.83761],[11.49824,43.8375]],[[11.48463,43.81995],[11.484,43.81861]],[[11.484,43.81861],[11.48359,43.81776]],[[11.48264,43.81599],[11.48241,43.81578]],[[11.48241,43.81578],[11.48145,43.81494]],[[11.49932,43.84539],[11.49935,43.84565],[11.49949,43.84598],[11.50004,43.84653]],[[11.50004,43.84653],[11.50131,43.84766]],[[11.49247,43.82759],[11.49198,43.82742]],[[11.49198,43.82742],[11.49152,43.82726]],[[11.4856,43.82204],[11.48519,43.82115]],[[11.48519,43.82115],[11.48463,43.81995]],[[11.48782,43.82658],[11.48776,43.82651]],[[11.48776,43.82651],[11.48771,43.82641]],[[11.61795,43.92596],[11.61801,43.9261]],[[11.61925,43.92495],[11.61927,43.92507],[11.61905,43.92527],[11.61867,43.92527]],[[11.61867,43.92527],[11.61841,43.92536],[11.61795,43.92566],[11.61787,43.92587],[11.61795,43.92596]],[[11.61801,43.9261],[11.6181,43.92627],[11.61879,43.92645],[11.6192,43.92671]],[[11.61189,43.92647],[11.61207,43.92667],[11.61238,43.92675],[11.61321,43.9266],[11.61336,43.92653]],[[11.56726,43.91698],[11.56637,43.91676]],[[11.61738,43.92552],[11.61804,43.92509],[11.61925,43.92495]],[[11.61067,43.92764],[11.611,43.92709],[11.61105,43.92688],[11.61101,43.92643],[11.61109,43.92628],[11.61147,43.92601],[11.61175,43.92601],[11.61186,43.9261],[11.61189,43.92647]],[[11.60874,43.92747],[11.61015,43.9278],[11.61038,43.92778],[11.61067,43.92764]],[[11.60466,43.92635],[11.60578,43.92641],[11.60663,43.92658],[11.60791,43.92696],[11.60874,43.92747]],[[11.59423,43.92615],[11.59488,43.92613],[11.59527,43.92636],[11.59548,43.92641],[11.59608,43.92637],[11.59653,43.92624],[11.59704,43.926],[11.5975,43.92547],[11.59775,43.92525],[11.59798,43.92516],[11.59837,43.92513],[11.59896,43.92531],[11.60027,43.92615],[11.60057,43.92627],[11.60155,43.92635],[11.60466,43.92635]],[[11.66901,43.96069],[11.66934,43.96108],[11.66941,43.96179],[11.66952,43.96206],[11.66993,43.96262],[11.67048,43.96309],[11.67047,43.96334],[11.67018,43.96383],[11.67007,43.9641],[11.66999,43.9648]],[[11.65917,43.9483],[11.65989,43.94834],[11.66031,43.94855],[11.66048,43.94872],[11.66049,43.94914],[11.66031,43.94948],[11.66027,43.95008],[11.66071,43.95069],[11.661,43.95076],[11.66144,43.95059],[11.66219,43.9505],[11.66247,43.95055],[11.66255,43.95064],[11.66266,43.95092],[11.66265,43.95137],[11.6627,43.95154],[11.66305,43.9519],[11.66308,43.952],[11.66287,43.95244],[11.6629,43.95257],[11.66298,43.95262],[11.66317,43.95262],[11.66366,43.95235],[11.66417,43.95223],[11.66443,43.9523],[11.66494,43.95259],[11.66504,43.95278],[11.66482,43.95339],[11.66476,43.95375],[11.66481,43.95388],[11.66489,43.95393],[11.66508,43.95391],[11.66584,43.95334],[11.66604,43.95328],[11.66674,43.9534],[11.66701,43.95353],[11.66724,43.95402],[11.66713,43.95464],[11.66714,43.95483],[11.66752,43.95548],[11.66745,43.95563],[11.66687,43.9561],[11.66679,43.95625],[11.66688,43.95636],[11.66742,43.95644],[11.66755,43.95656],[11.66759,43.95671],[11.66749,43.95706],[11.66751,43.95726],[11.66776,43.95788],[11.66831,43.95835],[11.66834,43.9585],[11.66822,43.95876],[11.66819,43.95895],[11.66865,43.9595],[11.66899,43.96007],[11.66901,43.96069]],[[11.65865,43.93941],[11.65815,43.94056],[11.65824,43.94079],[11.65904,43.94119],[11.66003,43.94123],[11.66024,43.94136],[11.66043,43.94161],[11.66038,43.94225],[11.66003,43.94323],[11.65984,43.94323],[11.65979,43.9431],[11.65993,43.94266],[11.65999,43.94177],[11.65988,43.9417],[11.65976,43.94179],[11.65957,43.9426]],[[11.65249,43.93473],[11.6528,43.93423],[11.65362,43.93382],[11.65408,43.93328],[11.65471,43.93298],[11.65539,43.93257],[11.65591,43.93245],[11.6563,43.93247],[11.65657,43.93255],[11.65666,43.93265],[11.65678,43.93326],[11.65718,43.9338],[11.65742,43.93398],[11.65766,43.93406],[11.65783,43.93422],[11.65777,43.9347],[11.65779,43.93496],[11.65784,43.93513],[11.65811,43.93545],[11.65812,43.93555]],[[11.65812,43.93555],[11.65794,43.9359],[11.65791,43.93616],[11.65814,43.93713],[11.65843,43.93754],[11.65824,43.93806],[11.65823,43.93823],[11.65864,43.93908],[11.65865,43.93941]],[[11.65957,43.9426],[11.65908,43.94315],[11.6589,43.94311],[11.65889,43.94298],[11.65914,43.94257],[11.6592,43.94232],[11.65916,43.94206],[11.65902,43.94203],[11.65861,43.94275],[11.65853,43.94309],[11.6587,43.9433],[11.65924,43.94351],[11.65954,43.94369],[11.65965,43.94386],[11.65978,43.94431],[11.65981,43.94443],[11.65975,43.9445],[11.65965,43.9445],[11.65924,43.94415],[11.65876,43.94407],[11.65853,43.94395],[11.65846,43.94386],[11.65838,43.94351],[11.65816,43.94331],[11.65797,43.94326],[11.65789,43.94329],[11.65782,43.94334],[11.65777,43.94351],[11.65782,43.94366],[11.65823,43.9441],[11.65888,43.94453],[11.65909,43.94486],[11.65933,43.94508],[11.65933,43.94514],[11.65917,43.94518],[11.65903,43.94512],[11.65873,43.94471],[11.65857,43.9446],[11.65825,43.94449],[11.65806,43.94451]],[[11.65806,43.94451],[11.65765,43.94482],[11.65763,43.94498],[11.65768,43.94506],[11.65863,43.94599],[11.65888,43.94618],[11.65919,43.94633],[11.65933,43.94651],[11.65929,43.94696],[11.65955,43.94756],[11.65952,43.94767],[11.65908,43.94809],[11.6591,43.94823],[11.65917,43.9483]],[[11.62059,43.92971],[11.62048,43.92977],[11.62047,43.92982],[11.62058,43.92994],[11.62119,43.92996],[11.62141,43.9301],[11.62146,43.9303],[11.62144,43.93066],[11.62154,43.93079],[11.62174,43.93083],[11.62231,43.93064],[11.62246,43.93068],[11.62255,43.93096]],[[11.58599,43.92585],[11.58736,43.92598],[11.58784,43.92609],[11.58827,43.9263],[11.58895,43.92681],[11.5894,43.92691],[11.59013,43.92688],[11.59054,43.9267],[11.59081,43.92651],[11.59118,43.92641],[11.59192,43.92646],[11.59275,43.92631],[11.59423,43.92615]],[[11.62477,43.93568],[11.62433,43.93596],[11.62407,43.93645],[11.62405,43.93662],[11.6242,43.93696],[11.6242,43.93706],[11.62401,43.9374],[11.624,43.93757],[11.62436,43.93832],[11.62482,43.93859],[11.62497,43.93862]],[[11.62497,43.93862],[11.62527,43.9386],[11.62541,43.93851],[11.62546,43.93806],[11.62556,43.93779],[11.62566,43.9377],[11.62601,43.93762],[11.62619,43.93748],[11.62692,43.93736],[11.62746,43.937],[11.62831,43.93682],[11.6287,43.93654],[11.62938,43.93656],[11.6298,43.93634],[11.63017,43.93634],[11.63039,43.93629],[11.63125,43.93591],[11.63153,43.93592],[11.63182,43.93607],[11.63204,43.93606],[11.63221,43.93596],[11.63257,43.93539],[11.63267,43.93531],[11.63282,43.9353],[11.63337,43.93539]],[[11.64274,43.93186],[11.64353,43.9321],[11.64387,43.932],[11.64424,43.93201],[11.64439,43.93192],[11.6446,43.9314],[11.64466,43.93136],[11.6457,43.93135],[11.64582,43.93141],[11.64593,43.93173],[11.64622,43.93213],[11.64634,43.93248],[11.64645,43.93261],[11.64673,43.93261],[11.64718,43.93228],[11.64734,43.93228],[11.64747,43.93237],[11.64746,43.93249],[11.64734,43.93258],[11.64698,43.93266],[11.64649,43.93293],[11.64633,43.93293],[11.64621,43.93285],[11.64564,43.93215],[11.64539,43.93203],[11.64524,43.93212],[11.64497,43.93253],[11.64463,43.93281],[11.64413,43.93285],[11.64355,43.93303],[11.64292,43.93298],[11.64276,43.93302],[11.64276,43.93309],[11.64282,43.93314],[11.64356,43.93362],[11.6443,43.93435],[11.64464,43.93503],[11.64471,43.93522],[11.64469,43.93527]],[[11.64469,43.93527],[11.64448,43.93554],[11.64452,43.93568],[11.64469,43.93583],[11.64473,43.93593],[11.64468,43.93604],[11.64456,43.9361],[11.64382,43.93625],[11.64368,43.93622],[11.64337,43.93594],[11.64328,43.93592],[11.6431,43.93596],[11.64305,43.9361],[11.64318,43.93621],[11.6436,43.93639],[11.64443,43.93656],[11.64497,43.93675],[11.64513,43.93669],[11.64518,43.93661],[11.64545,43.93583],[11.64568,43.93552],[11.64574,43.93497],[11.64591,43.93496],[11.64615,43.9351],[11.64633,43.93523],[11.64651,43.93548]],[[11.64651,43.93548],[11.64668,43.93557],[11.64727,43.93572],[11.64782,43.93609],[11.64813,43.9362],[11.64868,43.93609],[11.64918,43.93627],[11.64967,43.93627],[11.64986,43.9362],[11.65014,43.93584],[11.65069,43.93566],[11.65117,43.93561],[11.65217,43.93508],[11.65235,43.93496],[11.65249,43.93473]],[[11.66999,43.9648],[11.66978,43.965],[11.6694,43.96523],[11.66932,43.96534],[11.66933,43.96545]],[[11.66933,43.96545],[11.66942,43.96554],[11.66956,43.96559],[11.6704,43.96572],[11.67096,43.9661]],[[11.67096,43.9661],[11.67163,43.96655]],[[11.56637,43.91676],[11.56515,43.91625]],[[11.56637,43.91676],[11.56515,43.91625]],[[11.56637,43.91676],[11.56515,43.91625]],[[11.56637,43.91676],[11.56515,43.91625]],[[11.56515,43.91625],[11.56313,43.91544],[11.5621,43.91445],[11.56149,43.91271],[11.56149,43.91254],[11.5616,43.9121],[11.56159,43.91191],[11.56151,43.91173]],[[11.56515,43.91625],[11.56313,43.91544],[11.5621,43.91445],[11.56149,43.91271],[11.56149,43.91254],[11.5616,43.9121],[11.56159,43.91191],[11.56151,43.91173]],[[11.56515,43.91625],[11.56313,43.91544],[11.5621,43.91445],[11.56149,43.91271],[11.56149,43.91254],[11.5616,43.9121],[11.56159,43.91191],[11.56151,43.91173]],[[11.56515,43.91625],[11.56313,43.91544],[11.5621,43.91445],[11.56149,43.91271],[11.56149,43.91254],[11.5616,43.9121],[11.56159,43.91191],[11.56151,43.91173]],[[11.57411,43.9223],[11.57406,43.92225]],[[11.5743,43.92254],[11.57411,43.9223]],[[11.57406,43.92225],[11.57324,43.92162],[11.57245,43.92136]],[[11.57245,43.92136],[11.5716,43.921],[11.57124,43.92075],[11.57091,43.92043]],[[11.57566,43.92368],[11.57506,43.92324]],[[11.57506,43.92324],[11.57463,43.92289],[11.5743,43.92254]],[[11.57566,43.92368],[11.57617,43.92403]],[[11.57617,43.92403],[11.57753,43.92485]],[[11.57753,43.92485],[11.57785,43.92494],[11.57994,43.92524],[11.58023,43.92543],[11.58059,43.92579],[11.5815,43.92626],[11.58238,43.92683],[11.58291,43.92726]],[[11.58291,43.92726],[11.58323,43.92729],[11.58355,43.92718],[11.58393,43.92696],[11.58504,43.9261],[11.58549,43.92592],[11.58599,43.92585]],[[11.62255,43.93096],[11.62259,43.93141],[11.62234,43.93193],[11.62228,43.9322],[11.62231,43.93235],[11.62248,43.9325]],[[11.62248,43.9325],[11.62275,43.93254],[11.62319,43.93238],[11.62342,43.9324],[11.62385,43.93312],[11.62389,43.93348],[11.62401,43.93363],[11.62454,43.93398],[11.62514,43.93409],[11.62541,43.93431],[11.62556,43.93512],[11.62553,43.93532],[11.62534,43.93547],[11.62477,43.93568]],[[11.63771,43.93508],[11.63838,43.93522],[11.63874,43.93522],[11.63887,43.93514],[11.63885,43.93501],[11.63861,43.93479],[11.63845,43.93434],[11.63847,43.93407],[11.6386,43.93385]],[[11.6386,43.93385],[11.63937,43.93362],[11.63983,43.93338],[11.64015,43.93336],[11.64028,43.93327],[11.64022,43.93314],[11.63982,43.93295],[11.63909,43.93284],[11.63876,43.93269]],[[11.63337,43.93539],[11.63395,43.93543],[11.63418,43.93575],[11.63435,43.93575],[11.63442,43.93571],[11.63452,43.93555],[11.63465,43.93513],[11.63459,43.93496],[11.63432,43.93465],[11.63435,43.93454],[11.63446,43.93447],[11.63506,43.93433],[11.63535,43.93437],[11.63589,43.93477],[11.6358,43.93567],[11.6359,43.93601],[11.6363,43.93645],[11.6366,43.93655],[11.63693,43.93646],[11.63709,43.93635],[11.63718,43.93556],[11.63745,43.93524],[11.63771,43.93508]],[[11.63876,43.93269],[11.63801,43.93223],[11.63724,43.93209]],[[11.63724,43.93209],[11.63721,43.932],[11.63728,43.93194],[11.63793,43.93189]],[[11.63793,43.93189],[11.63856,43.93178],[11.63921,43.9316]],[[11.63921,43.9316],[11.64044,43.93196],[11.64089,43.93226],[11.64111,43.93232],[11.64147,43.93231],[11.64168,43.93226],[11.64222,43.93188],[11.64248,43.93182],[11.64274,43.93186]],[[11.61336,43.92653],[11.61333,43.92641],[11.61292,43.92595],[11.61294,43.92583],[11.61314,43.92569],[11.61341,43.92565],[11.61428,43.92567],[11.61563,43.92581]],[[11.61563,43.92581],[11.61673,43.92575],[11.61708,43.92566],[11.61738,43.92552]],[[11.6192,43.92671],[11.61938,43.92692],[11.61961,43.92734],[11.61982,43.92755],[11.62175,43.92882],[11.62254,43.92925],[11.6227,43.92943],[11.62269,43.92954],[11.6223,43.9299],[11.62204,43.92999],[11.62164,43.92997],[11.62086,43.92971],[11.62059,43.92971]],[[11.57091,43.92043],[11.57073,43.92016],[11.57058,43.91981],[11.57043,43.9191],[11.56882,43.9176],[11.56837,43.91727]],[[11.56837,43.91727],[11.56791,43.91711],[11.56726,43.91698]]]}}]}